Year,Month,Day,TotalPrecip,SolarHours,AvgCloud,MinTemp,AvgTemp,AvgSeaLevelPressure,AvgWindSpeed
1996,5,24,0,8.7,3.8,12.9,15.8,13.4,3.1
1996,5,25,0,12.9,0.5,12,17.9,12.2,2.4
1996,5,26,0,12.5,2.3,14.7,22.3,10.9,2.7
1996,5,27,0,12,8.8,17.2,22.2,12.8,2.5
1996,5,28,0,10.8,7,16.8,21.4,15.5,2.9
1996,5,29,0,6.1,10,18.1,21.7,17.1,2.4
1996,5,30,0,7.7,9.8,18.7,22.3,17.2,2.8
1996,5,31,0,3.7,8.8,19.2,20.8,19.1,3.5
1996,6,1,0,5.3,10,17.2,19.7,16.8,3.9
1996,6,2,0,11,4.3,15.3,23,16.4,2.9
1996,6,3,4.5,4.1,10,19.7,23.9,18.7,4.7
1996,6,4,8,3.8,9.5,16.2,20.6,17.6,5.2
1996,6,5,0,12.7,6.3,13.2,17.4,11.6,5.3
1996,6,6,0,13,1,13.3,18.9,10.8,5.3
1996,6,7,0,5.5,7.8,15.7,21.2,15.1,2.1
1996,6,8,5.5,0,10,17.7,19.6,17.8,2.5
1996,6,9,17,0,10,17.4,19.2,20,2.3
1996,6,10,13,0,10,18.6,20,21.2,2.8
1996,6,11,5,0,10,18.4,19.3,20.8,3.4
1996,6,12,0,0.7,10,17.9,19.2,18.2,2.4
1996,6,13,0,11.4,6.5,16.4,21,18.7,3.8
1996,6,14,0,1.6,10,19.1,23.2,20.8,2.6
1996,6,15,23,1.7,10,20.2,22.3,22.9,4.7
1996,6,16,0.5,0.5,9.3,20.2,23.6,22.8,2.7
1996,6,17,9.5,0.1,10,20.8,23.2,24.4,2.6
1996,6,18,28,4.7,8.3,16.5,24.6,21.2,7.9
1996,6,19,3.5,0.8,9,15.8,18.7,17.4,8.5
1996,6,20,0,4.7,9.8,17.5,20.8,19.2,3.4
1996,6,21,4,0.2,10,18.2,21.8,22.4,5.3
1996,6,22,0,4.7,9.5,20.1,22.5,21.5,1.9
1996,6,23,0,9.4,7.5,19.9,23,20.4,2.3
1996,6,24,28,0,10,19.7,21.5,22.5,3
1996,6,25,187.5,0,10,18.8,21,24.2,4.8
1996,6,26,4.5,1.4,10,18,20.1,20.6,3.8
1996,6,27,0,5,9.5,18.6,21.8,21.2,2.5
1996,6,28,1,1.6,9.5,20.1,23.4,22.7,6.9
1996,6,29,0,7.3,10,19,21.7,19.5,3
1996,6,30,0,1.5,8.3,21.6,25.5,20.8,6.7
1996,7,1,0,4.7,9.5,22.1,24.3,21.6,4
1996,7,2,0,5.8,7.8,20.2,24.6,21.7,3
1996,7,3,4.5,4.8,8,18.8,22.9,22.4,3.3
1996,7,4,1,1.1,10,17.8,19.7,19.6,3.2
1996,7,5,23.5,0.6,10,17.7,21.4,21.5,6.8
1996,7,6,0.5,6,9.8,17.5,19.8,18,5.1
1996,7,7,0,1.6,10,18.6,20.3,19.1,5.6
1996,7,8,1,0,9.8,18.9,20.8,21.5,2.6
1996,7,9,0,3.5,8.3,18.5,22.2,21.5,3.4
1996,7,10,0,1.9,10,20.1,21.9,21.8,4.6
1996,7,11,1,0.2,9.8,18,19.2,19.9,3.2
1996,7,12,0,8.6,4,17.2,20.3,18.8,2.9
1996,7,13,0,11.9,6,18.8,24.3,19.5,2.5
1996,7,14,0,6.9,8.5,22.9,26.7,26.3,2.3
1996,7,15,0,3.5,8.3,24.5,26.9,27.2,2.6
1996,7,16,0,12.5,5.8,24.5,29.3,25.6,2.4
1996,7,17,0,12.5,1.5,25.3,29.1,26.4,3.3
1996,7,18,0,13.3,1.3,24.8,28.6,26.2,3.4
1996,7,19,0,13.1,0,25,29.3,27.2,4.8
1996,7,20,0,8,7.8,23.3,27.5,26.8,3.7
1996,7,21,0,7,7.5,23.4,25.6,25.2,2.9
1996,7,22,7.5,1.9,9.5,24,27.5,26.8,2.1
1996,7,23,3,3.5,9.5,24.5,26.2,28.3,5.1
1996,7,24,0,9.9,5.5,23.2,26.6,26.3,2.9
1996,7,25,0,12.6,0.3,23.8,28.5,25.1,2.6
1996,7,26,0,11.7,0.8,25.9,29.3,27.2,2.6
1996,7,27,0,11.5,2.8,26,28.9,26.2,2.7
1996,7,28,0,10.6,7.3,25,28.8,25.7,2.7
1996,7,29,0,11.4,4.3,25,29.1,27,2.4
1996,7,30,0,7.4,6,26.2,29.8,26.8,2.7
1996,7,31,0,10.5,6.8,26.1,29.9,26,2.3
1996,8,1,0,12.2,7.8,25.9,29.1,27.2,3.1
1996,8,2,0,11,1.3,25,28,27.9,3.5
1996,8,3,0,12.8,1,24.2,28.6,27.5,2.5
1996,8,4,1.5,7.7,3.5,26.1,28.6,28.2,4.8
1996,8,5,0,11.9,3.5,22.8,26,23.3,4.2
1996,8,6,0,11.7,4.8,21.1,26,22.5,4.7
1996,8,7,0,5.8,9.3,24.1,27.7,24.8,2.8
1996,8,8,0,9.6,5.5,25.4,28.6,24.6,2.4
1996,8,9,0,8.4,5.3,25.5,27.9,25,2.5
1996,8,10,0,11.1,0.3,24.4,27.7,26.2,2.9
1996,8,11,0,11.6,1.8,24.6,27.9,26.1,2.8
1996,8,12,0,9.3,4,25.1,28.5,26.2,3.3
1996,8,13,0,11.7,5.3,25.8,29.7,25.2,3.1
1996,8,14,0,6.1,8.5,26.3,31.6,25.4,4.2
1996,8,15,53,0.8,9.5,24.9,26.3,30.8,7.9
1996,8,16,1,9,5.8,23.8,26.3,26.5,3.2
1996,8,17,0,12.5,1.8,22.1,25.9,24.1,3.5
1996,8,18,0,12.5,0.8,22.1,26,24.7,3.8
1996,8,19,0,12.4,0.5,22.3,26.2,23.4,4.3
1996,8,20,0,11.9,0.5,21.6,25.9,23.2,2.6
1996,8,21,0,8.8,5.5,23,26.8,25.2,2.5
1996,8,22,0,7.3,9,23.8,27.5,25.4,2.2
1996,8,23,6,2.4,8.3,22.5,26.8,24.5,3.6
1996,8,24,4,2.2,8.3,19.9,22.9,21.4,5.4
1996,8,25,0,7.1,7.8,18.6,23,17.8,4.9
1996,8,26,0,3.4,10,21.7,24.4,21.5,2.5
1996,8,27,29,0,10,19.1,20.6,22.7,2.7
1996,8,28,24.5,0,10,20,21.4,23.7,2.6
1996,8,29,2,0.5,10,20.6,23.6,24.3,2.1
1996,8,30,0,7.7,6.8,21,24.5,24.8,3.6
1996,8,31,0,6.1,8,23.8,26.8,27.2,3.8
1996,9,1,8,0.2,9,21.9,23.6,25.5,2.9
1996,9,2,0,5.5,7,20.8,23.3,22,4.9
1996,9,3,0,10,1.3,18.9,22.7,18.9,4.5
1996,9,4,0,6.4,6,19.1,23.6,20.5,2.4
1996,9,5,2.5,9.3,6,20.6,23.7,21.7,2.6
1996,9,6,0.5,2,10,20.5,23.6,21.1,2.6
1996,9,7,30.5,6.1,6,18.5,22.1,20.8,4.1
1996,9,8,0,9.1,4.3,16.5,22.2,17,3.5
1996,9,9,78.5,0,10,19.1,20.6,22.4,2.6
1996,9,10,1,5.3,8.5,18.7,21.9,20.8,4.2
1996,9,11,0,10.7,5.3,16.3,21.6,16.9,3.7
1996,9,12,0,9.1,4.3,18.2,23.3,19.1,3
1996,9,13,10,0,10,17,19.8,18.9,2.5
1996,9,14,2,1,8.3,16.5,20.3,20,2.5
1996,9,15,0,11.3,2,18.8,22.6,19.7,2.9
1996,9,16,0,9.3,5,18.4,23.8,19.1,2.4
1996,9,17,27.5,2.5,7.3,18.9,21.4,20.5,2.4
1996,9,18,0,6.8,3.5,18,22.3,20.1,3.2
1996,9,19,0,8.3,7.3,18.5,22.7,19.9,2.5
1996,9,20,16,0,10,19.1,21.4,21.7,3.3
1996,9,21,0,1.9,9.8,18.8,21.1,19.5,4.5
1996,9,22,2.5,0,10,19.9,21.1,20.4,7
1996,9,23,0.5,6,5.8,16,20.8,16.5,4.5
1996,9,24,0,11.4,1.5,14.1,19.8,15.7,2.3
1996,9,25,0,3.6,8.3,17,21.7,18,1.8
1996,9,26,0,1,8.3,18.7,21.2,19.2,2.4
1996,9,27,0,9.1,3.8,15.4,19.3,14,4.4
1996,9,28,0,10.3,7,12.4,18,13.6,4.9
1996,9,29,0,3.6,10,14.8,18.9,15.4,2.5
1996,9,30,0,0,10,17.4,18.8,16.4,2.1
1996,10,1,0,2.4,7.5,16.8,19.7,17,3
1996,10,2,0,3.7,9,16.5,20,17,3.3
1996,10,3,13.5,3.6,7.3,15.2,19,17,2.9
1996,10,4,0.5,6.3,5.3,14.2,18.6,15.1,4.9
1996,10,5,0,8.9,5,15.4,19.4,16.5,3.1
1996,10,6,0,7,6.8,15.9,20.5,16.1,3.2
1996,10,7,23,0,10,14,18.3,16.4,5.4
1996,10,8,4,0,10,13.8,15.5,15.6,2.4
1996,10,9,2.5,6.7,6.8,13.4,17.2,13.5,3
1996,10,10,0,10.7,0.3,11.4,16.7,11.9,3.3
1996,10,11,0,6.8,6.8,12.5,17.7,13.4,3.5
1996,10,12,11.5,1.5,8,14.6,17.5,16.3,2
1996,10,13,2,9.3,4.5,14.3,18.1,16.5,2.1
1996,10,14,0,0.2,5.3,14.4,17,15.7,2
1996,10,15,23,7.7,5,13,16.5,14.3,3.7
1996,10,16,5.5,4,5.5,10.2,13.1,11.2,3.1
1996,10,17,0,10.2,3.5,9.3,14.4,9.9,2.4
1996,10,18,0,2.2,6.5,10.1,16.7,12.7,2.4
1996,10,19,6,4.6,7.8,14.8,16.9,15.2,3.1
1996,10,20,4.5,3,9.5,10.6,13.2,10.9,3.6
1996,10,21,0,9.1,1.8,9.3,12.7,8.7,3.3
1996,10,22,0,10.1,0.3,8.1,13.9,10.4,2.7
1996,10,23,0,10,0,10.2,15.8,11.5,2.5
1996,10,24,0,10.2,0,11.2,17.4,10.3,2.6
1996,10,25,4,9,5.5,12.9,18.6,13.6,3.1
1996,10,26,9.5,0,10,7.7,11.8,10.6,6
1996,10,27,0,10.2,2.5,5.4,10.4,7.6,3.1
1996,10,28,0,7.9,5,7.3,14.6,10.9,2.7
1996,10,29,0,10.1,2.5,12.6,17.2,13.8,2.9
1996,10,30,0,10.2,0,10.2,17.7,11.5,2.7
1996,10,31,4.5,0,10,13.8,15.8,14.8,6
1996,11,1,49,0,10,14.1,14.8,16.3,4.2
1996,11,2,14,0,10,12.1,14,14.9,4.9
1996,11,3,0,6.7,4.5,10.9,14,12.6,2.6
1996,11,4,0,9.7,5,8.7,14.1,10,3.1
1996,11,5,22,0,10,13,16.6,15.5,3.1
1996,11,6,25,0.4,9.8,6.2,12.8,11.2,7.3
1996,11,7,1,9.2,5,3.8,9.9,7.9,3.1
1996,11,8,7,0,10,10.5,12.6,12.9,3.2
1996,11,9,9,0,10,12.9,17.2,16.4,4.3
1996,11,10,0.5,2.7,9.8,13,16,14.3,2.9
1996,11,11,1.5,0,7.8,11.3,14.4,13.6,3.1
1996,11,12,5,0,10,7,11.7,11.6,5.6
1996,11,13,3,0,10,4.7,5.9,6.6,4.8
1996,11,14,0,8.3,5,3.8,10.4,6.8,5.2
1996,11,15,7,0.5,9.8,6.8,10,8.7,8.4
1996,11,16,9,2.2,7.3,4.8,6.6,7.7,3.5
1996,11,17,21.5,2.4,9.5,4.5,10.3,8.4,5
1996,11,18,31.5,0,10,9.3,10.7,10.5,5.5
1996,11,19,6,0,7.5,4.3,8.4,8.9,4.1
1996,11,20,0,3,6.8,2.5,8.2,7.6,2.2
1996,11,21,21.5,1.5,8,6.8,12,10,7.2
1996,11,22,2,0,10,8.8,9.9,10.1,3.2
1996,11,23,0,0.4,8,6.9,10,8.4,2.8
1996,11,24,0,5.9,9.3,7.5,11.4,8.1,2.9
1996,11,25,3,2.1,5.5,6.7,10.4,9.6,3.8
1996,11,26,0,5.9,6.8,4.4,9.2,8.2,4.6
1996,11,27,11.5,0,10,7.6,12.1,11.5,4
1996,11,28,0.5,1.9,9.3,6.6,9.6,7.6,7.3
1996,11,29,26.5,2.7,8.5,6.3,7.9,7.6,6.2
1996,11,30,39.5,0,9.8,0.4,3.6,6.5,6
1996,12,1,60,0.4,10,-0.1,1.3,6.2,7.6
1996,12,2,12,1,10,0.7,3.7,6.5,5.8
1996,12,3,4.5,4,7.5,1.7,5.1,7,2.3
1996,12,4,5,1.2,7.5,2.2,6.8,7.4,2.8
1996,12,5,51.5,0,10,5.5,11.9,11.8,8.7
1996,12,6,27.5,0.1,10,0.5,3.3,6.8,6.3
1996,12,7,37.5,0.8,10,0.5,2.3,6.7,6
1996,12,8,9.5,1.6,9.3,1.2,4.9,7.3,5.2
1996,12,9,6.5,0.6,9.3,4.8,7.4,8.4,4.8
1996,12,10,1,0.1,10,6,8.9,8.8,4
1996,12,11,0,2.7,7.3,7.1,9.6,9,4.1
1996,12,12,3,1.8,10,6.9,9,9.1,2.8
1996,12,13,0,3.5,8.5,5.7,8,8.5,4.6
1996,12,14,0,3.1,4.8,4.2,8.6,8.2,3.1
1996,12,15,0,8.6,0.3,4,7.8,7.6,4.9
1996,12,16,0,7.9,4.5,3.3,9,7.5,2.5
1996,12,17,32.5,0,10,7.5,10.4,11.6,2.8
1996,12,18,27,0,9.8,2,6.6,9,4.9
1996,12,19,3,0,10,2,4.4,6.6,9.5
1996,12,20,2,0.4,10,3,5,6.4,5.5
1996,12,21,7,0,8.5,4.1,5.8,7.9,4.7
1996,12,22,16.5,7,5.5,2.2,7.6,7,7.4
1996,12,23,2.5,1.3,8,2.9,5.3,5.7,7.7
1996,12,24,0,2.9,7.5,1.6,7.9,5.7,5.1
1996,12,25,3.5,0.7,10,6.9,10.5,8.8,5.5
1996,12,26,1.5,0.1,10,1.8,4.4,6.6,3.5
1996,12,27,0,9.1,0,-0.4,3.7,4.9,2.4
1996,12,28,5,1.8,7.3,1.6,6.7,6.5,5.7
1996,12,29,0,8.9,0,0.3,5.6,5.5,2.8
1996,12,30,0,8.6,3,4.5,9,8.5,2.6
1996,12,31,0,4.8,5.3,6.3,10.3,8.6,3
1997,1,1,9,8.3,6.5,5.3,12.6,7.4,5.7
1997,1,2,30.5,0.1,9.3,1.7,4.6,7.2,10.8
1997,1,3,7.5,1.1,9.8,1.4,4,6.5,11.2
1997,1,4,1.5,0.3,9.8,1.1,2.4,6.2,3.4
1997,1,5,6.5,3.1,9.8,0.2,2.9,5.9,3.9
1997,1,6,24.5,0.1,8.3,2.5,5.1,7.3,9.8
1997,1,7,27.5,0.1,9.5,1.1,4.9,7,5.5
1997,1,8,21,1.6,9.8,0.3,2.2,6,2.6
1997,1,9,3.5,0.7,10,0.3,2,6.4,3.1
1997,1,10,3,1.1,10,0.7,3.1,6.6,2.9
1997,1,11,0,0.7,10,2.3,4.2,5.9,2.5
1997,1,12,0,4.7,9.3,2.7,5,5.9,2.5
1997,1,13,0,9.3,0.5,0.4,4.6,5.6,2.6
1997,1,14,2,1.5,7.8,1,6.5,6.5,7
1997,1,15,0,0.4,10,2,3.2,5.6,3.6
1997,1,16,0,1.6,10,0.3,4.7,5.3,2.6
1997,1,17,0,9.3,2.8,2,6.6,6.2,2.9
1997,1,18,5,0.2,9.8,2.3,6.4,6.9,7
1997,1,19,2,0.4,8.5,1,3.8,6.3,3.7
1997,1,20,4.5,2.4,8.3,3,5.9,7.5,5.8
1997,1,21,26.5,0,10,-5,1.3,6.1,10.8
1997,1,22,6.5,2.1,9.5,-5.5,-0.3,4.6,9.3
1997,1,23,2.5,0,10,1.1,3.5,6.3,4.6
1997,1,24,9,0,10,0.5,2.7,6.9,4.6
1997,1,25,11,0.9,10,-0.5,1.8,5.6,7.2
1997,1,26,10,0.1,9.8,0.4,2.8,6.3,5.6
1997,1,27,13,2.5,7.8,1.3,4,7,4.2
1997,1,28,16.5,1.6,10,1.9,4.3,7,6.4
1997,1,29,23,0,9.8,0.2,1.8,6,6.9
1997,1,30,2.5,1.5,8.3,-0.1,1.3,5.3,4.8
1997,1,31,0,7.1,6.8,0.1,2,5.2,3.2
1997,2,1,6.5,1,9.8,-0.6,1,5.8,2.5
1997,2,2,0,3,10,-0.2,2.8,5.9,1.9
1997,2,3,9,0.4,8.5,0.4,3.2,6.4,6.6
1997,2,4,4,0.9,10,0.1,1.4,5.5,6.1
1997,2,5,0,2.8,7.5,0.4,2.7,5.6,
1997,2,6,9,2.5,5.5,-0.4,3.4,6.2,4.9
1997,2,7,0,2.1,10,1.9,3.8,5.7,3.7
1997,2,8,0,4.8,6.3,0.4,4.2,5.8,2.1
1997,2,9,0,8.4,3,0.3,5.1,6.1,2.6
1997,2,10,0,3.7,8,1,5.1,6.5,3
1997,2,11,8.5,0,6.3,0.6,2.8,6.2,6.3
1997,2,12,4.5,1.1,9.8,0.2,2.9,4.9,7.1
1997,2,13,4.5,1.7,8.3,-0.2,1.2,5.2,3.6
1997,2,14,5.5,4.3,5.5,-0.9,2.2,5.9,3.2
1997,2,15,2.5,6.6,10,0.8,6.4,5.2,3.8
1997,2,16,11,0.4,10,1.6,5.4,7.6,6.2
1997,2,17,1,1.2,9.5,1.1,3.3,5.2,6
1997,2,18,13,0.4,9.8,-0.5,0.7,5.9,2.3
1997,2,19,7,2.7,9,-1.1,1.6,5.5,5.8
1997,2,20,1.5,3.7,9.3,3,6.2,6.1,8.3
1997,2,21,11,0.3,10,-3,1.5,5,12
1997,2,22,9.5,0.4,7.8,-3.5,-1.8,4.4,7.4
1997,2,23,0,8.2,4.8,-3,1.5,4.7,2.2
1997,2,24,0,9.9,2.5,-1.7,4.1,5.8,2.4
1997,2,25,5.5,2.8,5,0.4,9.1,8,4.3
1997,2,26,0.5,2.4,6.8,2.5,7.5,7.4,5.8
1997,2,27,0,9.5,1,0.3,4.4,5.6,3.8
1997,2,28,0,10.3,2.5,0.6,11,6.7,5.6
1997,3,1,19,0,9.3,1.4,8.2,8.2,7.1
1997,3,2,0,5.3,5,-0.7,4.6,5.4,5.8
1997,3,3,0,6.7,4.3,0.8,3.3,5.3,5.3
1997,3,4,1,3.8,5.8,1,5.8,6.6,5.2
1997,3,5,0.5,6.1,3.5,4.9,9,7.7,5
1997,3,6,0,9.7,5,2.8,11.8,6.1,4
1997,3,7,0,3,9.8,5.8,12.3,10.6,6.9
1997,3,8,2,5.1,6.5,3.1,7.4,6.4,5
1997,3,9,1,4.7,5.3,1.7,5.4,6.2,3
1997,3,10,1,5.7,5,-0.8,7,6.5,3.9
1997,3,11,1.5,7.4,4.5,2.8,8.7,7.9,5.8
1997,3,12,0,10.9,3,0.4,5.3,4.8,5
1997,3,13,0,10.8,2.8,2.8,8.6,5.6,4.3
1997,3,14,4.5,6.2,10,6.8,10.9,9.1,4.6
1997,3,15,10.5,0.1,10,7.4,8.3,9.9,4.6
1997,3,16,6.5,0,10,5.2,7.4,9.1,4.3
1997,3,17,0,8.2,3.5,1.9,5.7,5.8,5.6
1997,3,18,0,11.4,0.8,0.2,5.2,5.7,3.1
1997,3,19,0,11.2,2.5,2.3,7,6.3,4.5
1997,3,20,0,9.3,4,1.1,6.3,6,4.9
1997,3,21,8,7.1,5,2.5,8.9,8,2.4
1997,3,22,9.5,4.2,8,5.3,8.7,9.4,4.2
1997,3,23,2.5,7.2,8.5,3.5,6.6,6.8,4.2
1997,3,24,2,3.9,9.8,-0.7,3.1,4.9,4.6
1997,3,25,0,11.4,2.8,0.1,8.1,6.6,5.5
1997,3,26,0,5.6,8.8,4.9,9.7,8.4,3.9
1997,3,27,3,6.6,5,6.6,9.7,9.4,3.7
1997,3,28,0,9.1,4.8,4.3,10.5,7.7,3
1997,3,29,11,0,9,6.9,12.3,9.6,3
1997,3,30,9,0.6,10,4.5,8.5,9.1,7
1997,3,31,0,5,7.5,3.5,6.9,6.1,4.5
1997,4,1,0,11.3,5,3,8.2,6.1,2.4
1997,4,2,45.5,0,10,7.4,10,9.5,2.9
1997,4,3,38,0,10,10.3,11.4,13,4
1997,4,4,6,0,10,9.5,10.3,11.9,4.1
1997,4,5,31.5,0,10,9.8,10.8,12.5,3.1
1997,4,6,29.5,0,10,10.2,11.2,12.8,4.2
1997,4,7,15.5,0,10,8.7,10,11.7,5.2
1997,4,8,1.5,6.4,10,8.4,11.3,9.9,3.8
1997,4,9,0,4.4,8.8,9,13.1,9.5,6.2
1997,4,10,0,11.6,0.8,7.2,11.1,7.8,5
1997,4,11,0,4.5,5,6.2,10.4,7.6,6.1
1997,4,12,0,11.8,0,4.8,11.6,7,6.5
1997,4,13,0,10.2,3,11.3,14.9,8.3,6.7
1997,4,14,0,10.4,2.5,10.8,14.8,10.3,5.7
1997,4,15,0,1.5,7.5,6.2,10.6,7.4,5.8
1997,4,16,0,12.1,0.5,3.4,8.5,7.4,4.6
1997,4,17,0,8.2,4.3,4.4,12.6,7.6,2.8
1997,4,18,5.5,0.2,10,8.9,11.2,11.3,2.5
1997,4,19,0,12.3,1.5,4.9,9.9,9.7,3.5
1997,4,20,0,11.8,1.5,5.8,12.1,9.4,3.8
1997,4,21,1,3.8,6.8,9.6,15.6,11,3.3
1997,4,22,26,0,10,11.7,13.4,13.6,2.2
1997,4,23,5,4.3,6.5,7.7,10.1,9.7,5.7
1997,4,24,1,10.7,6.3,6.7,10.3,8.6,3.2
1997,4,25,0,12.8,0,7.4,12,8.3,3.3
1997,4,26,0,12.7,0,7,13.6,8,3.3
1997,4,27,0,11.5,4,9.9,16.4,7.4,3.9
1997,4,28,13,0,10,12.8,15.8,13.1,2.3
1997,4,29,0,8.7,5,14.1,19.1,13,5.2
1997,4,30,0.5,0,9.3,11.7,15.3,14.8,3.2
1997,5,1,0,9.9,1.5,9.8,16.4,12.5,2.4
1997,5,2,0,6.6,6,12,17.7,12.8,3.6
1997,5,3,0,0.1,9.8,14,16.3,13.5,4.9
1997,5,4,11,5.7,9.5,15.5,19.7,17.2,4.8
1997,5,5,3,2.9,7.8,15.3,17.7,18,3
1997,5,6,0,7.8,9,16.4,21.4,19.1,5
1997,5,7,0,8.5,10,15.7,22.4,17.9,4.4
1997,5,8,66.5,0.1,10,11,20.8,17.2,9.8
1997,5,9,1.5,7,5.5,8.8,12,10.9,4.3
1997,5,10,0,12.1,2.3,9.1,18.5,9.5,4.6
1997,5,11,0,8.7,9.8,14,19.6,12.4,4
1997,5,12,0,12.1,1,13.3,17.9,14.6,4.5
1997,5,13,4,0.6,10,14.5,18.6,16.5,2.5
1997,5,14,34.5,0,10,15.9,18.8,19.8,2.7
1997,5,15,6,0.7,10,18.5,20.3,21.5,4.2
1997,5,16,0,2.6,10,17,22.5,20.3,4
1997,5,17,14.5,8.9,4.8,14.5,18.1,12.8,4.9
1997,5,18,0,10.1,3.5,11.9,20.1,7.7,5.3
1997,5,19,1,4.4,8,14.3,18.8,12.5,3.4
1997,5,20,30,4.4,9,12.8,15.5,15.1,3.6
1997,5,21,11,0.8,10,11.2,13.5,12.8,6.1
1997,5,22,18.5,0.2,10,11,12.9,12.5,4.6
1997,5,23,0,13.4,4.5,10.6,16.4,11.7,2.9
1997,5,24,18,1.9,9.8,13.4,17.4,13.3,2.8
1997,5,25,0,5.3,6,11.6,15.2,11.8,4.9
1997,5,26,9,1.2,9.3,12.1,14.6,12.2,4.9
1997,5,27,3,4.3,9,12.5,15.1,13,4.1
1997,5,28,0,9.7,8.3,12.4,15.9,13,4.2
1997,5,29,0,1.7,8.3,12.5,17.6,13.7,2.4
1997,5,30,0,7.2,7,15.7,20.8,14,3.5
1997,5,31,0,7.4,5.3,16.9,19.7,16.9,3.5
1997,6,1,0,10.7,5,13.9,20.1,13.1,3.1
1997,6,2,0,0,8,18.2,20.7,17,2.2
1997,6,3,0.5,8.3,8.5,17.3,22.4,17.7,3.4
1997,6,4,49,0,9.5,17,18.7,20.4,2.1
1997,6,5,4.5,7.7,6,16,18.4,16.6,3.2
1997,6,6,2.5,2.8,9,15.1,17.1,15.3,3.5
1997,6,7,0,11,2.8,13.7,17.7,14.7,3.3
1997,6,8,0,9.8,6.5,16,20.6,15.5,3.8
1997,6,9,0.5,0.6,9.8,19,21.6,17.6,2.3
1997,6,10,6,1.4,10,17.7,19.2,18.7,3.4
1997,6,11,0,0.2,10,16.5,19.5,17.7,1.8
1997,6,12,0,11.6,7.5,17.7,19.7,18.7,2.3
1997,6,13,0,10.9,5.3,16.4,20.5,18.1,2.8
1997,6,14,0,8,9,17.4,20.6,18.8,3.1
1997,6,15,0,2.6,10,17.9,21.2,19.5,3.1
1997,6,16,0,2,9.3,18.7,19.9,18.2,4
1997,6,17,0,6.4,6.3,18.3,20.7,18.3,2.5
1997,6,18,0,3.5,7.5,18.8,22.8,19.4,2.8
1997,6,19,0,12.4,4.5,19.8,25,20.5,3.5
1997,6,20,12,0,10,18.8,21.6,23,4.4
1997,6,21,4.5,8.3,9.3,18.8,22.1,21.3,3.4
1997,6,22,0,4.4,9,19.4,22.9,20.1,2
1997,6,23,0,7.1,7.3,20.8,23.6,20.8,2.5
1997,6,24,0,13.7,0.8,20.1,24.6,20.9,2.4
1997,6,25,0,3.7,9.3,21.9,25.4,23.1,2.8
1997,6,26,2,0.3,9.5,23.8,26.1,22.8,3.5
1997,6,27,0,7.1,8,23.4,26.9,24.4,3.6
1997,6,28,108,0,10,18.2,21.7,24,5.4
1997,6,29,5.5,11,4.8,17.7,20.9,19.1,4.5
1997,6,30,0,11,6,16.8,22.6,18.2,2.4
1997,7,1,0,12,7.3,20.3,26,18.8,2.3
1997,7,2,11.5,0,10,23.1,25.1,24.5,5.3
1997,7,3,1,0,10,23.2,26.7,25.9,6.7
1997,7,4,0,10.4,7.5,24.5,27.4,24.3,5.8
1997,7,5,2,0.1,9.8,24.2,27.4,24.2,6.2
1997,7,6,0,5.2,9,24,29.1,24.2,4.5
1997,7,7,1.5,1.1,8,22.1,28.3,22.3,6.9
1997,7,8,86,0,10,21.4,22,25.2,2.1
1997,7,9,39.5,0,10,19.1,21.1,23.6,3.2
1997,7,10,40,0,10,19.8,21.6,24,2.7
1997,7,11,10,0,10,21,22.2,24.5,2.8
1997,7,12,54.5,0,10,21,22.4,25.5,3
1997,7,13,11,0,10,21.7,22.8,25.5,3
1997,7,14,4,1.6,8,21.6,24.4,23.3,5.4
1997,7,15,14.5,5.3,8,20.3,25.3,24.8,5
1997,7,16,16,1.6,10,22.6,25.2,25.9,6.4
1997,7,17,31.5,0,10,19.8,21.9,24.1,3.7
1997,7,18,0,12.1,4.8,18.3,22.2,19.7,2.7
1997,7,19,0,9.9,2.5,19.1,23.2,20.5,3.1
1997,7,20,0,11.6,4,20.2,25.1,20.4,2.5
1997,7,21,0,11.7,4.8,20.8,26,20,2.7
1997,7,22,0,11.2,5.5,21.9,25.8,24,3
1997,7,23,0,11.7,2.8,22.7,27,23.6,3
1997,7,24,0,12.7,1.5,23.6,27,25,3.1
1997,7,25,0,10,5,23.7,27.3,25.2,3
1997,7,26,1.5,0.9,10,24.4,28.4,26,3.4
1997,7,27,6.5,0,10,24.8,27.6,23.5,5.1
1997,7,28,11.5,0,10,22.9,24.8,27.6,3
1997,7,29,7.5,0,8.5,23.5,25.1,28.5,2.9
1997,7,30,1.5,0.5,10,22.5,24.6,27.1,3
1997,7,31,0,5.2,7.8,23.3,26.2,27.6,3
1997,8,1,0,5.7,6,24.4,27.6,27.5,2.4
1997,8,2,0,9.1,5.3,25.1,27.9,27.5,2.5
1997,8,3,0,7.6,5.8,25,27.5,26.4,2.9
1997,8,4,34,8.6,8,22.8,27.7,27.1,4
1997,8,5,27.5,0,10,21.3,24.3,25.5,4.6
1997,8,6,14,2.4,9.5,22.1,24.9,25.7,2.4
1997,8,7,10.5,6.1,8.8,23,26.5,27.6,4.2
1997,8,8,2,3,8.3,23.2,28.5,27.1,3.9
1997,8,9,0,6.7,4.5,25,31.6,25.2,6.4
1997,8,10,0,2.2,6.3,25.4,29.5,28.3,5.3
1997,8,11,0,11.5,3,25.4,30.4,28.2,2.9
1997,8,12,0,9.8,8,26.2,28.7,28.1,4
1997,8,13,0.5,0,10,23,24.8,26.6,4
1997,8,14,0,1.9,8.5,22.4,24.2,24,6
1997,8,15,0,6.5,5.5,22.4,24.8,24.5,5.3
1997,8,16,0,10,3.8,21.7,25.5,24.9,4.1
1997,8,17,0,9.8,2.5,23.3,26.5,24.9,3.2
1997,8,18,0,10.4,5.8,23.5,28,24.3,2.7
1997,8,19,0,9.3,4.5,24.8,28.3,25.3,2.5
1997,8,20,0,8.3,5.5,25.4,27.9,26.9,2.4
1997,8,21,0,10.4,9.3,24.7,27.6,28.5,2.9
1997,8,22,0,8.9,6.3,26,28.5,27.1,5.1
1997,8,23,0,12.4,2.5,24,27,22.7,4.1
1997,8,24,0,11.7,1.3,21.9,25.8,21.7,3.3
1997,8,25,8,8.1,7,22.1,24.7,22.5,2.6
1997,8,26,0,10.3,6.5,22.3,25,22.5,3.5
1997,8,27,1,5.5,5.3,21.8,24.3,21.7,3.4
1997,8,28,0,11.8,0.8,21,24.6,21.3,2.7
1997,8,29,0,8,2.5,20.8,25.9,22.1,3.8
1997,8,30,0,10.2,7,22,25.4,23,2.9
1997,8,31,0.5,0,8.8,20.4,24.2,18.6,2.3
1997,9,1,0,8.3,5.5,24.2,27.6,24.6,3.8
1997,9,2,0,8.9,6.8,23.6,27.8,25.4,3.2
1997,9,3,14.5,0.8,9,21.9,25.3,25.7,4.2
1997,9,4,0,9.1,6.8,20.4,23.1,18.7,3.3
1997,9,5,0,2.7,9.8,19.9,23.2,19.9,2.8
1997,9,6,6.5,0,10,21.1,22.3,22.5,3
1997,9,7,37,0,10,22.1,23.6,26.6,3.3
1997,9,8,14,2,10,22.2,24.3,26.7,3
1997,9,9,0,5.6,6.5,22.1,25.3,25.7,2.4
1997,9,10,0,10.5,4.8,21.6,25.2,23.5,3.1
1997,9,11,0,8.4,6.8,21.6,24.4,22.9,3.2
1997,9,12,0,7.4,8.3,22.2,23.9,21.8,6.1
1997,9,13,46.5,6.2,7.8,21.1,23.9,21.7,5.6
1997,9,14,83,0,10,17.4,19.4,21.7,4.8
1997,9,15,0,0,10,16.7,18.8,17.9,6.1
1997,9,16,3,0,10,17.5,20.1,19.3,5.5
1997,9,17,18,0,9.8,20.1,22,24.1,3.9
1997,9,18,3,0.1,10,20.5,21.8,24.7,3.9
1997,9,19,5.5,4.5,5.8,16.1,19.7,18.4,5.3
1997,9,20,0,7.9,4.8,14,19.2,15.5,2.8
1997,9,21,0,2,9.3,18.1,20.5,16.6,2.2
1997,9,22,0,0,10,18,18.9,18.3,3.5
1997,9,23,0,0.8,10,17.2,18.7,17.6,4.7
1997,9,24,1,2.1,9.3,15.9,18.2,15.5,4.4
1997,9,25,8,5.1,8,14.2,18,16.3,1.7
1997,9,26,10.5,0.1,10,16.4,19.5,18.3,4
1997,9,27,7.5,1.6,9.3,16.9,19.4,14.7,7.7
1997,9,28,0,9.1,6.3,14.7,17.7,12.8,3
1997,9,29,0.5,4.3,5.5,13.7,16.7,11.9,2.7
1997,9,30,0,11,1.3,11.6,17,12.5,3.4
1997,10,1,0,10.9,1,11.5,17.9,12,3.6
1997,10,2,0,1.7,8.5,14.9,18.8,14,2
1997,10,3,0,9.9,4.5,14.3,19.3,14.8,2.4
1997,10,4,0,3.4,6.5,16.5,20.2,16,2
1997,10,5,12.5,2.3,9.5,15.7,18.1,16.4,3.3
1997,10,6,0,9.4,2,12,17,12.1,3.6
1997,10,7,19,8.5,7.8,14.2,18.9,13.8,3.7
1997,10,8,16,1.5,9,11.6,15.5,13.2,5.2
1997,10,9,0,10.8,1,8.9,14.3,9.2,2.2
1997,10,10,0,9.1,2.3,11.3,18.7,10,5.1
1997,10,11,26.5,3.4,8.5,12.5,16.2,12.3,5.6
1997,10,12,16.5,1.9,9.5,9.9,12.7,10.9,3.9
1997,10,13,0,5.7,7.5,10.2,15,10.6,4.7
1997,10,14,16,1.3,7.3,11.1,16.1,12.3,4.9
1997,10,15,5.5,5.2,6.3,11.7,15.4,11.7,4
1997,10,16,0,10.7,5.5,10.9,14.2,10,2.6
1997,10,17,0,9.4,1.3,10,16.2,11.4,3.3
1997,10,18,0,7.2,5.3,12.1,18.1,13.2,4.6
1997,10,19,0,10.3,0,12.1,17.1,12.7,2.7
1997,10,20,0,9.1,0,15.6,21.4,12.8,7.2
1997,10,21,0,9.4,0,14.8,22.5,11,5.7
1997,10,22,0,9.8,1,14.1,17.3,14.4,5.4
1997,10,23,0,6.5,2.8,11.4,17,14.5,1.9
1997,10,24,0,9.3,0.8,13.5,19.1,15.4,2.5
1997,10,25,10,2.7,7.8,12,16.7,12.4,6.3
1997,10,26,9.5,1.2,6.5,9.8,12.7,8.8,7.5
1997,10,27,17.5,1.7,9.5,8.4,10.7,9.3,8
1997,10,28,2.5,6.4,7.8,8.6,11.9,9.5,2.6
1997,10,29,5.5,2.4,7.8,9.2,13.3,10,5
1997,10,30,34,0.5,8,10.6,13.1,10.9,6.5
1997,10,31,41.5,3.3,10,5.1,8.7,8.8,5.3
1997,11,1,5.5,0.6,8.3,5.8,9,8.7,3.8
1997,11,2,0,10.1,1,5.1,10.1,8.1,1.8
1997,11,3,0,10.1,0,6.6,11.8,9.3,2.1
1997,11,4,0,10,1.8,6.4,13.2,8.6,2.4
1997,11,5,8,2.7,9.3,9.5,11.8,9.9,3.1
1997,11,6,0,7,4.8,7.6,11,8.1,2.4
1997,11,7,0,7.4,5.3,6.6,10.6,8.1,3.4
1997,11,8,0,8.1,5.3,7.5,10.7,8.2,2.6
1997,11,9,0,7.8,3.3,7.2,11.2,8.4,2.4
1997,11,10,0,9.3,0.8,5.5,11.1,8.3,1.8
1997,11,11,4,8.3,3,9,14,11.4,2.8
1997,11,12,0,6.4,4.5,7.5,15.2,9.7,2.8
1997,11,13,21.5,0,10,13.1,14.2,14.5,5
1997,11,14,5,1.3,10,13.1,15,14.8,2.4
1997,11,15,1.5,6.1,8.3,12.5,14.8,14,4.3
1997,11,16,0,2.6,8,10.1,14.5,13,2.5
1997,11,17,42,0,10,10.7,12.9,13.5,4.7
1997,11,18,38,0.1,9.5,4.9,9.3,7.7,9
1997,11,19,0.5,2.9,5.5,5.6,8.2,7.3,3.1
1997,11,20,0,1.8,7.8,5.3,11,8.2,2.3
1997,11,21,0,4.4,8.3,6.8,12.7,9.5,3
1997,11,22,43.5,0,10,11.4,13.1,13.8,4.1
1997,11,23,6,0.1,8.3,6.5,10.6,8.6,5.8
1997,11,24,0,7,2.5,5.3,9.3,7.2,2.2
1997,11,25,0.5,4.5,6.8,4,11.2,8.2,2.7
1997,11,26,31.5,0,10,12.4,18.5,15.9,6.5
1997,11,27,3.5,0.9,9,8.8,13.5,11.5,6.1
1997,11,28,0,0.3,10,7.6,10.7,9.2,5.7
1997,11,29,10,0.6,9.8,10.1,15.6,14.9,4.6
1997,11,30,6.5,0,7.8,6,10.6,10.2,5.8
1997,12,1,20.5,5.6,7.5,4.8,9.8,8.2,4.5
1997,12,2,30,0.3,10,-0.1,5.9,7.4,10.7
1997,12,3,9.5,0.6,10,-0.1,1.6,5.6,5
1997,12,4,0,7.2,5,0.6,4.2,5.6,2.7
1997,12,5,0,6.6,2.3,1.9,7.2,7.2,2.4
1997,12,6,0,6.8,5.3,2,8,7,2.8
1997,12,7,14,0,10,8.6,14,13.7,3.4
1997,12,8,24,0,10,10.3,13.1,14.1,3.7
1997,12,9,18.5,1.4,10,6.6,8.8,9.1,7.3
1997,12,10,22,0,10,0.6,3.6,6.6,9.4
1997,12,11,12,7.4,6.8,0.7,4.3,5.5,8
1997,12,12,16,2.4,9.5,1.1,4.2,6.8,6.9
1997,12,13,1,0.8,9.5,1.5,3.9,6.3,3.5
1997,12,14,0,4.8,5.3,0.7,6.1,6,2.2
1997,12,15,14.5,0.4,9.3,6.8,9,7.7,8.1
1997,12,16,0,3.1,7.3,3.8,6.9,7,2
1997,12,17,2,0.3,10,2.1,6.5,7.5,2.1
1997,12,18,4,0.5,8.8,6.9,9.6,9.3,3.8
1997,12,19,0,8.3,1,5,10.2,8.1,4.1
1997,12,20,0.5,0.3,9.8,6.2,11.9,9.7,4.9
1997,12,21,0,3.6,7.5,4.2,7,6.5,4.9
1997,12,22,0,2.2,9.5,2,4.7,5.1,3
1997,12,23,0,0,10,4.2,5.6,6.8,3.7
1997,12,24,0.5,0.7,10,3.5,6.2,7.1,4.7
1997,12,25,0,9.1,1.3,2.5,6.2,6.2,4.9
1997,12,26,0,5.4,4.5,1.7,6.6,5.9,2.8
1997,12,27,0.5,3.1,8.3,6.4,10.3,9.3,3.8
1997,12,28,2.5,2,9,3.9,6.7,8,3.8
1997,12,29,0,8.7,4.8,1.8,5.8,5.7,3.9
1997,12,30,19,0,10,4.9,7.1,8.1,2.9
1997,12,31,5.5,3.9,6.3,3.8,5.9,5.9,2.6
1998,1,1,2.5,0.4,9.8,5.9,7.7,7.1,5.3
1998,1,2,6,3.3,8.3,5.5,8,7.7,4.9
1998,1,3,0,2,9.8,6.5,9.8,6.6,5.4
1998,1,4,7,0.2,10,2.6,7.7,7.1,7.7
1998,1,5,40,1.5,8.5,0.8,2.7,6.5,5.9
1998,1,6,11.5,0.2,10,0.8,4.4,6.2,12.1
1998,1,7,3.5,1.6,8.5,2.1,3.7,6.5,4.1
1998,1,8,20,0,10,0.4,2.4,6.7,4.3
1998,1,9,1,0.5,9.5,1.6,3.2,6.3,3.1
1998,1,10,6,2.6,10,2.5,5.3,6.8,3.9
1998,1,11,0,0,10,3.5,4.9,7.3,4
1998,1,12,5.5,1.3,9.8,1.3,3.1,6.9,3.6
1998,1,13,1.5,3.7,7.5,2,4.1,6.1,2.6
1998,1,14,0,0.5,10,1.4,4.7,6.2,5.1
1998,1,15,29.5,0,10,1.8,3.6,7.3,6.1
1998,1,16,1.5,4.8,6.3,2.3,5.2,7.5,2.8
1998,1,17,0.5,7.3,9,1.7,5.6,7,4.2
1998,1,18,27,0,10,6.2,7.2,9.2,3.9
1998,1,19,6,0.8,10,-0.3,2.4,5.7,10.4
1998,1,20,21.5,0.5,10,0.3,1.3,6,6.8
1998,1,21,8.5,0.3,10,1,3.2,5.9,8.5
1998,1,22,3,0,10,1.1,3.2,5.9,5.7
1998,1,23,10,0,10,1,3.4,6.7,4.1
1998,1,24,12.5,1.1,9.8,-2.6,0.6,4.9,10.6
1998,1,25,9.5,1.2,9,-2.4,0,5.2,5.4
1998,1,26,23,0,10,0.2,1.4,6.4,5.8
1998,1,27,5.5,4.7,9.3,-1,1.1,5.7,3.9
1998,1,28,9,1.1,10,-0.8,1.2,5.9,
1998,1,29,3,1.2,9.8,-1.1,0.8,5.3,
1998,1,30,4,5.3,9,-0.9,4.3,5.3,5.3
1998,1,31,8.5,0,10,0.8,3.3,6.6,6.2
1998,2,1,0.5,5.2,9.3,-0.1,2.1,5,2.6
1998,2,2,0,8.4,3,-0.2,4.1,4.5,2.5
1998,2,3,5.5,1.3,9.5,3.2,7.1,6.9,3.4
1998,2,4,11.5,0,10,-0.7,0.5,5.8,3.3
1998,2,5,2.5,6.1,7.3,-1.1,2.1,5.1,3.1
1998,2,6,1.5,3.7,9.3,0.8,4.7,6.1,4.4
1998,2,7,6,2,9.5,3,5.7,7.1,2.7
1998,2,8,11,1.4,6.8,0.9,3.3,5.7,9
1998,2,9,3,0.4,9,1.7,3.2,6,6.2
1998,2,10,8.5,0,10,0.2,1.5,5.5,4.7
1998,2,11,0,10.2,2.8,-0.4,3.3,4.7,2.6
1998,2,12,2,0.4,7.3,0.5,10.8,9.2,7.1
1998,2,13,0,9.4,0.8,2.8,7.6,7.8,3.8
1998,2,14,17.5,0,9.8,3.9,6.6,8.4,5.3
1998,2,15,2,0.9,9.5,2.7,3.8,6.5,4.1
1998,2,16,0,5.4,6.8,0.3,4.9,6,2.8
1998,2,17,15,0.8,9.8,0.5,3.1,5.6,5.8
1998,2,18,0,8.8,4.3,-0.2,3.3,4.6,3.9
1998,2,19,0,9.8,2,-0.4,7.6,6,2.3
1998,2,20,24.5,0,10,7,9,10,4.6
1998,2,21,4,0,10,3.7,6.3,7.2,6.9
1998,2,22,0,5.5,5,1.1,4.3,5.5,5.2
1998,2,23,0,10.3,3.5,-0.9,5.1,6.5,4.2
1998,2,24,0,0,10,4.7,7,7.1,6.6
1998,2,25,0,3,10,5,8.2,8.5,2.8
1998,2,26,2.5,0,10,7.2,8.3,9.7,3.1
1998,2,27,1,9.5,3.8,4.9,8.4,7.7,3.1
1998,2,28,7.5,2.3,9,2.8,6.5,7.5,3
1998,3,1,7.5,0.4,10,3.3,5.6,7.9,3.2
1998,3,2,0,10.3,2.5,2.7,6.3,6.1,2.4
1998,3,3,0,10.7,1,1.4,6.6,5.7,2
1998,3,4,0,9,5,2.9,7.5,7,4.1
1998,3,5,0,0,10,4.8,5.8,6.8,6.3
1998,3,6,0.5,7.6,5.8,2.1,7.2,7.1,3.8
1998,3,7,3,1.8,8.8,1.8,5.3,5.6,6.4
1998,3,8,0,10.1,5.5,2.2,4.7,4.5,2.3
1998,3,9,0,8.3,7.8,0.9,6.4,5.8,4
1998,3,10,0,8.1,7,2.4,5.1,4.8,7.2
1998,3,11,3.5,4.4,8,2.6,7.4,6.7,5.5
1998,3,12,14.5,0,10,6.9,8.6,9.7,5.3
1998,3,13,0,8.6,5.5,4.1,8.4,7.5,4.4
1998,3,14,0,5.4,7,5.2,10,7.5,6.6
1998,3,15,20.5,1.5,9.5,0.2,2.6,5.3,5.2
1998,3,16,0,5.3,9.3,0,4.9,5.5,3
1998,3,17,0,3.9,6.3,0.5,4.4,5.9,4.1
1998,3,18,0,10.7,0.5,-1.1,4.2,4.9,3.1
1998,3,19,0.5,6.1,7.5,1.2,11.3,6.1,3.6
1998,3,20,19.5,0,10,6.3,11.2,9.7,8.8
1998,3,21,0.5,3.4,10,4.9,7.1,6.3,2.6
1998,3,22,4.5,3.5,7,3.8,6.1,6.5,3.6
1998,3,23,1,8,5.5,2.6,6,5.6,3.1
1998,3,24,0,10.1,4.5,4.1,8.2,6.4,3.3
1998,3,25,0,6.7,8.5,4.9,9.1,6,2.3
1998,3,26,0,10.1,4.8,4.9,10.1,7.5,2.7
1998,3,27,23.5,0,10,9.2,10.7,12.1,2.3
1998,3,28,0.5,4.8,8.8,9.2,11.7,11.3,2.7
1998,3,29,0,9.4,2.3,6.9,13.6,6.8,3.7
1998,3,30,0,8.4,5.3,8.1,13.8,8.6,3.5
1998,3,31,1,0,8.5,4.9,8.4,9.1,4.7
1998,4,1,40,0,9,0.8,3.4,6.2,6.1
1998,4,2,29,0.8,10,1.5,4.6,7.6,3.6
1998,4,3,0,4.6,7,2.4,5.8,6,2.6
1998,4,4,0,11.6,0.3,1.5,9.5,6.5,2.7
1998,4,5,0,3,8.3,6.2,13.4,8.8,2.8
1998,4,6,7,0,10,11.2,12.2,13,3.8
1998,4,7,1,0.6,10,10.8,12.7,13.1,3
1998,4,8,1,0,10,10.8,12.1,12.6,3.9
1998,4,9,25,0,10,10.9,11.7,13.5,2.7
1998,4,10,0,9.1,4.5,10.3,12.3,11.4,2.6
1998,4,11,0,11.3,0,8.2,14.2,11.4,3.8
1998,4,12,0,10.2,4.3,10.7,19.1,12.5,3.2
1998,4,13,0.5,2.6,10,19.3,25.8,17.1,9.3
1998,4,14,34,0,10,13.5,16,17.1,3.2
1998,4,15,30,0,10,12.8,14,14.8,5
1998,4,16,0,8,5,10.7,12.6,11.2,4
1998,4,17,0,3.3,6.5,10.5,14.3,12.7,4.1
1998,4,18,0,0.9,8.5,11.9,14.8,13.9,3.1
1998,4,19,0,6.7,5.8,13,15.9,13.1,3.5
1998,4,20,0,10.7,2.5,11.6,19.3,11.1,2.4
1998,4,21,0,1.7,9,14.9,19.8,13,2.7
1998,4,22,0,4.3,9.5,17.3,21.7,14.5,2.8
1998,4,23,1,0.1,10,18.4,20.6,18.8,1.8
1998,4,24,2,1.5,9.5,18.7,21.4,21.3,2.1
1998,4,25,7.5,0,10,11.8,15,17,3.1
1998,4,26,2,0,10,10.5,11.2,12.2,4.2
1998,4,27,0,7.3,5.3,9.9,13.7,12.4,4.2
1998,4,28,0,9.1,7.5,11.7,16.4,14.5,2.5
1998,4,29,0,4.9,9,15.7,19.9,15.4,4.3
1998,4,30,0,12.2,4.3,13.4,16.8,11.8,7.2
1998,5,1,0,10.5,4,13.1,20.9,13.4,4
1998,5,2,0.5,7.9,8.3,17.3,26,17.7,8.1
1998,5,3,50,0,10,12.3,16.1,17.6,6.1
1998,5,4,0,10.9,3.3,11.2,14.5,12.9,3.6
1998,5,5,0,11.4,5.8,12.5,19.1,14.3,3.6
1998,5,6,0,6,7,17.4,21.5,18,2.4
1998,5,7,16,4.3,5.3,19,22.6,22.6,2.4
1998,5,8,58.5,0,10,14.6,18.1,20.1,4.3
1998,5,9,0,10.5,9.5,12.4,16.3,11.2,3.9
1998,5,10,0,3.9,10,13.6,16.6,12.1,3.8
1998,5,11,11.5,2.3,9.8,12,14.1,11.5,4.7
1998,5,12,90,0,10,13,18.8,19.4,5.3
1998,5,13,0.5,1,9.8,14,16.6,16.2,4.4
1998,5,14,0,11.7,5,11.6,15.7,14.1,3.4
1998,5,15,0,12.1,6,12.6,17.8,13,4
1998,5,16,6,3.4,9.8,15,19.4,16.8,2.3
1998,5,17,4,5.2,8.5,16.6,20.7,19.8,3
1998,5,18,6,0,10,17.2,19,18.3,2.7
1998,5,19,0,12,3,16.1,19.3,16.7,2.3
1998,5,20,0,12.9,0.8,13.9,18.6,15.5,3
1998,5,21,0,12.9,0,14,19.1,15,3
1998,5,22,0,13,0.8,15.2,21.2,15.5,2.7
1998,5,23,0,8.6,7.8,18.3,23.3,16.7,2.5
1998,5,24,14.5,0,8.3,17.7,19.8,18.1,3.1
1998,5,25,38.5,0,10,14.9,16.9,18.5,4
1998,5,26,0,2,7,14.3,17.3,14.9,3.7
1998,5,27,0,12.5,1.3,13.9,18.4,15.9,2.9
1998,5,28,0,11.9,7.5,15.1,22.3,17.4,3.4
1998,5,29,6,0.2,10,18.9,20.8,21.7,3.2
1998,5,30,0.5,4.6,9.3,18.6,20.4,20.9,3.2
1998,5,31,0,12.7,7,14.5,19.9,11,2.9
1998,6,1,0,10.9,6.5,14.3,21.5,9.9,4.2
1998,6,2,0.5,0,10,18.1,20,16.4,2.4
1998,6,3,1,0.2,10,18,20.5,19.9,2.9
1998,6,4,0,4.9,9.8,16.6,18.8,16.8,7.4
1998,6,5,1.5,0,10,15.7,16.7,16,3.1
1998,6,6,0,4.1,7.5,15.4,17.7,15.7,4.1
1998,6,7,0,0.9,9.3,15.1,17.9,16.7,2.2
1998,6,8,0,10.7,6.8,15,21.2,17.6,2.6
1998,6,9,2,3.1,10,18.6,21.6,20.2,3.4
1998,6,10,11,1,10,18.4,20.5,21.5,2.1
1998,6,11,0.5,2.2,8.8,18.4,19.8,19.6,4.1
1998,6,12,0,9.8,8,18.4,21,19.2,4.8
1998,6,13,8.5,0.2,10,18.6,20.1,20.5,4.9
1998,6,14,16.5,0.1,9.5,18.7,20.9,23.1,3.3
1998,6,15,8.5,0,10,18,18.9,20,7.6
1998,6,16,0,3.7,8.5,17.5,19.6,18.8,4.2
1998,6,17,0,13,4.3,18.6,21.4,20,5.1
1998,6,18,0,8.4,6.8,18.5,21.9,21,4.5
1998,6,19,17,0,10,19.4,22.6,23.9,5.1
1998,6,20,5,4.2,9.8,19,20.5,21,4.4
1998,6,21,14.5,0,9.8,17.8,19.2,20,5.9
1998,6,22,1,0,10,18.1,19.2,21.4,3.5
1998,6,23,0,0.7,10,17.8,19.8,20,2.1
1998,6,24,0.5,5.2,9.8,18.9,23.8,23.1,2
1998,6,25,18.5,3.3,10,21.7,25.6,26.8,2.2
1998,6,26,0,1,10,23.6,28.5,25.8,4.4
1998,6,27,48.5,0,10,22.2,26.1,27.3,6.5
1998,6,28,23,0.1,10,20.3,23.4,27.1,4.4
1998,6,29,0,0,10,19.9,21.1,23.7,3.5
1998,6,30,0,5.6,6.8,19.8,21.8,22.9,3.1
1998,7,1,0.5,1.4,10,20.1,25.3,24.5,2.6
1998,7,2,5.5,5.6,6.5,23.8,26.8,27.5,4.5
1998,7,3,1,6.7,9.8,25.7,28.9,26.5,5.6
1998,7,4,4,3.2,8,23,26.4,27.5,5.5
1998,7,5,1,10,7.3,22.7,24.9,26.7,3.3
1998,7,6,0,2.6,8.5,23.6,25.2,27.2,2.9
1998,7,7,0,7.3,9.3,23.2,27.6,24.6,3.1
1998,7,8,0,9.9,9.8,25,29,25,5.3
1998,7,9,13.5,0,9.8,24.4,26.1,28.2,5.5
1998,7,10,62.5,0,10,23.3,24.1,28.9,4.7
1998,7,11,2.5,0.3,10,21.5,23.7,26.9,3.1
1998,7,12,2.5,0.5,10,19.5,21.5,22.4,3.2
1998,7,13,0,1.8,10,19.8,21.7,22.1,3.5
1998,7,14,0,10.3,8.8,18.4,22,20.7,4.4
1998,7,15,0,3,10,20.1,23.5,22.5,3.6
1998,7,16,1,0,9.8,21.6,23,25.3,3.1
1998,7,17,0,9.5,6.3,20.5,24.5,23.8,3.9
1998,7,18,0,9.8,5,21.4,23.8,23.6,3
1998,7,19,0,9.4,4.5,20.7,26.8,23.9,3.1
1998,7,20,0.5,0,10,22.9,24.4,26.4,3.2
1998,7,21,0,6.6,9.5,23.1,26.4,25.8,2.8
1998,7,22,0,2.3,10,23.4,25.6,26.5,2.2
1998,7,23,0,8.1,8.8,24.1,26.1,27.6,3.6
1998,7,24,4,3.4,10,24.1,26.3,29.3,4
1998,7,25,0,10.5,7.5,24.3,27.5,28.2,3.4
1998,7,26,0,6.1,10,24.9,28.6,27.8,2.9
1998,7,27,0,3.1,7.5,25.3,28.5,29.1,2.2
1998,7,28,6,2.6,7.3,25.7,27.2,29.7,2.2
1998,7,29,3.5,0.6,10,24.8,27.4,30.1,2.6
1998,7,30,19,4.6,7.5,23.8,26.1,29.6,3.6
1998,7,31,0,4.2,10,24.5,25.9,28.3,3.1
1998,8,1,0,2.7,10,24,28.1,29.2,2.2
1998,8,2,44.5,1.1,10,23.4,28,30.1,4
1998,8,3,11,1.6,10,24.5,27.9,31,3.5
1998,8,4,0,0.5,10,26.4,27.8,31,4.5
1998,8,5,5,6,10,25.8,27.4,31.6,3.1
1998,8,6,5,1,9.3,24.9,28.1,29.6,4.1
1998,8,7,61.5,5.3,9,24.5,27.1,31,4.4
1998,8,8,0,2.2,10,23.6,25.5,26.1,2.9
1998,8,9,0,8.7,8,22.3,25.1,24,4.4
1998,8,10,0,9.9,7,21.2,24.6,22.7,3.3
1998,8,11,0,2.1,8,22.4,27.5,26.5,2.8
1998,8,12,49.5,0,10,24.3,26.4,31.6,4.5
1998,8,13,63.5,0.6,10,24.8,26.8,31.9,5.3
1998,8,14,29,10.7,9,23.9,27,29.9,3.2
1998,8,15,1,0,10,24.1,26.9,28.8,2
1998,8,16,20.5,0,10,25.8,28.6,31,6.4
1998,8,17,53.5,0,9.8,23.7,25.8,31.2,3.7
1998,8,18,0,1,10,23.6,25.5,28.6,3.4
1998,8,19,0,2.6,9.8,24.7,26.9,29.7,4.4
1998,8,20,0,8,5.5,24.5,26.7,27.3,3.8
1998,8,21,0,7.6,8.3,23,25.4,24.7,3
1998,8,22,0,12.1,3,21.3,25.2,23.2,4.3
1998,8,23,0,10.4,0.5,21.9,27.7,23.8,2.6
1998,8,24,0,5.3,5,24,29.2,23.7,3
1998,8,25,2,5,7.3,24.8,27.3,28,2.5
1998,8,26,0,3.2,9,24.5,26.3,26.9,3.5
1998,8,27,17,1.9,9,22.8,25.6,28.1,3.7
1998,8,28,8,0,10,22.1,23.2,26.2,3.8
1998,8,29,0,0,10,21.7,23.5,25.3,4.8
1998,8,30,1,0,10,22.2,23.7,27.8,3.1
1998,8,31,1,0.1,9.5,22.8,24.3,28,3.2
1998,9,1,4.5,1.1,10,21.7,24.2,26.6,3.1
1998,9,2,0,7.3,8.8,21.5,24.4,24.4,3.1
1998,9,3,0,9.3,5.8,21.2,24.1,22.8,3.1
1998,9,4,0,8.5,3.3,19.9,23.4,22.6,2.9
1998,9,5,0,9.5,6.8,19.6,23.7,22.4,2.6
1998,9,6,0,0,10,22.2,25.3,21.5,2.6
1998,9,7,0,1.9,6.8,20.5,24.1,21.4,1.6
1998,9,8,0,9.2,1.3,21.8,25.3,24.9,2.4
1998,9,9,0,11.3,0.8,21.6,24.9,24.3,2.2
1998,9,10,0,10.2,2,20.6,24.6,22.8,3
1998,9,11,0,3.5,8,20.2,24.6,22.9,2.8
1998,9,12,0,8.2,3.3,22.6,25.5,25.3,2.9
1998,9,13,0,9.6,3,21.8,25.1,24.4,4.5
1998,9,14,0,10.7,0.8,22.1,25.9,25.3,2.5
1998,9,15,11.5,0.7,7,22.9,24.3,27,3.6
1998,9,16,62.5,3.1,8.8,20.2,23,24.7,6.7
1998,9,17,13,0.3,10,20,21.7,22.8,5
1998,9,18,0,1.9,10,20,23.6,25,3.4
1998,9,19,0,2.3,8.5,23,26.2,27.4,3.1
1998,9,20,0,10.9,0.5,21.6,27,24.8,2.4
1998,9,21,16.5,2.8,7.8,23.2,25.5,26.6,3.5
1998,9,22,143.5,0,10,21.7,23.7,28.2,5.2
1998,9,23,13,0.4,10,20.6,22.1,23.9,4.9
1998,9,24,9,0,8.5,21.3,23,25.4,3.4
1998,9,25,47.5,0,10,19.3,20.5,23.6,2.6
1998,9,26,0,2.7,8.3,18.4,21.9,22.1,2.8
1998,9,27,0.5,0,10,19,21.4,20.6,2.4
1998,9,28,0,0,10,19.9,22.1,22.3,2.7
1998,9,29,3.5,0,10,20.4,22,23.3,2.7
1998,9,30,1,0,10,21.8,23.5,25.3,2.9
1998,10,1,6.5,2,10,21.9,25.5,27.2,2.7
1998,10,2,16,0.1,9,19.5,22,23,4.6
1998,10,3,0,8,5,16.7,21.4,19.4,3.5
1998,10,4,0,5.3,6.5,15.8,20.3,17.7,4.6
1998,10,5,0,8.7,6.5,14,19.1,16.7,3.5
1998,10,6,0,7.7,9.8,18.1,22.4,20.8,2.3
1998,10,7,8,0,10,18.5,20.6,21.7,4.3
1998,10,8,31.5,3.5,8,17.5,20.2,20.2,3.8
1998,10,9,0,8.7,4,16.9,19.8,17.7,2.5
1998,10,10,0,9,1.8,15,19.3,16.4,2.8
1998,10,11,0,10,1.5,14.7,19.3,15.2,4
1998,10,12,0,1.7,8.5,16.3,20.1,16.8,2.5
1998,10,13,14,0,10,16.5,18.5,16.8,2.7
1998,10,14,3,1.6,9.5,16.8,22,22.4,3.1
1998,10,15,13,2,9.5,20,23.7,23.4,5.4
1998,10,16,30.5,0,10,18,19,21.1,3.5
1998,10,17,31,0,10,18.1,19.4,21.7,4.9
1998,10,18,25,0,9.3,18,21.2,21.5,8.2
1998,10,19,1.5,1.7,7.8,15.9,18.8,14.9,5.3
1998,10,20,0,1.3,10,14.3,16.3,12.8,4.8
1998,10,21,0,0,10,14.3,16,13.9,4.5
1998,10,22,0,2.1,7.5,13.4,16.4,15.2,3.9
1998,10,23,21.5,0,10,13.9,16.9,15.8,2
1998,10,24,0,3.8,6,15.7,17.8,16.4,2.1
1998,10,25,0,7.6,2.5,14.1,17.2,14.3,2.4
1998,10,26,5.5,0.9,4.5,12.1,15.4,13.1,4.1
1998,10,27,2,3.6,5.8,10.4,15.7,12.9,2.9
1998,10,28,0.5,6.4,4.5,15.4,18.4,15.2,3.5
1998,10,29,0,5.4,5.5,14,18,14.8,2.7
1998,10,30,0,5.5,7,14,17.7,16.3,3.3
1998,10,31,0,6.9,7,15.4,18.4,14.7,5.3
1998,11,1,2.5,0.6,6.5,12.8,16.4,12.9,4.7
1998,11,2,0,4.1,6.5,10.8,16.9,14,3.9
1998,11,3,14,7.8,4.8,12.2,17.1,12.6,3.8
1998,11,4,0,3.7,7.3,9.9,17,11.7,6.2
1998,11,5,0,5.9,6,9.4,12.4,8.6,5.2
1998,11,6,0,8.1,5.5,8.8,12.7,9.5,5.6
1998,11,7,0,0.1,10,11.4,15.4,13.1,2.4
1998,11,8,0,5.8,6.3,13.7,16.4,13.1,3.5
1998,11,9,20.5,2.8,9.3,11.1,16.4,11.3,7
1998,11,10,8,1.9,9.5,8.7,10.4,10.6,2.7
1998,11,11,10.5,2,9.8,8.4,12.1,11.3,5.1
1998,11,12,0.5,5.6,5.8,7.1,10.5,8.6,2.7
1998,11,13,0,4.9,4.5,6,13.2,7.7,3.6
1998,11,14,0,7.2,2.5,13,17.4,12.9,5.3
1998,11,15,0,8.7,2.5,12.3,17.5,13.2,4.7
1998,11,16,1,6.5,7.3,11.3,18,9.9,4.2
1998,11,17,25.5,0.2,10,7.3,14.6,13.7,9.3
1998,11,18,26,0.6,9,4.8,8,8.2,9.5
1998,11,19,23,0.6,10,5.1,7.1,7.9,7.1
1998,11,20,34,0.5,9,4.1,7,8,7.2
1998,11,21,34,0.2,10,3.2,7.1,8.2,7.4
1998,11,22,3,1.4,9,3.2,5.5,7.3,3.9
1998,11,23,13.5,1.4,8.8,5.9,10,8.9,6.1
1998,11,24,9.5,5.7,7.5,6.1,9.7,9.3,4.1
1998,11,25,1,0.1,8,5.9,7,7.9,2.9
1998,11,26,0,7.2,5.5,5.3,8.5,7,3
1998,11,27,13.5,1.7,8.3,5.8,12.4,9.5,3.5
1998,11,28,8.5,2.8,10,6.5,10.9,9.4,6.1
1998,11,29,0,9.3,0.5,2.7,8,7.2,2.6
1998,11,30,0,2.7,6.8,5.8,11.7,8.2,2.1
1998,12,1,4.5,0.3,9,9.2,11.8,11.2,3.3
1998,12,2,2.5,0.3,10,4.7,6.1,8.3,6.8
1998,12,3,0.5,0,10,4.9,6.4,,6.7
1998,12,4,1,6.1,4.8,5.8,10.1,,4.6
1998,12,5,2,0.1,10,8.2,10.7,,3
1998,12,6,4.5,5.3,7.8,5.7,8.6,,4.8
1998,12,7,23,0.1,9.8,5.8,10.2,,3.3
1998,12,8,10,0.1,10,6.7,10.3,,7.1
1998,12,9,9.5,1.3,10,5.1,7.2,,5.6
1998,12,10,4,2.6,7.8,3.7,4.8,,3.6
1998,12,11,17,0.1,10,3.6,6.3,,8.2
1998,12,12,0,5.8,7.5,3.3,6.2,,2.3
1998,12,13,0,5.4,4.5,5.3,11,,5.7
1998,12,14,4.5,1,4.8,10,11.4,,6.9
1998,12,15,8.5,0.5,9.8,8.3,10,,4.3
1998,12,16,1.5,2.1,9.8,10,11.8,,7.5
1998,12,17,0,2.8,9,5.4,10.3,,5.8
1998,12,18,0,9.1,1.5,3.1,6.7,,3.3
1998,12,19,4.5,3.5,5.5,2.4,12,,5.8
1998,12,20,5,1.3,9.3,4.8,8,,4.7
1998,12,21,0,5.2,3.8,2.7,5.4,,2.1
1998,12,22,1,3.1,5,0.5,8,,4
1998,12,23,1.5,1.6,10,4.9,8.5,,3.5
1998,12,24,2.5,0.3,9.8,4.5,5.7,,3
1998,12,25,0,8.4,4.8,3.8,7,5.3,2.7
1998,12,26,9.5,0,7.8,2.7,6.6,6.5,3.1
1998,12,27,0,7,6.5,1.4,5.6,5.1,2.9
1998,12,28,0,5.8,5,3.3,7,6.6,2.4
1998,12,29,24,1.5,7.5,2.5,8.2,7.7,5.3
1998,12,30,14,0.3,9.8,2.2,6.4,7,5.3
1998,12,31,18,0,10,0.4,1.7,6,3.6
1999,1,1,0,0,9.5,0.5,2.3,5,3.5
1999,1,2,24,0.2,10,0.5,3.8,6.6,5.1
1999,1,3,6,1.3,10,1.2,3,5.9,2.7
1999,1,4,1,0.9,9.8,1.1,3.5,5.8,3
1999,1,5,0,9.1,2.3,0.9,6.6,5.3,3.5
1999,1,6,4,2.6,8,2.9,9.2,7.1,4.1
1999,1,7,34,1.1,9.8,-0.8,4.7,7.4,5.5
1999,1,8,18,0,10,-1.5,-0.2,5,5.1
1999,1,9,7.5,0.3,10,-1.9,0.2,4.9,4.4
1999,1,10,17,0,10,-0.3,2.5,5.9,7.3
1999,1,11,7,0.1,9.5,0.6,2.8,5.6,6
1999,1,12,19.5,0,10,0.6,1.9,6.2,2.7
1999,1,13,12.5,0.3,9.5,1.6,2.9,6.5,3.2
1999,1,14,13.5,0,10,1.4,3,6.3,3.2
1999,1,15,13.5,0,10,1.1,2.9,6.4,2.3
1999,1,16,11,0.8,10,1.3,4.1,6.4,6.4
1999,1,17,0,4.9,5.3,-0.4,2.4,4.2,2.6
1999,1,18,0,7.2,3.3,-2.2,4.3,5,2.4
1999,1,19,15,0,7.8,1.7,5.4,7,2.8
1999,1,20,13.5,1,9.5,2.9,7.9,8,6.1
1999,1,21,7,5.4,7.8,0.5,2.8,5.2,3.2
1999,1,22,2,4.2,9.8,3.9,7.6,6.3,6
1999,1,23,1,2.2,10,5.5,8.5,7.5,5.1
1999,1,24,0,4.9,6.3,5.2,6.7,6.5,5.4
1999,1,25,5.5,0.2,10,4.5,8.5,8,3.8
1999,1,26,1,2.4,9.8,5,7.9,6.1,5.2
1999,1,27,0,4.7,9.8,4.7,8.1,5.4,4.2
1999,1,28,9,0.1,9.8,2.5,6.5,6.1,7.5
1999,1,29,9.5,0.9,10,-0.8,2.2,5.8,5.4
1999,1,30,2.5,6,8,-2,1.8,4.4,4.5
1999,1,31,8,1.6,10,1.9,4.8,6.2,4.8
1999,2,1,11.5,5.8,7.8,3.8,6.8,6.4,3.1
1999,2,2,12.5,0.4,10,0.6,3.1,6.1,6.8
1999,2,3,9,0.1,10,-4.1,-1,4.1,8.9
1999,2,4,5.5,0.6,8.8,-4.2,-0.5,4.7,2.8
1999,2,5,35.5,0.6,8,-3.4,0.7,5.2,5.2
1999,2,6,0.5,4.1,6.3,1.3,2.8,4.5,4.5
1999,2,7,0,3.4,7.3,1.1,5.6,6.1,5.5
1999,2,8,0,5.3,3,2.7,6.2,6.4,4
1999,2,9,0,9,5,-0.3,6.5,5.1,4.2
1999,2,10,4,3.5,7.3,1.3,4,6,3.6
1999,2,11,7.5,0,10,1.1,4.6,6.5,5.3
1999,2,12,14,0,10,-1.2,1.7,5.1,6.2
1999,2,13,1,1.4,8.8,-2.6,-0.5,3.9,5.6
1999,2,14,3.5,3,9.5,-1.2,1.1,4.9,2.6
1999,2,15,0,6.6,8,0.7,3.9,5.1,2.3
1999,2,16,1.5,9,1.8,4.1,7.8,6.5,3.5
1999,2,17,0,9,2.3,3.3,10.7,5.3,5.4
1999,2,18,26,0,10,3.7,8,7.7,4.1
1999,2,19,0,0.1,8,0.1,2.3,5.3,3.4
1999,2,20,30.5,0.3,8.3,-0.6,1.4,5.4,6
1999,2,21,7,1.9,8.5,-1.5,0,5.3,2.8
1999,2,22,7,2.9,9,-0.5,2.6,6,4.8
1999,2,23,4.5,5.3,8.3,2,5.2,6.5,3.9
1999,2,24,13,0,10,1.8,4.4,6.8,3.3
1999,2,25,4.5,2.6,7,2.7,6.3,6.9,3.4
1999,2,26,10.5,4.1,8.3,1.5,7.6,6.9,1.7
1999,2,27,27.5,1,10,-0.6,5.1,7.3,6.8
1999,2,28,3,5,9,0.2,3.3,4.8,4.8
1999,3,1,0,6.7,7,2.4,8.6,6,5.6
1999,3,2,1,2.7,9,5.7,8.9,8.2,5.1
1999,3,3,0,9.9,3.3,4.2,8.9,5.6,4
1999,3,4,0,5.6,5,4.4,10.8,6,3
1999,3,5,6,1.2,7.5,6.4,12.7,8.5,6.9
1999,3,6,0,8.7,4.5,3.9,6,5.5,5
1999,3,7,7.5,0,10,4.5,5.6,7.1,4.9
1999,3,8,0,0.1,8,2.7,5.2,7,4
1999,3,9,0,0,10,2.7,5.4,6.5,4.9
1999,3,10,0,5.2,10,3.7,7.8,6.8,2.9
1999,3,11,0,0,10,2.2,5.8,6.5,4.7
1999,3,12,0,6.9,8.8,1.2,3.7,4.1,5.5
1999,3,13,0,10.8,1.8,1.5,8.6,5.9,2.4
1999,3,14,0,7.1,6.3,6.4,12.4,8,2.2
1999,3,15,22,0,10,9.3,10.1,11,6.5
1999,3,16,3,0.3,10,9,10.1,9.7,4.5
1999,3,17,0,8.8,7.5,4.8,12.9,8.3,2.4
1999,3,18,0,8.6,6.5,9.2,16.7,8.5,4.2
1999,3,19,14.5,0,10,5.3,11.2,10.8,5.4
1999,3,20,2,0,10,3.5,4.6,7,6.2
1999,3,21,21,0,10,2.5,5.5,7.2,3.4
1999,3,22,6,2,9.8,-0.1,2.6,5.1,8.6
1999,3,23,0,11.1,2.3,0.6,4.4,4.7,3
1999,3,24,0,10.1,4.8,1.4,9.9,5.5,2.6
1999,3,25,0,8.2,9.5,9,14,9.3,2.8
1999,3,26,8,1,8.3,10.4,14.2,12.4,2.5
1999,3,27,3,0,7.5,4.6,7.7,9.1,5.7
1999,3,28,0.5,3.7,5,2.3,5.6,5.8,5.4
1999,3,29,0,8.6,9.5,0.9,3.2,4,5
1999,3,30,0,3,10,1.7,5.3,5.3,6.2
1999,3,31,0.5,3.1,7,5.6,8.8,8.6,3
1999,4,1,0,7.6,7.5,5.4,13,9,3.1
1999,4,2,33,0,10,6,12.4,10,6.8
1999,4,3,0,8.4,6.5,4.7,7,5.8,2.7
1999,4,4,0,11.5,2.5,3.6,9.1,6,1.6
1999,4,5,0,8.5,7,5.9,10.8,8.8,4.1
1999,4,6,13.5,5.2,5.8,8,10.4,9.3,5.3
1999,4,7,5,2,9,4.5,7,7.2,9.2
1999,4,8,0,9.7,3,3.5,6.8,4.9,3.7
1999,4,9,0,10.4,5.5,3.3,11.5,5,2.6
1999,4,10,22.5,0,10,10,11.4,9.8,4.8
1999,4,11,14,8,7,10.3,13.8,12.1,5.4
1999,4,12,0,3,9.8,10.7,15.4,13.2,2.1
1999,4,13,8.5,3.4,7.8,10.4,14.5,11.4,7.5
1999,4,14,21,0.4,10,8.5,9.7,9.9,6
1999,4,15,0,11,5.3,8,10.7,8.3,2.5
1999,4,16,0,9.8,3,6.6,13.6,8.3,3.7
1999,4,17,0,8.2,7.3,8.8,13.6,9.3,3.1
1999,4,18,0,0,9.8,10.7,14.8,10.3,2.1
1999,4,19,1.5,0,10,13,14.9,13.1,2.3
1999,4,20,0,10.5,4.8,13,15.5,12.9,4.4
1999,4,21,0,11.5,3.8,11.2,14.2,10.2,6.5
1999,4,22,0,11.9,0.8,9.4,17.6,12,2.6
1999,4,23,2,0,9.5,14.4,16.6,13.5,1.9
1999,4,24,11.5,0.4,8.5,13.3,14.2,14.3,1.9
1999,4,25,5,0,10,12.4,13.5,14.1,2.5
1999,4,26,4,0,10,12.4,13.6,13.8,4.5
1999,4,27,0,0,10,12.2,13.6,13.4,2.6
1999,4,28,9,0,10,9.3,11.8,12.5,3.5
1999,4,29,3,8.2,5.3,7.1,10.3,8.5,5.9
1999,4,30,0,13.1,0,4.5,11,7.4,2.6
1999,5,1,0,12.7,2.8,6.8,16,7,3.3
1999,5,2,0,9.1,5.8,10.6,17.1,7.4,2.8
1999,5,3,0,3.7,10,14.7,19.9,11,4.4
1999,5,4,28,0,10,14.1,15,15.2,3.2
1999,5,5,8,8.2,5.8,11.1,14.1,11.7,3.9
1999,5,6,0,11.7,2,9.3,15.6,11.7,5.4
1999,5,7,0,12.7,0.3,10.8,19.1,9.3,5
1999,5,8,0,11.8,5.8,14.6,18.3,14.2,3.4
1999,5,9,0,11.3,5.3,13.7,19.5,12.2,3.1
1999,5,10,0,7.4,8,14.6,17.9,12.7,3.9
1999,5,11,0,5.4,5.8,11.5,14.4,11.8,4.6
1999,5,12,0,13.1,0,10.1,17.7,10.5,3.1
1999,5,13,0,12.5,0.8,15.4,19.9,13.2,4.4
1999,5,14,0,8,6.8,14.6,17.4,13,5.1
1999,5,15,0,1.1,10,14.3,15.7,13.1,4.5
1999,5,16,0.5,1.7,8.8,14.4,16.7,14.5,3
1999,5,17,0,11,7.3,11.9,16.9,11.3,4.9
1999,5,18,0,8.3,5.8,13.1,19.8,12.2,3
1999,5,19,6.5,1.8,10,14.3,19.2,16.5,4.1
1999,5,20,1,6.8,7.5,15.1,18.6,12.4,8.1
1999,5,21,1,12.4,4.3,14.9,18.9,13.1,5.2
1999,5,22,0,13.2,0.5,13,20.9,10.6,3
1999,5,23,0,9.5,6.8,15.7,21.9,11.3,2.7
1999,5,24,17.5,0,10,17.8,20.7,16.5,3.3
1999,5,25,3.5,0.5,9,13.9,16.4,15.2,6
1999,5,26,0,7.9,9.3,12.8,19.5,15,2.7
1999,5,27,59,1.4,10,15,17,16.8,4.2
1999,5,28,0,1.8,9.8,13.1,17,13.7,4.2
1999,5,29,0,11.7,6.3,10.8,16.1,11.2,2.7
1999,5,30,0,13.2,1,12.2,17.5,13.1,3.3
1999,5,31,0,12.5,6,14.2,20.7,13.5,2.2
1999,6,1,0,12.5,2.3,16.7,21.3,15,2.3
1999,6,2,0,3.2,10,17.8,21.8,15.4,2.5
1999,6,3,3,0.2,10,17.3,20.8,18.1,3.2
1999,6,4,0,0.9,10,18.8,21,19.8,2.5
1999,6,5,0,1.2,10,18.2,20.2,20.3,3
1999,6,6,0,7.8,8,17.9,22.5,20.3,2.6
1999,6,7,17.5,0.5,10,19.1,20.2,20.5,3
1999,6,8,0,10.8,7.3,16.9,19.2,16.6,3
1999,6,9,0,12.8,0.8,14.2,18.2,14.3,3.5
1999,6,10,0,13.1,2.8,13.9,20,14.5,3.1
1999,6,11,0,9.1,7,15.9,22.1,15.7,2.9
1999,6,12,0,13.3,1.3,18.2,22.7,16.1,2.6
1999,6,13,0,11.1,7,18,24.3,17.9,2.7
1999,6,14,0,13.3,2.8,20,25.4,17.1,2.7
1999,6,15,5,7.6,8.5,22,26.1,21.2,3
1999,6,16,4.5,2.8,10,19.8,23.5,23.6,4.3
1999,6,17,56,0,10,16.5,19.4,19.7,4.8
1999,6,18,18,0,10,14.3,16.2,16.2,5.2
1999,6,19,3.5,0,10,15.8,17.7,17.4,5.2
1999,6,20,4.5,2.3,9,17.3,19.3,18.8,3
1999,6,21,0,10.9,9.3,17.7,21.4,18.9,4.2
1999,6,22,0,3.2,7.3,18.5,22,20.7,2.4
1999,6,23,1.5,4.1,9,19.1,22.9,20.7,2.6
1999,6,24,25.5,0,10,18.7,23.2,22.6,6.8
1999,6,25,4,0,10,19,21,21.4,1.7
1999,6,26,0,3.1,10,19.4,22.6,22.1,2.3
1999,6,27,45.5,0,10,19.2,20.2,21.8,3.9
1999,6,28,0,6.4,8.8,18.8,22.2,21.6,3.5
1999,6,29,41,0,10,19.7,21.1,22.5,3.8
1999,6,30,19.5,0,10,18.9,20.7,22.1,6
1999,7,1,14,3.2,9.5,18.4,21,19.5,5.2
1999,7,2,3.5,2.2,9.3,17.5,21.4,20.8,3
1999,7,3,85,0,10,19.3,21.8,23.9,4.4
1999,7,4,3,0,9.8,17.9,19.5,19.5,2.2
1999,7,5,0,0.1,8.8,18.3,20.1,19.3,3.4
1999,7,6,0,6,7.3,18.4,21.2,19.9,4.4
1999,7,7,0,9.5,5.3,19.7,22.8,21,4.2
1999,7,8,0,13.2,0.8,19.9,23.2,22,3.7
1999,7,9,0,8.2,6.5,19.8,22.8,21.8,2.9
1999,7,10,0,9.3,6.5,20.5,23,21.4,3.1
1999,7,11,0,0.4,8.3,19.7,22.9,22.2,2.1
1999,7,12,14.5,1.3,10,21.2,22.8,23.8,2.2
1999,7,13,2.5,0,10,21.4,23.2,24.9,1.5
1999,7,14,2,0,10,21.1,22.2,24.7,2.2
1999,7,15,0,3.6,7.5,21.4,23.8,23.2,2.8
1999,7,16,0,4.9,9.8,21.9,24.5,23.4,2.4
1999,7,17,0,5.7,8.5,22.6,25.8,24.6,2.3
1999,7,18,6.5,0,10,23,24.8,25.1,2.5
1999,7,19,1,0.5,7.5,22,25,25.7,2.9
1999,7,20,4.5,5.3,10,23.8,27.2,28.3,2.1
1999,7,21,0,2.4,9.3,25.8,28.2,29.2,2.2
1999,7,22,0,5.9,5.5,25.2,28.6,27.9,2.7
1999,7,23,0,5,8.5,25,29.3,26.2,3.3
1999,7,24,0,9,5,25.4,29,26.6,3.5
1999,7,25,0,7.3,7.8,25.9,29.7,25.2,3
1999,7,26,0,12,4.8,25.2,30,23.8,2.6
1999,7,27,0,8.2,8.3,26.2,30.7,24.2,2.7
1999,7,28,0,0,10,26.5,28.7,27.2,2.1
1999,7,29,0,1.2,9.3,25.5,30.1,26.4,2.6
1999,7,30,0,10.8,8.5,26.2,31.2,23.8,3.8
1999,7,31,0,9.1,7.5,26.1,30.8,21.6,3.1
1999,8,1,0,13.3,0,24.7,30,23.9,2.6
1999,8,2,0,13,3.5,25.3,30.7,22.1,2.4
1999,8,3,0,12.8,1,26,30.4,24.5,3
1999,8,4,0,12.5,3,25.4,30.1,24.6,3.1
1999,8,5,0,5.7,9.8,26.8,29.4,26.4,2.1
1999,8,6,0,9.9,9.5,25.1,30,27.9,3
1999,8,7,0,11.3,4.8,25.6,30.5,27.9,2.9
1999,8,8,0,12.5,3.5,26.4,30.2,26.5,3
1999,8,9,0,12.1,1.3,26.3,29,28.8,2.8
1999,8,10,0,4.8,8,26.7,28.7,29.5,2.4
1999,8,11,30.5,4.1,8.5,25.3,27,30,3.3
1999,8,12,0.5,0.4,9.8,24.5,26,28.1,3
1999,8,13,0,0.1,9.5,24.2,26.1,27.2,1.9
1999,8,14,7,0,10,24.2,26,29.6,2.3
1999,8,15,16,0,10,24,25,28.7,4
1999,8,16,14.5,2.6,8,24,26.7,28.3,3.8
1999,8,17,0,8.2,4.8,24.3,29.2,27.5,2.6
1999,8,18,0,11,2.3,25.7,30.4,26.7,3.4
1999,8,19,0,6,7,26.1,29.3,26.4,2.5
1999,8,20,0,10.1,4.3,25.8,28.8,26.1,2.2
1999,8,21,0,4.2,9.3,25,28.1,26.5,2.8
1999,8,22,11.5,7.8,6.3,23.8,27.9,26.2,3.8
1999,8,23,6.5,4,6.5,24.5,27.4,26.8,2.5
1999,8,24,49,0.2,9,23,25.3,25.9,3.9
1999,8,25,0,10.1,5.8,21.6,24.8,21.8,3
1999,8,26,0.5,1.9,10,22.6,25,23.8,3
1999,8,27,22.5,3.6,9,22.7,26.5,26.3,5.8
1999,8,28,0.5,3.9,9,24,27.2,26.2,6.1
1999,8,29,7,7.1,7.3,22.9,25,25.1,3.6
1999,8,30,15,8.1,9,21.5,25.9,23.4,2.3
1999,8,31,0,9.1,4.3,24.1,30,25,4.6
1999,9,1,5.5,2.3,9.3,23.1,27.4,24.5,5.4
1999,9,2,0.5,6.8,8.5,22.1,24.5,22.2,3.6
1999,9,3,0,10.1,9,21,25,21.7,3.9
1999,9,4,0,7.3,6.5,24.2,26.4,24.2,2.3
1999,9,5,0,9.5,9.3,22.4,26.4,24.2,2.4
1999,9,6,7.5,1,9.8,21.5,26,22.5,2.8
1999,9,7,0.5,0.3,10,23.9,26,27.3,2
1999,9,8,8,3.4,9.8,24.2,26.6,26.8,4.4
1999,9,9,0,10.5,1.8,21.8,25.3,25.4,2.5
1999,9,10,0.5,5.7,7.5,22,26.2,23.6,2.3
1999,9,11,0,5.8,8.3,23.9,27.4,26.1,4.1
1999,9,12,0,5.9,9,25.4,26.9,27.7,3
1999,9,13,14.5,1.8,10,24.2,27,26.3,2.1
1999,9,14,12.5,2.9,7.8,24.2,25.8,28.3,3.9
1999,9,15,87.5,0,8.3,19.4,21.6,23.4,5.1
1999,9,16,0,0,8.8,19.6,22.1,21.1,4.3
1999,9,17,22,1.8,10,19.8,21.5,21.9,5.7
1999,9,18,0,5.8,9.3,21.4,24,23.4,6
1999,9,19,0,8.1,8.5,23.3,27,26.5,2.7
1999,9,20,59.5,0.3,7.5,22.7,26,25.7,2.1
1999,9,21,119.5,0,10,22,22.8,25.4,5.3
1999,9,22,6,0,10,22.4,24.1,27.1,3.1
1999,9,23,0,4.3,8.5,23.3,26.9,28.1,2.5
1999,9,24,0,2.8,7.8,23.2,28.4,25.2,6.7
1999,9,25,3.5,3.1,8.8,22.8,24.5,24,4.1
1999,9,26,1,7.2,10,18.4,22.4,15.3,3.1
1999,9,27,0,10.5,0,16.8,22.4,18.7,2.8
1999,9,28,0,9.5,3.8,19.5,24,22.1,3.4
1999,9,29,0,8.5,3.3,20.9,25,21.9,2.1
1999,9,30,0,2.1,6.5,21.5,23.7,22.1,3.3
1999,10,1,0,6.4,9.5,20.1,22.8,19.6,4.8
1999,10,2,30,7.9,6.8,18.4,25.1,19.7,5.5
1999,10,3,22.5,0,10,14.8,17.1,15.2,2.8
1999,10,4,0,4.9,6.8,14.4,17.8,14.1,3.7
1999,10,5,0,5.3,9,15.5,20,15.7,2.5
1999,10,6,0,6.5,7.8,17.4,21.4,17.8,2.2
1999,10,7,24,0.1,10,18.3,20.1,19.3,2.6
1999,10,8,0,2.2,8.3,17.1,20.3,16.7,3
1999,10,9,0,9.4,0.8,14.5,17.9,13.8,4.2
1999,10,10,0,10.6,5.5,13.3,18.8,14.8,2.2
1999,10,11,0,8.2,5.5,18.4,24.2,17.1,2.3
1999,10,12,5,0,10,20.5,22.5,22.1,3.1
1999,10,13,1,0,10,21,22.9,22.8,3.2
1999,10,14,8,0.1,8.5,16.2,18.9,18.5,4.3
1999,10,15,1,0,10,16.4,17.3,16.2,2.9
1999,10,16,8.5,0,10,13.6,16.4,13.5,4.8
1999,10,17,4.5,5.8,7,11,13.9,10.1,4
1999,10,18,16.5,7.9,5.3,10,13.4,11.1,3.8
1999,10,19,0,5.9,3.8,9.3,15.2,11.5,4.6
1999,10,20,0,4,6.3,13.1,16.6,13.2,2.8
1999,10,21,0,10.3,0,11.9,16.4,11.8,3.2
1999,10,22,0,8.3,4.5,11,16.4,10.9,2.1
1999,10,23,0,2.3,5.8,8.3,13.6,10.5,4.8
1999,10,24,0,10.4,0.3,7.4,12.5,9.4,4.8
1999,10,25,0,10.5,0,8.2,13.8,10.4,4.7
1999,10,26,0,8.4,4.8,9.9,16.4,11.2,2.4
1999,10,27,42.5,0,10,13.6,14.9,14,3.3
1999,10,28,9.5,5.3,6.5,14.2,17.4,14.6,5.5
1999,10,29,4.5,9.3,4,11.3,18.2,13.4,4
1999,10,30,0.5,6.7,7,12.3,16.3,11.2,3
1999,10,31,0,7.4,8,10.6,15.1,10.7,2.1
1999,11,1,38.5,0,10,12.4,15.8,15.3,5
1999,11,2,1,3.6,10,10.7,13.1,10.1,2.4
1999,11,3,5.5,1.4,8.8,8.3,12.2,10.1,3.1
1999,11,4,9,2.6,6,8.2,11.6,11,2.2
1999,11,5,0,1.7,5.3,7.2,12.4,10.5,2.7
1999,11,6,0,6.9,9.5,9.6,14.1,11.6,3.3
1999,11,7,0,9.5,1.8,9.9,14.6,12,3.1
1999,11,8,16,0.6,7.3,11.4,13.7,13,2.9
1999,11,9,1,0.5,9.3,10.5,13,12.2,3
1999,11,10,0,9.5,1,9,12,9.4,4.8
1999,11,11,0,5,7,7.4,14.3,11.4,1.6
1999,11,12,9,0,10,14.4,17.3,15.8,3.8
1999,11,13,4.5,8.1,4,11.4,15.9,12.2,4.5
1999,11,14,0,9.6,0,9.5,13.8,11.1,5.5
1999,11,15,33.5,0.2,7.5,11.2,14,13.4,3
1999,11,16,17.5,0,10,5.8,9.3,8.2,7.4
1999,11,17,2,2,8.5,5.7,8.4,7.1,3.5
1999,11,18,8,0.7,10,6.9,10,8.8,5.3
1999,11,19,0.5,8.2,6,8.1,11.9,9.1,3
1999,11,20,0.5,5.5,5,7.5,12.4,9.3,2.6
1999,11,21,3,7.9,5.8,9.5,13.3,9.9,3.7
1999,11,22,0,7.4,3.5,7.8,13.5,9.5,2.7
1999,11,23,0,2.4,9.5,9.6,14.1,10,2
1999,11,24,2.5,0,7.8,11.2,13.6,12.6,2.1
1999,11,25,0,3.7,6.3,9.4,14.5,11.4,6.2
1999,11,26,16.5,0.2,8.5,5.1,9.3,8.8,6.4
1999,11,27,22,1.2,10,5,7.4,8,6.7
1999,11,28,15,1.9,9.5,6.1,8.3,7.3,8.3
1999,11,29,15.5,0.6,9.5,5.9,7.4,7.7,4.3
1999,11,30,16.5,0.9,9.5,6.3,8.9,8.8,5.4
1999,12,1,0.5,2.4,9.5,5.8,9.5,8.7,1.9
1999,12,2,22,0.2,10,7.1,9.7,9.5,3.9
1999,12,3,2,0.6,9.8,4,6,6.9,2.8
1999,12,4,5,4.3,6.3,2.7,8.8,6.7,4.4
1999,12,5,14.5,0,10,9.8,11,11.1,3.9
1999,12,6,26.5,0,10,7.1,10.2,9.7,8.7
1999,12,7,5.5,0.8,9.8,4.1,6.6,5.7,7.4
1999,12,8,0.5,5.2,7.5,4.3,8,6.6,2.3
1999,12,9,10.5,1.2,8.8,6,11.5,7.5,8.3
1999,12,10,0,6.6,4.8,8.2,12.3,7.4,5.7
1999,12,11,16,0.2,10,3.3,8.3,8,7.2
1999,12,12,16.5,1.1,10,3,5.3,7.3,3.5
1999,12,13,20.5,0.1,10,4.6,6.7,8.1,4.5
1999,12,14,1.5,0.8,9.8,3.9,5.1,7.1,4.4
1999,12,15,25.5,0,8,3.7,6.2,7.4,5.1
1999,12,16,9,4.1,8.8,5.9,8.7,7.8,6.3
1999,12,17,30,0.9,10,4.8,8.5,8.5,6
1999,12,18,4,0,10,1.8,3.4,6.7,4.3
1999,12,19,26,0.2,9.8,0.6,2.5,6.2,5.5
1999,12,20,28,0,8.8,0.3,2,5.7,8.2
1999,12,21,29,0.1,10,0.4,1.7,5.9,5.1
1999,12,22,7,2.8,9.8,0.5,2.6,5.9,3
1999,12,23,2.5,3,8.3,1.8,4.2,5.9,2.9
1999,12,24,0,8.4,5.5,1.6,6.7,5.4,5.1
1999,12,25,53.5,0,10,1,4.6,7.1,7.5
1999,12,26,1.5,0.6,9.8,1.4,4.7,5.6,4.9
1999,12,27,0,1.1,7,2.2,4.9,5.8,2.7
1999,12,28,0.5,3.8,6,0.8,7.8,6,4.4
1999,12,29,8,0.5,10,5.3,7.8,8.8,3.7
1999,12,30,0.5,2.1,6,3.8,7.9,7.6,3
1999,12,31,3,6.8,4.5,2.8,7.8,7.4,2.5
2000,1,1,1,0.2,7,1.7,5.7,6.8,2.6
2000,1,2,0,6.3,7,0.7,6.1,6.4,3.9
2000,1,3,16.5,0.3,10,7.3,9.5,7.9,8.3
2000,1,4,0,1.1,10,5.8,7.2,6.5,2.7
2000,1,5,0,6.6,10,4.6,7.3,6,4.6
2000,1,6,2,2.4,10,5.7,11.9,9.1,3.4
2000,1,7,15,0,10,5.1,9,8.7,7
2000,1,8,2,1.2,10,4.7,6.2,6.8,6.6
2000,1,9,3.5,2.1,10,6.2,8.8,7.2,3.1
2000,1,10,14,0.3,10,4.6,7.8,7.9,6.5
2000,1,11,0,0.1,9.8,2.3,4,5.4,4.1
2000,1,12,1,0.2,10,2,5.6,6.1,6.2
2000,1,13,13.5,0,10,6,9,10.2,4.1
2000,1,14,1,0.9,9.3,5.5,8.7,7.8,5.7
2000,1,15,2,1.7,7.5,2.3,5.8,7,2.4
2000,1,16,4,2.4,7.5,1.2,4.8,6.4,2.9
2000,1,17,0,2.7,9.8,4.6,6.8,7.5,5
2000,1,18,0,3.5,7.3,2.3,5.7,5.9,3
2000,1,19,5.5,8.6,3.5,0.9,5.7,6.1,5
2000,1,20,13.5,0.4,10,0,3,5.6,10.7
2000,1,21,3,1.4,9.5,-1.8,0.2,4.3,8.4
2000,1,22,0.5,1.8,9.5,-1,1.6,4.7,2.3
2000,1,23,4.5,0,10,0.2,4.6,7.4,2.3
2000,1,24,11,0.2,10,1.6,7,8.3,3.9
2000,1,25,5.5,0,10,-1.8,0,4.9,5.2
2000,1,26,0.5,2.4,8.8,-1.7,-0.5,4.8,3
2000,1,27,17,1.1,9.5,-2.6,-1,5,2.8
2000,1,28,0,3.5,8.3,-2.4,1.8,5.2,2.4
2000,1,29,0,8.8,4.5,-0.6,3.5,4.9,2.1
2000,1,30,8,0.2,8.5,0,5.3,6.5,7.1
2000,1,31,7,0,9.8,-0.1,1.9,5.2,6.5
2000,2,1,1,1.5,10,-0.3,1.5,5.4,2.2
2000,2,2,5.5,2.6,9.3,0.4,3.8,6,3.6
2000,2,3,1.5,1.6,7.8,2.7,4.8,6.5,3.4
2000,2,4,7,1,9,1,4.4,5.5,5.8
2000,2,5,0,7.8,4.8,2.1,4.8,5.2,2.5
2000,2,6,6.5,0,10,2.3,5.7,7.1,3.3
2000,2,7,0,0.6,10,3.1,5.6,5.5,6.2
2000,2,8,25.5,0.2,8.8,-1,2.5,5.8,10.1
2000,2,9,3,1.7,9.8,-0.4,1.7,5,8.9
2000,2,10,0.5,5.9,6,0.2,3,4.8,2.9
2000,2,11,8.5,0.5,9.3,2.3,4.8,6.5,5.4
2000,2,12,1,1.6,9.8,3.6,6.9,6.7,4.9
2000,2,13,0,7.8,6.8,1.8,4.9,5.5,3.8
2000,2,14,8,3.6,10,2.7,6.5,6.2,4.4
2000,2,15,26.5,0.1,10,-1.6,0.5,5.5,5.4
2000,2,16,6,0.1,10,-1.9,-0.1,4.6,7.1
2000,2,17,26.5,0.1,10,-1.6,-0.2,5.4,2.9
2000,2,18,4.5,2,10,-0.8,1,5.3,4.3
2000,2,19,0,1.9,10,-0.2,2.1,4.9,2.2
2000,2,20,5,0.1,9.3,0.5,3,6,3.3
2000,2,21,1,0.9,9.3,-0.4,1.7,4.4,5.4
2000,2,22,7.5,0.9,10,-1,0.7,4.9,3.6
2000,2,23,1.5,7.1,9.5,-0.3,2.9,4.9,3.9
2000,2,24,16.5,0,10,-2.1,0.6,5.2,5.6
2000,2,25,1,5.9,7,-2.5,0,4.1,3.1
2000,2,26,7.5,6.1,9.5,-2.3,1.5,4.3,3.3
2000,2,27,6,1.2,9.8,1.6,3.9,5.7,7.3
2000,2,28,4,1.1,9.5,-2.2,1.9,5.2,7.6
2000,2,29,2.5,2.4,8.8,-2.4,0.4,4.3,4.8
2000,3,1,3,7.9,4.3,-0.7,2.3,4.6,2.3
2000,3,2,0,7.2,3.5,-1,6,5.8,4
2000,3,3,0,6.5,8.3,4.5,8.3,7.1,3.3
2000,3,4,28,0,10,4.8,7.9,9,2.7
2000,3,5,0,4.1,6.8,3.6,7,7.4,4.5
2000,3,6,0,9,2,0.3,6.6,5.6,3.2
2000,3,7,3.5,0.7,8,1.1,5.8,6.1,7.7
2000,3,8,10.5,0.4,8.5,0.2,1.7,5.6,5.9
2000,3,9,19.5,0.9,9.5,-0.3,1.1,5.5,6.5
2000,3,10,0,7.3,4,-2.4,1.8,4.4,2.9
2000,3,11,0,0.3,9,1.1,6.6,4.3,4.4
2000,3,12,1.5,9.1,6.8,3.3,6.5,6.9,2.8
2000,3,13,3.5,4.2,8.3,1.9,5.6,5.6,5.7
2000,3,14,1.5,4.9,3.5,-1.1,2.8,4.8,2.4
2000,3,15,0,9.6,6.3,0.3,5.3,5.3,2.8
2000,3,16,16.5,0,10,5.6,7.4,8.1,5.9
2000,3,17,2.5,3.3,7.5,2.9,6,6.1,6.2
2000,3,18,0,11.2,0,1.9,8.9,5,4.8
2000,3,19,13.5,0.4,10,6.1,10.8,7,5.8
2000,3,20,1.5,1.2,9,2,5.5,5.5,5.9
2000,3,21,0,9.2,10,0.5,5.2,5,2.6
2000,3,22,1.5,7.4,4.8,2.3,6,5.6,4.5
2000,3,23,13.5,4.3,10,1.4,8.9,6.7,3.5
2000,3,24,25,1.4,9,4.4,7.4,7.4,7.3
2000,3,25,5.5,3,8.5,0.9,4.8,6,7.5
2000,3,26,9,2.2,9.5,1,3.4,5.6,6
2000,3,27,0,10.9,2.3,0.4,8.5,5.8,2.8
2000,3,28,8,0.2,10,7.4,12.8,8.2,2.8
2000,3,29,24,0,10,7,8.9,9.1,8.2
2000,3,30,0.5,7.9,6.3,6.5,9,7.3,4.2
2000,3,31,6.5,5.7,9.3,6.5,12,8,6.2
2000,4,1,0.5,10.5,4.3,4.7,9,5.5,4.5
2000,4,2,0,7.5,7.5,3,8.3,5.3,4.5
2000,4,3,0,10.4,4.8,7.1,10.3,6.5,5.8
2000,4,4,0,6.3,6.5,6.2,11.5,7.9,3.3
2000,4,5,15,0,10,9.1,11.2,11.3,3.1
2000,4,6,0,11.2,3,5.4,9.4,6.5,3.5
2000,4,7,0,10.8,5.3,3.5,14.1,6.4,5.2
2000,4,8,1,9.7,3,5.7,10.7,7.4,4.3
2000,4,9,0,8.4,4.3,3.7,11.7,7.9,2.7
2000,4,10,31,1.9,9.8,8.3,14.1,10.1,4.6
2000,4,11,0.5,3.3,6.3,6,8.9,6.4,7
2000,4,12,0,10.7,0.8,9.8,13.8,7.9,8.1
2000,4,13,0,10.4,0.8,9.6,14.2,8.8,4.5
2000,4,14,0,0.3,10,10.7,14.4,10.8,5.2
2000,4,15,8,0,10,6.8,9.4,9.7,6
2000,4,16,0,8,5.8,6.2,8.8,7.6,4.1
2000,4,17,0,11.8,5.5,4.5,10.5,7,2.7
2000,4,18,0,3.7,8.3,7.6,14,8.4,4.6
2000,4,19,4.5,0,10,12.1,14.9,11.4,4
2000,4,20,5.5,3.4,8.5,11.6,14.2,12.8,4.1
2000,4,21,34.5,0.8,10,11.5,14.5,13.5,2.2
2000,4,22,10,6.5,7.8,12.5,15.3,13.2,5.7
2000,4,23,8,8.9,5,10,14.4,8.5,7.7
2000,4,24,4.5,6.9,6.3,9.5,12.6,9,5.7
2000,4,25,0,11.6,6,10.4,14.9,8.1,5.1
2000,4,26,3.5,0,10,12.3,13.9,11.2,2.3
2000,4,27,7.5,0.6,9.8,9.7,12.9,11.8,6.5
2000,4,28,8,0,10,8.6,9.8,9.5,6.2
2000,4,29,0,11.6,3,8.2,12.3,10.1,3
2000,4,30,0.5,3,7.5,7.8,14.4,9.2,2.1
2000,5,1,0.5,6,5.5,12.1,15.5,13.2,2.8
2000,5,2,6,7.2,7.3,12.1,15,12.1,4.2
2000,5,3,1.5,0.9,10,10.4,12.7,11.2,4.2
2000,5,4,0,8.6,4.8,10.1,13.3,11,3.5
2000,5,5,0,12.4,1,9.4,15.6,11,2.9
2000,5,6,0,9,9.3,13.3,18.2,13.8,2.6
2000,5,7,0,2.4,10,15,18,15.5,2.5
2000,5,8,0,8.4,6.3,15.5,18.7,14.5,2.9
2000,5,9,0,12.2,0,13.4,18.2,11.8,3.2
2000,5,10,0,7.8,7,13.2,19.5,15,3.3
2000,5,11,0,8.7,9.5,16.5,21.2,14.2,3.2
2000,5,12,5,0,10,13.4,15.4,15,2.6
2000,5,13,9.5,3.8,9.8,14.9,17.3,16,4.3
2000,5,14,3,2.4,10,14.6,16.8,15.7,3.2
2000,5,15,0,1.7,9,13.9,15.8,14.3,5.2
2000,5,16,0,9.2,8,12.9,15.5,13.2,4.4
2000,5,17,0,6.9,8.3,13.2,16.7,13.9,5
2000,5,18,0,6,8.5,14.8,16.6,14.3,4.9
2000,5,19,3.5,0,10,14.9,17.8,15.4,2.7
2000,5,20,0.5,4.2,10,14.7,18.8,15.1,2.6
2000,5,21,7.5,7.5,5.5,14.4,16.9,14.9,3.2
2000,5,22,0,8.3,5.3,12.5,20,13,2.2
2000,5,23,0,10.8,9,19,21.9,16.3,4.7
2000,5,24,0,10.1,5.5,17,20.2,16.5,5
2000,5,25,0,9,5,17,18.8,16.5,2.5
2000,5,26,0,11.5,7.5,16.3,23.2,16.9,2
2000,5,27,0,0.5,10,19.9,23.3,17.2,2.2
2000,5,28,3,0.1,10,18.6,20.1,18.8,6.5
2000,5,29,0,12.2,2.8,17.3,20.3,15.7,4.1
2000,5,30,0,10.3,5,14.9,21.9,11.6,2.2
2000,5,31,10.5,0,10,17,18.6,17.1,2.9
2000,6,1,8.5,1.1,7.5,16.9,18.1,17.7,3
2000,6,2,0,12.4,5,14.6,18.7,16,3.1
2000,6,3,0,3.1,10,17,19.4,17.4,4.2
2000,6,4,0,7.1,8,15.1,18.1,15.4,3.5
2000,6,5,0,12.3,5,15.1,19.7,16,3.4
2000,6,6,0,13.1,0.8,17.1,23,15.8,3.6
2000,6,7,0,12.9,4.8,18.3,24.3,14.4,4.7
2000,6,8,0,4.7,10,19.1,23.9,14.9,3.1
2000,6,9,35,0,10,16.2,17.9,17.6,3.3
2000,6,10,0,0.1,10,17.3,18.2,17.2,2.3
2000,6,11,0,2.2,10,16.7,18.9,17.8,2.3
2000,6,12,0,0,10,17.1,18.6,17.1,4.2
2000,6,13,0.5,0.2,10,17.1,19.3,18.1,2.5
2000,6,14,0,6.8,6.3,17.9,19.8,18,2.7
2000,6,15,0,13.2,0,16.5,23.5,16.9,2.3
2000,6,16,0,12.3,5.3,19.3,24.8,18.7,2.3
2000,6,17,2,0,10,20,21.8,21,2
2000,6,18,0,8.4,8.3,18.5,21.8,20.9,2.5
2000,6,19,0,11.4,2.3,18.2,21.7,20.7,2.6
2000,6,20,0,12.6,5.3,19.3,23.4,20.6,2
2000,6,21,0,2.3,9.3,21,23.5,18.7,1.7
2000,6,22,0,0.3,10,19.8,21.9,21.3,2.1
2000,6,23,63,0,10,20.2,22.3,23.9,3.9
2000,6,24,31.5,2.1,10,20.7,22.7,23.2,3.9
2000,6,25,1,4.4,8.8,21.5,23,23.1,2
2000,6,26,0,2.6,10,21.3,24.6,24.8,2.3
2000,6,27,34,0,10,21.5,23.9,24.3,3.9
2000,6,28,10.5,0,10,19.8,21.4,23.3,3.2
2000,6,29,0,5.1,8.3,19.7,23.5,22.6,3.8
2000,6,30,0,6.7,9.5,22.1,27.2,25.9,2.3
2000,7,1,0,7.9,8,25.2,27.4,26.9,3
2000,7,2,1,9.6,6.3,24.6,27,27,3.7
2000,7,3,0,8.5,5.3,23.8,25.6,26.7,2.8
2000,7,4,0,6.5,8.8,22.8,25,25.2,2.5
2000,7,5,0,4.1,10,22.3,23.9,23.5,3
2000,7,6,0,11.5,6.8,21.8,24.6,23,3.2
2000,7,7,0,7.7,8,22.1,25.3,23.8,4.4
2000,7,8,0.5,2.5,10,22.4,23.5,23.7,3.5
2000,7,9,0,7.3,6.5,21.6,23.6,21.6,2.9
2000,7,10,0,12.8,1.5,20,24.3,22.1,2.6
2000,7,11,0,6.6,7.3,20.7,27.5,21.6,2.1
2000,7,12,0,9.3,7.3,24,30.2,24.1,6.2
2000,7,13,4.5,0,7.5,24,25.9,26.1,5.2
2000,7,14,0,6.9,8.8,23.7,26.8,24.8,3.1
2000,7,15,50.5,0,10,22.9,24.5,25.2,3.1
2000,7,16,0,11.6,3.3,23.4,27.1,25.3,3.7
2000,7,17,0,6.6,10,24.8,27.1,25.5,4
2000,7,18,0,1.8,9,24.9,26.3,27.3,5.5
2000,7,19,0,10.4,4.3,24.5,26.5,27.9,3
2000,7,20,0,12.2,6.3,24.1,26.9,27.4,2.1
2000,7,21,0,13.2,0.5,24.3,28,27.1,3.9
2000,7,22,0,5.6,6.5,26.9,29.8,25.1,5.3
2000,7,23,0,11.2,7.5,25.3,29.7,24.9,3
2000,7,24,0,2.7,10,25.1,29.9,24.9,4.7
2000,7,25,47.5,4.8,9.5,21.6,25.1,25.2,2.8
2000,7,26,0,7.5,6.5,23.1,26,24.7,2.3
2000,7,27,1,6.4,7,22.3,26.1,24,2.8
2000,7,28,0.5,0.2,9.8,24.1,26.7,25.6,2.3
2000,7,29,0,11.2,1.8,24.7,29.7,26.3,2.5
2000,7,30,0,12,1.3,25.2,31.2,24.2,2.8
2000,7,31,0,10.8,1.3,26.2,31.8,24.5,3.4
2000,8,1,0,11.4,1.8,26.5,29.5,26,3
2000,8,2,0,7.4,9.5,25.4,28.5,27.7,3.2
2000,8,3,0,13.1,2.8,25.1,28.6,26.7,2.8
2000,8,4,0,9.3,4.5,25.7,28.3,28.9,3.3
2000,8,5,0,11.3,5.8,24.8,28.3,28.6,3.1
2000,8,6,0,12.6,4.3,25.1,28.3,28.6,3.3
2000,8,7,0,11.8,6.8,24.9,28,27.4,3.4
2000,8,8,0,9.4,6.8,24.6,28.1,26.8,3.4
2000,8,9,3.5,4.9,10,24.7,27.4,26.9,2.8
2000,8,10,0,11.8,5.5,24,27.5,26.4,2.3
2000,8,11,0,12,7,24.5,28.1,27.1,3.3
2000,8,12,0,12.3,2.3,24.9,28.2,26.8,4
2000,8,13,0,5.1,5.3,25.9,28.6,28.6,2.8
2000,8,14,0,3.4,9.5,25.9,27.4,28.3,3.4
2000,8,15,0,3.1,9,25,26.6,25.3,2.4
2000,8,16,0,11.9,4.8,23.5,27.2,26.6,2.9
2000,8,17,0,11.9,3,24,28.2,26.6,3.1
2000,8,18,0,7.8,5.5,24.4,27.6,27.5,3.5
2000,8,19,0,11.2,5.8,24.9,28.1,27.4,2.9
2000,8,20,0,7.6,8,25.8,29.7,27.1,2.4
2000,8,21,0,9.8,4.8,26.3,31.2,26.8,3.8
2000,8,22,2,10,3.5,25.7,29.4,27.4,3
2000,8,23,0,10.7,3.5,24.9,27.8,26.1,3.4
2000,8,24,0,12.1,2,22.5,26.6,23.3,2.7
2000,8,25,0,11.7,7.5,22.8,28.3,20.9,2.3
2000,8,26,0,8.6,9.3,24.2,28.4,25.1,2.7
2000,8,27,0,9.4,9.5,25.5,29,27.8,3.1
2000,8,28,0,7.4,6.5,26.4,29.3,26.2,2.4
2000,8,29,0,11.4,0.5,25,28.8,24.5,3.4
2000,8,30,0,9.7,3.3,25,29.1,26.6,3.3
2000,8,31,0,2,10,26,28.9,28,2
2000,9,1,0,5.3,9.3,26.6,31.9,25.4,5.4
2000,9,2,17.5,4.3,8,24.9,28.3,27.3,6.7
2000,9,3,0,9.9,4.8,21.3,24.9,20.4,5.3
2000,9,4,0,9.7,2,19.5,23.8,18.6,3.2
2000,9,5,0,11.9,0.8,19.9,24.6,20.1,2.5
2000,9,6,0,10.3,2.8,21.4,25,20.6,3.2
2000,9,7,0,0.9,10,22.7,24.9,21.9,4.1
2000,9,8,1.5,9,4,21.7,26,24.6,4.5
2000,9,9,14.5,0,10,22.9,24.5,26.3,3.5
2000,9,10,172,0.4,10,20.3,23,25.4,2.9
2000,9,11,47,0,10,20.1,21.4,23.1,4.4
2000,9,12,50.5,0,10,19.5,21.1,23.1,4.5
2000,9,13,0,11.6,6.8,21.8,26.3,25.8,4.3
2000,9,14,0,10.4,5,22.6,27.5,24.8,3.2
2000,9,15,0,10.8,0.3,23.6,27.9,25.6,2.3
2000,9,16,0,2.5,8.3,24.8,28.8,24.9,2.4
2000,9,17,6,6.8,7,22.4,25.2,20.4,5.6
2000,9,18,0,11.2,1,19,23.3,16.1,2.8
2000,9,19,0,8.2,5.8,18.8,22.7,17.5,3.6
2000,9,20,0,10.9,0,17,22.3,17.2,4.1
2000,9,21,0,10.9,3.8,18.3,23.3,18.7,3.5
2000,9,22,0,0,10,21.5,23.7,21.3,2.4
2000,9,23,33.5,0,10,19.7,20.9,20.9,2.2
2000,9,24,22,1,9.5,19.7,21.3,20.8,3.8
2000,9,25,0,4.2,10,19.4,21.6,18.3,3.4
2000,9,26,30,3.8,6.8,16.3,18.9,16.8,2.8
2000,9,27,2,7.5,7,16.2,19.7,14.5,3.2
2000,9,28,0,6.9,9,15.9,19.7,13.9,3.4
2000,9,29,0,1.8,7.3,15.9,19.8,15.2,2.6
2000,9,30,17.5,2.2,7.5,15.9,18.8,16.4,2.4
2000,10,1,0.5,4.5,9,18.2,21.3,20.1,3.4
2000,10,2,8,0.3,10,18.2,20.8,19.9,2.2
2000,10,3,10,3.2,7.8,16.7,19.5,18,2.8
2000,10,4,0,1.3,6.3,14.6,17.7,16,3.1
2000,10,5,0,10.4,0.5,12.4,18.1,13.9,2.1
2000,10,6,0,7.1,3.5,14.9,19.1,15,2.8
2000,10,7,0,11,2.3,14.5,18.9,12.3,4.3
2000,10,8,0,0,10,15.6,20.2,14.6,1.9
2000,10,9,14.5,0.1,10,16.5,18.8,18.8,4.1
2000,10,10,0,7.2,3.8,18.3,21,19.5,3.2
2000,10,11,0,9.9,0.5,16.7,20.9,18,2.6
2000,10,12,6,0,10,13.5,17.9,16,5
2000,10,13,0.5,5.3,6.8,13.5,16,12.6,3.3
2000,10,14,3,6.4,9,14,16.1,11.5,4.4
2000,10,15,0,0.8,9.8,14.2,17.1,13.3,2.1
2000,10,16,0,7.5,7.5,14.4,16.7,12.1,3.9
2000,10,17,17,1.4,9.8,12.5,16.8,12.5,3.3
2000,10,18,5.5,4.1,6.5,9.7,14.6,10.9,5.5
2000,10,19,0,10.3,0,7.7,14.1,10.7,3.5
2000,10,20,30.5,0,10,14.4,16.5,16.2,2.2
2000,10,21,0,1.6,10,13.8,17.9,15.2,2.3
2000,10,22,0,7.8,6.5,12.1,17.2,13.8,3.7
2000,10,23,18,0,10,16.5,17.1,16.6,2.9
2000,10,24,0,5.9,7.3,15.9,18.9,16.7,4.2
2000,10,25,19,0,10,16.7,20,19.5,3.9
2000,10,26,10,2.5,7.8,11.6,15.9,13.4,4.6
2000,10,27,0,8.1,4.8,9.6,12.5,8.8,4.7
2000,10,28,1.5,0.2,7.5,7.8,12.2,10.2,4.4
2000,10,29,7,0,10,11.5,13.2,12.8,2.9
2000,10,30,9,0.4,7.5,7.8,11.7,10.3,4.3
2000,10,31,0,6.1,5.3,5.7,12.6,10.4,2.5
2000,11,1,86,0,10,13.1,14.5,15.1,4.6
2000,11,2,81.5,0,10,14.9,15.4,16.2,4.8
2000,11,3,0,5.1,5.8,12.7,16,14.1,4.6
2000,11,4,0,10.1,0,9.5,14.9,11.9,3.2
2000,11,5,0,4.7,5.8,12.2,17.8,13.8,4
2000,11,6,0,9.4,0,12.6,16.1,13.4,3.5
2000,11,7,0,9.5,2.3,10.9,17.3,13.7,3.9
2000,11,8,0,0,8.3,8,12.1,10.2,4.9
2000,11,9,0,7.6,5,7.5,10.5,8.1,3.8
2000,11,10,0,7.5,3,6.7,13.3,10.5,3.2
2000,11,11,7.5,0.4,9.5,6.4,10.6,9.3,5.7
2000,11,12,22,2,6.5,5.1,10.9,9.6,4
2000,11,13,2,3.7,9.8,7.6,10.9,9.5,3.6
2000,11,14,0,5.8,8.8,6.2,11.2,9.1,1.9
2000,11,15,2,0.1,9.8,9,13,11.9,2.5
2000,11,16,4.5,0.1,10,8.9,10.2,9.2,4.9
2000,11,17,17.5,0.1,10,8.9,12.1,11.6,5.6
2000,11,18,2.5,0.3,10,7.2,10.3,8.1,7.1
2000,11,19,0,4.7,9.8,5.4,7.8,6.6,5
2000,11,20,6.5,0,10,7.1,15.7,11.6,6.1
2000,11,21,26,0.2,9.8,6.6,11.2,10.3,5.4
2000,11,22,0.5,0.7,8.3,4.1,6.4,7.1,4.9
2000,11,23,0,5.6,3.3,2.9,8.1,7.8,2
2000,11,24,0,6.8,2.8,5.5,11.1,9.3,2.2
2000,11,25,0,6,7,6.8,11.5,9.2,2.1
2000,11,26,0,5.9,3.8,7.2,13,11.1,3.1
2000,11,27,30.5,0,10,6.5,10.3,9.8,4.7
2000,11,28,1,2.8,9.3,5,6.6,6.2,5
2000,11,29,0,6.1,5.5,0.8,7.6,6.1,4.3
2000,11,30,0.5,2.9,9.3,7.4,9.1,8.2,4.7
2000,12,1,0,5.5,7.3,5.8,9.2,7.2,3.5
2000,12,2,0,8.4,2.3,5.2,8.5,6.9,2.3
2000,12,3,19,2.8,7.5,4,8.7,8.2,4.5
2000,12,4,0,3.1,6,2.7,5.5,5.7,4
2000,12,5,6.5,0.9,7.5,1.6,9.1,7.1,7.8
2000,12,6,4,1.3,9,2.8,6.3,6.2,5.4
2000,12,7,0,7.6,5.5,-0.1,4.6,5,2.6
2000,12,8,0,3.4,2.5,2.1,7.8,6.6,3.3
2000,12,9,0,8.6,2.5,4.7,10.2,8.3,3.1
2000,12,10,14.5,0,9.8,5.3,10.6,9.3,5.1
2000,12,11,16.5,0.4,10,0.8,4.8,7,5.8
2000,12,12,20.5,0.6,10,0.2,2.5,6.1,4.2
2000,12,13,31.5,1.8,10,2.8,4.9,7.2,4.7
2000,12,14,21.5,1.3,10,4.1,6.4,7.6,3.7
2000,12,15,1,6.8,7,4.6,9.1,6.7,5.7
2000,12,16,1,1.5,8.8,4.9,10.5,7.6,7.9
2000,12,17,0,1.9,7.3,1.8,5.6,6.1,3.4
2000,12,18,0,6.6,7.5,1.5,8,5.9,3.2
2000,12,19,2.5,1.1,8.5,6.1,10.9,8.8,7.4
2000,12,20,5.5,2.5,7.8,2.7,7.5,7.1,2.4
2000,12,21,13,0.7,10,4.1,7.6,7.7,4.7
2000,12,22,0,9.1,2.5,2.9,7,6.3,
2000,12,23,4,8.9,3,2.2,9.5,5.6,7
2000,12,24,23.5,0.5,10,2.7,5.3,7.1,6.3
2000,12,25,12.5,0.9,10,1.2,4.6,6.6,8.2
2000,12,26,8,0,10,0,1.7,5.5,6.2
2000,12,27,0.5,0.1,8.3,0.8,2.4,5.4,3.3
2000,12,28,25,1.5,10,1.5,3.5,6.6,4
2000,12,29,0,2.1,5.8,-0.1,2.4,4.8,2.8
2000,12,30,0,6,5.8,-1.2,4.2,4.6,2.2
2000,12,31,7,0,9,2.2,7.6,7.5,4.9
2001,1,1,2,0.9,10,0.6,3,5.5,6
2001,1,2,20.5,0,10,2.6,5.5,6.4,10.7
2001,1,3,0.5,3.1,8.8,2.4,4.5,4.5,12.4
2001,1,4,7,1,9.5,0.2,2.3,5.2,10.5
2001,1,5,15,0.7,10,0.6,2.2,5.8,6.5
2001,1,6,4.5,0.9,10,-0.5,1,5,4.8
2001,1,7,5,0,10,-1.2,1.4,5.2,3.7
2001,1,8,14.5,0.6,10,3.1,5.1,7.4,3.7
2001,1,9,3.5,3.2,9.8,0.7,5.8,7.1,2.3
2001,1,10,14.5,0,9.8,2.7,7,7.7,5.9
2001,1,11,1.5,0.5,10,2.4,5.5,6.2,8.2
2001,1,12,4.5,1.1,10,0.8,3.5,5.1,10.8
2001,1,13,21.5,0,10,0.4,1.5,5.8,5.3
2001,1,14,16.5,0,10,-3.2,-1,4.6,6
2001,1,15,57.5,0,10,-3.4,-2.6,4.6,3.3
2001,1,16,11.5,0.2,10,-2.7,-1.6,4.8,2.6
2001,1,17,3.5,0.1,10,-2.1,0,4.7,4.6
2001,1,18,15,0.4,10,-3.1,1.1,5.3,7.3
2001,1,19,0.5,1.4,9.8,-1.2,0.3,4.3,3
2001,1,20,9.5,0,9.8,-2.7,1.4,5.4,2.6
2001,1,21,2.5,3.5,9.3,1.2,4.4,5.3,4.5
2001,1,22,0,0.1,10,0.8,2.2,5.7,3.8
2001,1,23,1.5,0.1,9.5,-0.3,1.1,5.5,4.4
2001,1,24,0.5,5.9,8.5,-1.2,1.6,4.3,2.7
2001,1,25,12,0,10,-1.3,2.1,5.6,2.9
2001,1,26,3,0.3,10,1.8,3.6,6.4,6.2
2001,1,27,25.5,0,10,1.1,3.3,6.7,4.3
2001,1,28,9,0.2,10,2.2,4,6.4,6.9
2001,1,29,9.5,0.3,9.3,0.4,2.5,5.3,4.3
2001,1,30,13.5,0.7,9.8,0.5,2,6.1,5.1
2001,1,31,0,2.5,8.3,0.3,3.5,5.4,3.6
2001,2,1,6,0.1,10,2.6,5.7,6.2,6.7
2001,2,2,2.5,1.9,9.5,0,2.2,5,5.3
2001,2,3,3,1.5,9.8,-0.1,2.8,5.3,5.8
2001,2,4,0,3,10,-0.6,2,4.7,3.8
2001,2,5,0,7.4,6.8,0,5.3,5.1,2.3
2001,2,6,1.5,2,10,0.7,4.4,6.7,3.3
2001,2,7,0,2.8,6.8,2,4.9,6.5,3.9
2001,2,8,5,3.2,6.3,-0.7,2.3,5.1,6.7
2001,2,9,4.5,0.6,7.5,-1.3,2,5.2,4.8
2001,2,10,12.5,0.2,10,0.9,3,6.1,5.5
2001,2,11,8,1,10,0.1,2.5,5.4,5.6
2001,2,12,1,0.7,10,-1.5,0.3,4.7,3
2001,2,13,0.5,0.8,9.8,-0.3,1.8,5.3,3.2
2001,2,14,7.5,0.9,9,-1.2,0.2,5.2,4.9
2001,2,15,0,6.5,9.5,-1.5,1.4,4.4,3.4
2001,2,16,6,0.2,9.3,-1.3,2,5.1,6.5
2001,2,17,0.5,6,7.3,-1.7,3.2,4.5,3.7
2001,2,18,0.5,0,9.8,6.2,8.3,6.7,6
2001,2,19,1,1.6,9.8,2.2,6.6,7.1,3.9
2001,2,20,0,10.1,1,-0.2,3.6,4.9,3.7
2001,2,21,14.5,5.4,7.3,-0.1,7.6,7.1,3.6
2001,2,22,1,10.1,2.5,4.8,9.3,8.4,2.9
2001,2,23,5,5.8,5,2.2,7.9,7.2,3.1
2001,2,24,7,0,10,2.6,4.5,7.3,6.4
2001,2,25,8,2.3,9.8,-1.1,1.5,5.5,4.8
2001,2,26,0.5,7.3,6.5,-0.9,1.9,4.3,2.6
2001,2,27,0,10.7,2,-1.4,5,4.7,2.1
2001,2,28,4.5,0,10,4.3,8.6,7.8,5.3
2001,3,1,9,0,10,2.7,4.9,7.3,5.3
2001,3,2,1,2.7,9.8,1.7,4.1,5.8,3.3
2001,3,3,0,2.1,7,1,5.3,5.3,2.7
2001,3,4,16,0.5,10,0.9,5.3,6.6,7
2001,3,5,4.5,0.9,9.5,0.5,4.4,5.9,11.1
2001,3,6,0,3,5.5,4.8,9.8,6.5,6.8
2001,3,7,3.5,1.7,9.8,1.9,6.7,6.1,7.9
2001,3,8,11.5,1.1,10,-1.4,0.6,5.3,4.2
2001,3,9,4.5,2.5,9.8,-1.3,1.5,4.9,5.2
2001,3,10,12,0,10,-0.7,1.7,5.6,5.6
2001,3,11,5,3.6,6.5,-1.4,0.3,5.1,2.9
2001,3,12,4.5,9.1,4.8,-3,2.1,4.3,4.1
2001,3,13,0,4.3,7,-0.9,2.4,4.5,4.9
2001,3,14,0,10,3.3,-0.8,9.5,4.9,4.3
2001,3,15,8.5,1.7,10,4.5,9.6,8.2,6
2001,3,16,0,10.9,5,1.5,5.3,5.6,2.4
2001,3,17,6.5,0.6,10,3.1,7.6,6.7,2.8
2001,3,18,15.5,6.3,8,7,10.3,8.9,5.8
2001,3,19,0,9.8,5,6.9,11.8,6.9,5.5
2001,3,20,0,6.3,4.5,9.5,15.7,5.8,6.4
2001,3,21,0,7,7.5,7.4,12.2,8.6,4.8
2001,3,22,0.5,8.9,3,5.7,13.9,7.3,5.2
2001,3,23,0,3.5,10,7.2,10.5,6.7,3.9
2001,3,24,0,11.2,2.5,3.8,11.9,6.8,2.2
2001,3,25,2,0,10,8.6,12.3,10.4,1.9
2001,3,26,1,6.9,6.8,6.4,9.7,7.5,3.9
2001,3,27,1,7.4,5.8,5.7,8.4,5.6,5.3
2001,3,28,4,0.7,9.8,4.9,6.7,7.2,5.6
2001,3,29,5,0,10,3.7,5.7,7.9,6
2001,3,30,21,3.3,8.3,0.4,4.2,6.2,2.5
2001,3,31,4.5,0.5,9.5,2.1,3.7,6.3,4
2001,4,1,4.5,8.5,5.3,1.5,6.1,5.8,3.5
2001,4,2,0,9.8,6.3,5.7,12.8,6.5,5.9
2001,4,3,14.5,0.7,9,5.3,8.5,8.1,4.2
2001,4,4,0.5,10,2.8,3.8,7.4,6.1,3.3
2001,4,5,0,10.6,3.5,3.2,11.5,5.8,4
2001,4,6,0,10,8,7,11.6,9.1,4.2
2001,4,7,0,10.7,3.8,7.9,13.5,10.1,3.7
2001,4,8,0,11.2,0.8,8.5,16.1,9.4,2.5
2001,4,9,0,8.5,5.8,11.7,17.2,10.3,4.5
2001,4,10,0,8.3,7,11.2,15.7,12,2.5
2001,4,11,0,6.9,7.5,11,14.9,12.5,1.9
2001,4,12,18,0,10,8,11.5,11.1,5.2
2001,4,13,0,11.1,0.5,7.9,12.3,7,7
2001,4,14,1,3.3,7,7.3,13,8.1,5.4
2001,4,15,0,10.2,2.8,8.5,13.3,8.1,6.7
2001,4,16,0,11.5,1.5,7.1,14.4,8.8,2.9
2001,4,17,0,10.6,3.8,9.1,16.6,8.7,2.7
2001,4,18,0,5.7,8.5,12.2,16.3,10.6,2.1
2001,4,19,0,11.3,2,12.5,16.5,11,3
2001,4,20,0,0.3,9.8,7.3,10.2,9.2,5
2001,4,21,0,1.6,9.3,5.6,9.2,7.2,4.9
2001,4,22,0,11,2.8,6.7,9.8,7.6,5.3
2001,4,23,0,11.9,0.8,5,13,6.2,3.4
2001,4,24,3,0.7,10,10.9,14.7,10.5,3.8
2001,4,25,1,5.2,8.5,8.5,11.3,9.6,4
2001,4,26,0,12.3,0,5.8,10.9,7.1,2.8
2001,4,27,0,11.7,4.8,6.1,13.2,5.9,2
2001,4,28,0,11,4.5,9.1,16.8,6.2,2.7
2001,4,29,2.5,3.5,8.3,11.4,16.7,9.6,3
2001,4,30,0.5,7.4,8,12.6,16,12.4,7.2
2001,5,1,0,0.1,7.5,11.8,14.3,13,2.7
2001,5,2,7.5,0,10,12.5,14.5,13.6,3.5
2001,5,3,12,3.4,9.8,11.7,14,13.1,3.1
2001,5,4,0,4,7.8,11.2,13.5,11.8,3.3
2001,5,5,0,10.3,7.5,10,16.4,12.2,2.9
2001,5,6,0,10.7,3,13.5,20,13.7,3
2001,5,7,0,9,6.8,16.1,22.6,12.6,3.6
2001,5,8,17,0,10,15.9,17.4,16.9,4.5
2001,5,9,5.5,0.3,10,15.6,16.8,17.2,4
2001,5,10,0,7.7,7,13,16.4,13.9,3.5
2001,5,11,0,12.2,3.5,11.3,15.9,10.7,5.2
2001,5,12,0,13.3,0.8,10.8,15,11.7,2.5
2001,5,13,0,13.5,0,11.2,18.7,9.7,2.2
2001,5,14,0,10.3,6.5,14.7,21.2,12.2,2.5
2001,5,15,0,10.9,6.3,17.3,22.5,14.1,2.7
2001,5,16,0,6.2,6.3,15,19.4,14.3,4.3
2001,5,17,0,12.9,0.3,12.2,19,7.7,2.8
2001,5,18,0,12.2,3.3,14.7,22.9,10.1,4.7
2001,5,19,0,2.7,7.5,17.9,21,14.7,5.4
2001,5,20,0,12.4,2.3,15.8,22.6,15.7,3.3
2001,5,21,0,6.8,7.5,16.8,23.6,14.6,2.9
2001,5,22,13.5,0,10,17.7,19.9,17.7,2.5
2001,5,23,11.5,0,10,17.6,18.4,19.3,2.5
2001,5,24,5.5,0,10,17.6,18.5,19.5,1.9
2001,5,25,0,0,10,16.8,18.1,18,2.6
2001,5,26,0,4.3,8.5,16.5,20.5,18.1,4
2001,5,27,0,5,10,15.9,19.2,17,3.1
2001,5,28,0,12.5,3.8,14.7,18.6,15.2,3.3
2001,5,29,0,12.8,0.5,14.8,21.5,14.2,2.5
2001,5,30,2.5,3.7,9.8,17.8,21.2,15.6,2.4
2001,5,31,11,0,10,16.7,18,18.3,4
2001,6,1,0,12.7,7,16,19.7,15.1,5.2
2001,6,2,0,6.3,7.3,16.5,20,14,3.9
2001,6,3,0,13.8,0.5,13.5,21.6,11.3,4.5
2001,6,4,0,11.5,7.3,19.3,22.6,15.2,3.9
2001,6,5,10.5,2.8,10,18.2,22.3,16.5,2.4
2001,6,6,18,0,10,18.3,20.1,21.1,2.8
2001,6,7,1.5,1.6,9.5,19.1,20.7,20.9,4.3
2001,6,8,0.5,0,9.8,18,19.9,19.5,3.3
2001,6,9,0,3.9,7.5,17.9,21.2,19.7,2.4
2001,6,10,0,2.5,10,19.7,21,20.5,2.9
2001,6,11,0,7.5,7.5,15.8,19.8,17.3,4.5
2001,6,12,0,7.7,7.3,14.4,18.6,14.9,4.5
2001,6,13,1,3,10,16.9,19.7,15.8,5.8
2001,6,14,27,0,10,17.1,17.7,18.4,4.6
2001,6,15,16,0,10,17.1,17.5,18.4,4
2001,6,16,0,0.1,10,16.4,18.4,17.2,2.3
2001,6,17,0,8.4,9.3,16.1,20.7,17.9,2.2
2001,6,18,0.5,6.8,6,17.6,23.6,19.7,2.2
2001,6,19,20.5,0,10,21.4,23.4,23.3,5.9
2001,6,20,19.5,0,10,17.4,20.1,21.7,4.5
2001,6,21,1,0.4,8,17.1,18.9,18.5,4.5
2001,6,22,0,4.7,8.5,18.3,21.3,19.8,2.6
2001,6,23,1,0,10,19.5,21.2,21.3,1.7
2001,6,24,31.5,1.4,10,19.9,22,23.8,2.1
2001,6,25,11,1.8,9.8,21.8,25.2,25.3,5.5
2001,6,26,0,5.7,8.3,21.7,25.9,25.2,5.6
2001,6,27,39,0.4,8,21.6,23.5,24.3,4.8
2001,6,28,0,4.6,8,21.6,25.7,22.8,5
2001,6,29,0,4.8,10,23.4,25.3,26.4,3.9
2001,6,30,46.5,0,10,22.4,25,27,4.9
2001,7,1,0,0.1,9.8,20.6,22.5,22.8,5.1
2001,7,2,0,7.1,5.8,20,25.5,25,2.4
2001,7,3,0,4.8,7.8,25.6,27.5,27.1,4.1
2001,7,4,0,11.9,5.3,24,27.2,23.7,4.7
2001,7,5,2,11.3,5.8,24.2,27.9,24.2,4.9
2001,7,6,20,0,10,20,23.5,25.1,4.6
2001,7,7,0,8.5,5.8,19.5,22.5,20.4,6
2001,7,8,0,10.5,0.3,20,24.5,22.6,2.8
2001,7,9,0,10,1.5,21.7,26.3,24,2.2
2001,7,10,0,12,3.5,23.1,27.7,23.3,2.2
2001,7,11,0,7,5.5,24.1,29.2,23.2,3.8
2001,7,12,30,2.9,10,24.4,29,26.8,5.7
2001,7,13,1,6.5,7.8,25.6,28.9,27.9,4.4
2001,7,14,0.5,9.1,5.5,24.9,28.7,29.3,2.3
2001,7,15,1,9.2,4,26.5,29.2,29.5,2.5
2001,7,16,5,2.3,6.5,24.9,27.5,28.8,1.8
2001,7,17,1.5,0,9.5,23.3,24.8,26.8,3
2001,7,18,1,7,8.8,22.8,25.8,25.9,2.6
2001,7,19,4,6.3,6,22.7,25.3,25.8,2.6
2001,7,20,0,12.3,1.8,22.5,26.7,25.9,2
2001,7,21,0,11.4,9.3,24.7,28.9,27.3,2.3
2001,7,22,0,13,5.5,26,30.1,28.5,2.8
2001,7,23,0,12.9,0.8,26.7,30.3,28.2,3.8
2001,7,24,0,10.1,5.8,27,29.3,29.7,4.2
2001,7,25,0,10.2,5.5,24,27.6,27.8,3.6
2001,7,26,0,9.3,5.3,22.8,26,24.4,5
2001,7,27,0,5.6,7,23.7,26.5,27,3.9
2001,7,28,0,8.9,5.8,23.8,27.2,26.7,2.1
2001,7,29,0,11.2,1.5,24.8,29.3,26.3,3
2001,7,30,0,11.3,1.3,25.5,29.9,26.7,3.2
2001,7,31,0,11.6,1.5,26.2,30,26.8,2.8
2001,8,1,0,13.1,0.3,26.1,30.2,28.2,2.8
2001,8,2,0,13.2,0.3,26.4,30.1,31.4,3.9
2001,8,3,0,12,0.5,27,30,31.5,2.3
2001,8,4,0,7.7,5.3,25.8,28.4,29.4,3.2
2001,8,5,0,11.1,4,23.6,26.6,23,5.1
2001,8,6,0,7,8.8,22.4,27.1,24.4,2.3
2001,8,7,0.5,6.6,6.3,24.1,28.2,27,3.1
2001,8,8,1,8.8,5,24.9,29.7,26.7,4
2001,8,9,21,0.2,10,24.2,26.4,29.8,2.8
2001,8,10,8,1.3,10,25.3,26.8,29.2,2.9
2001,8,11,0,5.5,10,24.3,26.5,25.9,4.8
2001,8,12,0,5,9,23.9,26.1,26.2,4
2001,8,13,0,11.3,3.5,25.2,28.7,28.4,3.1
2001,8,14,0,10,0,26.1,29.7,28.5,3.3
2001,8,15,0,12.4,0,25.7,29.4,28.6,3.2
2001,8,16,0,9.4,3.8,25.2,28.8,28.1,3.8
2001,8,17,0,8.2,2.8,25.1,28.2,27,5.2
2001,8,18,0,8.7,5.8,24.8,28.2,26.7,3.8
2001,8,19,0,8.4,4.5,26,28.5,28.3,2.9
2001,8,20,0,3.1,10,25.6,27.6,28.5,2.7
2001,8,21,2,0,10,23.6,25.5,27.3,3.6
2001,8,22,27,0,9.8,23.5,25,28,3.3
2001,8,23,0.5,11.7,3,22.6,26.3,25.5,2.9
2001,8,24,0,9.2,5.3,22.6,26.8,24.9,2.4
2001,8,25,0,9.7,8.5,24.1,27.5,25.5,2.9
2001,8,26,2,0,10,23.2,24.5,25.4,2.6
2001,8,27,0,5.3,9,23.3,25.6,24.6,2.4
2001,8,28,0,9.2,6.3,22.1,25.5,22.7,4
2001,8,29,0,9.2,4.8,21.7,25.2,23,3.4
2001,8,30,18,1,10,20,23.1,23.4,2.7
2001,8,31,3,3,7.5,19.5,22.2,20.7,3.8
2001,9,1,0,8.6,9.3,18.6,23.3,20.2,3.6
2001,9,2,0,8.4,5.3,19.3,24,21.2,4.2
2001,9,3,41,0,10,19.9,22.2,22.5,1.9
2001,9,4,6.5,5.8,9.5,19.7,22.5,22.5,2.3
2001,9,5,0,10.7,4.3,20.4,24.5,22.3,2.6
2001,9,6,3,0.4,9.3,21.3,23.5,22.3,2.3
2001,9,7,28,0,10,22,23,25.1,2
2001,9,8,0,7.6,6.5,21.2,24.6,25.3,5.1
2001,9,9,0,10.1,4,22.5,26.5,27.9,3.5
2001,9,10,14,0,10,24.4,25.2,28.7,3.4
2001,9,11,13,0,10,20.4,22.5,25.4,6.9
2001,9,12,6,5.1,9.8,20.3,22.3,22.8,3.3
2001,9,13,0,0.2,10,20.4,22.5,21.1,3.9
2001,9,14,27.5,0.2,10,20.5,22.4,23.6,4.2
2001,9,15,19.5,0,10,20.7,23.1,24.7,3.5
2001,9,16,1.5,8.8,6.5,20.4,23.6,23.3,4.5
2001,9,17,0,5.3,9.3,21.2,23.6,23.5,2.2
2001,9,18,0,7.1,5.8,21.1,24.1,23.4,2.6
2001,9,19,0,1.2,9.3,20.1,21.8,19.9,4.4
2001,9,20,0,11.3,4.8,19,22.2,18.5,4.5
2001,9,21,4,0,9,14.4,17.3,16.2,4.5
2001,9,22,0,9.2,4.5,12.7,16.4,10.9,6
2001,9,23,0,11.7,0,10.3,16.9,11.8,2.2
2001,9,24,0,11.5,0,13.6,19.6,14,2.5
2001,9,25,0,9,6.5,14.1,20.2,14.7,2.2
2001,9,26,0,10,5.5,17.9,21.8,17.7,2.1
2001,9,27,2.5,7,8.8,17.9,22.6,18.9,2.2
2001,9,28,68.5,6.9,4,13.9,19.2,15.6,4.7
2001,9,29,0,8,8.3,12.3,16.9,12.4,4.1
2001,9,30,2.5,0,10,16.4,17.9,15.6,5
2001,10,1,10,0.5,10,17.7,21,21.4,4.3
2001,10,2,14,3.2,8,17.5,19.6,16.1,5.1
2001,10,3,0,9.5,6.5,14.7,18.5,13.9,5.1
2001,10,4,0,6.2,6.8,15.7,20.1,16.7,3.1
2001,10,5,1.5,2.1,9.8,18,21,18.7,3.2
2001,10,6,0,9.6,7.8,16.3,19,15.2,2.8
2001,10,7,0,9.1,2.5,15,19,14.9,5.9
2001,10,8,0,6,7.8,16.4,19.8,16.4,3.3
2001,10,9,1.5,4.1,7.8,15.1,19.2,16.1,2.4
2001,10,10,19.5,1.1,10,17.6,19.6,19.1,3.5
2001,10,11,1,5.6,7.5,17.8,20.9,17,4.6
2001,10,12,20.5,1.5,9,16,18,16.4,4.4
2001,10,13,6.5,5.2,6.5,14.3,17.7,14.6,2.6
2001,10,14,0,9.8,3,12.9,17.1,13,2.4
2001,10,15,0,9.8,1.3,10.8,16.7,12.8,4.1
2001,10,16,18,0.3,10,16.1,19.2,16.2,2.4
2001,10,17,49.5,0,10,13.5,15.4,15.3,3.3
2001,10,18,0,3.1,6.5,11.3,14.4,11,6.1
2001,10,19,0,8.7,4.3,10.2,14.3,9.9,4.5
2001,10,20,0,9.9,2.5,8.4,14.5,10.5,3.8
2001,10,21,0,0.5,10,13.2,17.6,13,2.2
2001,10,22,22,0,9.8,15.5,16.6,16.2,2
2001,10,23,1,7.5,4.5,14.9,18.4,16.7,3.3
2001,10,24,0,9.8,4,13,16.6,14,2.2
2001,10,25,0,9.5,1.8,12.4,16.1,12.5,3.1
2001,10,26,0,10.2,3.5,10.2,14.8,11.2,3
2001,10,27,0,9.6,4,9.8,15.4,12,2
2001,10,28,1,0.3,10,13.9,18.4,13.8,4.6
2001,10,29,4,1.1,9.3,10.3,14.8,12.7,4.8
2001,10,30,0,7.2,5,8.3,14.1,11.2,2.4
2001,10,31,0,9.3,1,12,15.6,11.1,2.4
2001,11,1,7.5,2.7,7.5,10.7,16.8,11.4,3.8
2001,11,2,21,6.6,9.8,12.6,15,11.5,3.8
2001,11,3,23.5,0,9.3,10.1,12.9,11.7,2.9
2001,11,4,0,6.2,5.5,7.6,11.6,8.8,3.4
2001,11,5,10,2.1,8.8,6.3,12.4,11.6,2.5
2001,11,6,66.5,0,10,9.4,13,11.4,6.3
2001,11,7,0,5.6,5.8,6,10,7.7,3
2001,11,8,0,5.1,7.8,5.7,11.3,9,1.7
2001,11,9,0,0.3,9.8,10,13.5,11.5,3
2001,11,10,7.5,4,6.5,8.3,12.3,10.3,5.1
2001,11,11,0,9.4,4.5,5.8,11,8.3,1.7
2001,11,12,11.5,0.6,10,9.4,11,10.1,2.8
2001,11,13,5,3.4,10,7.6,9.5,7.6,3.2
2001,11,14,2.5,3.2,6.5,4.7,8.4,7.6,3.4
2001,11,15,13.5,9.6,3.3,3.3,9.3,6.3,3
2001,11,16,9.5,4.2,8,8.9,12.3,9,5.6
2001,11,17,27,0.8,10,8.4,10.6,10,5
2001,11,18,0,2,7.3,6.2,9.2,8,1.9
2001,11,19,0.5,6.9,6,6,9.8,8,2.1
2001,11,20,0,9.6,0,4.8,9.6,7.2,2
2001,11,21,0,9.6,0,5.6,10.5,8.2,2
2001,11,22,0,4.9,3,6.2,11.6,9.4,2.4
2001,11,23,0,8.3,1.3,7.2,12.6,9.8,3.2
2001,11,24,0,9.5,0,7.8,12.9,8.4,3.5
2001,11,25,1,6.8,5,5.4,13,8.9,5.7
2001,11,26,12,1,9.8,5.9,9.8,8,6.9
2001,11,27,23.5,1.1,9.8,4.1,5.9,7.5,4.7
2001,11,28,3,1.5,9.5,7.3,9.5,8.4,7.1
2001,11,29,4,1.6,10,9.4,12.7,10,4.8
2001,11,30,10,1.4,9.5,7.2,12.2,10.5,5.7
2001,12,1,2.5,2,8.5,6.9,9.8,8.3,4.7
2001,12,2,5,0.6,9.5,7,9.6,9.4,3.8
2001,12,3,4,0.3,9.8,7.6,11.7,9.4,4.5
2001,12,4,2.5,2.7,9.3,8,9.4,9.7,3.3
2001,12,5,1.5,4.3,8,7.8,11.2,9.7,4.7
2001,12,6,23.5,0.3,10,7,10.1,9.6,5.7
2001,12,7,0,3.1,8.8,3.4,5.9,6.7,5.2
2001,12,8,2.5,3.7,5,2.3,7.3,7.4,3.3
2001,12,9,2,0.2,10,4.9,6.4,7.1,5.1
2001,12,10,2.5,0,10,3,4.5,5.7,4.7
2001,12,11,0,0.4,9.8,3.3,5,5.4,3.1
2001,12,12,0,8.6,6.5,3.3,6.3,5.6,3.1
2001,12,13,30,0,9,5,9.2,9.4,4.9
2001,12,14,6.5,1.3,10,2.7,5.7,6.2,11.8
2001,12,15,12,1.1,9.5,2,4.3,6,12.8
2001,12,16,10.5,0.5,10,2.2,4.5,6.6,4.2
2001,12,17,9.5,1.3,10,4.5,6.8,7.7,5.8
2001,12,18,6.5,0.6,8,1.5,3.5,6.1,3.9
2001,12,19,3,3,10,2.1,4.1,6.5,3.3
2001,12,20,2,0.6,9.8,3,4.3,6.6,3.7
2001,12,21,10.5,0,10,3.3,6.4,6.4,4.6
2001,12,22,8,2.3,9,2.6,5.3,6,7.6
2001,12,23,0,2.6,8.3,2,4.2,5.6,2.5
2001,12,24,10.5,2.3,7,1.4,5,6.7,5.4
2001,12,25,2,5.6,6,0.5,4.7,6.7,3.8
2001,12,26,4,0.5,10,2.2,4.8,6.1,3.4
2001,12,27,0,0.6,9.8,2.4,4.2,6.2,3.5
2001,12,28,5.5,0.4,9.8,2.4,3.4,6.6,3.9
2001,12,29,0,8.9,4,0,5.7,4.9,5.3
2001,12,30,11,0.7,10,0.9,4.8,5.9,11.4
2001,12,31,4.5,2.2,9.8,0.8,3.5,6.5,3.3
2002,1,1,22.5,2.1,9.5,1.7,6.2,6.6,7.1
2002,1,2,24,0,10,-1.7,0.6,5.4,7.4
2002,1,3,9.5,0.1,10,-0.4,2.1,5.3,7.8
2002,1,4,25,0,10,1.2,4.2,6.8,7.3
2002,1,5,13,0.2,10,0.5,4,6.2,8.3
2002,1,6,7.5,0.1,10,0.5,1.8,5.7,3.4
2002,1,7,25.5,6.7,5.5,-1,5.6,5.7,5.3
2002,1,8,31,0,10,0.6,3.1,6,11.4
2002,1,9,16.5,0.3,10,2.2,4.1,6.5,7
2002,1,10,3,1.6,10,3.5,6.9,7.2,6.8
2002,1,11,19.5,0.1,9,4.3,7.8,8.4,4.8
2002,1,12,0,0.3,6.5,3.1,8.4,8,4.2
2002,1,13,0,3.7,8.5,4.3,7.7,7.2,4.2
2002,1,14,0,8.1,0.3,2.3,6.1,6.7,2.9
2002,1,15,1.5,0.3,7.5,3.3,11.8,10.6,4.4
2002,1,16,48,0,10,5.3,9.4,10.9,4.2
2002,1,17,2.5,0.4,10,2.3,3.9,6.5,4.1
2002,1,18,2,0,10,1.9,3.4,5.8,2.7
2002,1,19,0,5.2,8.5,1.3,4.2,5,4.2
2002,1,20,0,7.3,5,0.1,5.5,5.9,3.6
2002,1,21,34.5,0,10,6.4,7.5,9,4.1
2002,1,22,34,0.3,10,0.7,3.3,6.6,8.6
2002,1,23,31,0.2,10,0.5,1.4,6,8.9
2002,1,24,18.5,0.2,10,0.7,1.8,6.2,3.5
2002,1,25,4,0,9.8,0,1.6,5.7,2.5
2002,1,26,3.5,0,7.5,-2.3,1.6,4.9,4.3
2002,1,27,27,0,10,2.9,4.6,7.1,6.5
2002,1,28,5,0.2,10,2.6,4.1,6.3,5.2
2002,1,29,15,0,10,0.2,1.5,5.8,4.3
2002,1,30,23.5,0.9,10,0.3,2.1,5.9,5.9
2002,1,31,3.5,0.6,9,0.5,1.9,5.1,4.1
2002,2,1,1.5,5.8,7.5,-1.3,2.9,5.6,4
2002,2,2,0,0,9,3.3,6,6,3.4
2002,2,3,0,0.2,10,3.1,5.1,6.9,3.3
2002,2,4,0,6.5,4.8,1.2,5.1,6.1,3.7
2002,2,5,0,0.5,10,2.1,6.8,7.1,2
2002,2,6,1,6.6,4.5,2.8,7.1,7,3
2002,2,7,3,1.7,6.5,2.3,6.5,6,5.6
2002,2,8,0,3.3,6.8,3.3,8.5,4.5,5.2
2002,2,9,19,0,9.5,-0.5,2,6.1,4.5
2002,2,10,6,5.5,8.8,-1.1,1.2,5.2,4.4
2002,2,11,18,2.7,9.5,-1.7,0.3,5.1,4.8
2002,2,12,14,0.3,10,0.1,1.1,5.8,3.4
2002,2,13,2,3.3,7.5,-1.1,1.7,5.1,2.7
2002,2,14,1.5,0.9,9.5,-2.1,0.7,5.1,2.6
2002,2,15,7.5,3,9,0.3,2.2,5.2,2.8
2002,2,16,0,5.6,10,0.5,4.6,4.6,2.9
2002,2,17,0,0.2,9.3,3,8,6.3,3.7
2002,2,18,10.5,0.4,10,-0.1,4.1,6,8
2002,2,19,10.5,0,10,-0.4,2.2,5.6,6.5
2002,2,20,0.5,7,5.5,2.3,6.3,6.2,4.2
2002,2,21,0,7.1,6,3,8.7,7,3.6
2002,2,22,5,1,9.5,7.2,9.2,8.9,4.8
2002,2,23,0.5,8.5,7.8,3.8,6.7,6,3.3
2002,2,24,0,5.4,5.5,1.5,4.8,5.4,4.4
2002,2,25,0,9.7,4.8,-0.8,4.3,5.5,2.4
2002,2,26,0,0.2,8,4.5,8.1,7.4,2.8
2002,2,27,0,3.2,7.5,4,9,7.8,1.8
2002,2,28,8,0,10,7.3,8.7,9.7,2.1
2002,3,1,1,4.2,8,7.3,9.5,9.1,3.3
2002,3,2,0,3.4,5,1.8,5.5,7.1,4.4
2002,3,3,0,8.6,3.5,0.1,2.9,4.5,4.2
2002,3,4,0,9.7,3.5,-1.1,5.4,5.1,3.1
2002,3,5,26,0,10,3.3,7.1,7.1,2.7
2002,3,6,18.5,0.6,8.5,5.8,8.7,9.2,7
2002,3,7,11,0.8,10,2.2,5.2,6.5,6.7
2002,3,8,4,4.2,8,0.5,3.8,5.8,2.9
2002,3,9,0,11,0,1.2,8.4,4.9,5.8
2002,3,10,12.5,2.4,5.3,3.9,9.9,8.2,6
2002,3,11,0,10.6,2.8,4.3,8.4,6.3,4.6
2002,3,12,0,6.3,3.8,6,10.5,7.8,5.5
2002,3,13,0,10.7,2,3.7,8.2,5.3,3.5
2002,3,14,0,6.3,8.5,4.3,12.9,5.6,3.3
2002,3,15,4.5,0,10,9,12.6,11.4,6.7
2002,3,16,0,7.6,5,6.8,9.4,8.1,2.6
2002,3,17,0,2.9,6.5,5.1,11.7,7.5,5.3
2002,3,18,1.5,2.7,4,5.3,10.1,6,5.2
2002,3,19,0,9,6.8,7.9,12,6.3,8.1
2002,3,20,0,10.2,3,6.9,10.4,6.8,3
2002,3,21,4,3.2,7.5,7.3,15.5,8.4,8.8
2002,3,22,1.5,0,10,7,9.8,8,3.4
2002,3,23,7,1.3,9,3.2,6.9,6.6,7.8
2002,3,24,12,2,10,0.8,4.5,6.7,3.9
2002,3,25,0,10.8,5.8,2,6.7,6,2.6
2002,3,26,1.5,8.9,5.8,3.8,12.2,8.7,2.4
2002,3,27,27.5,0.3,10,4.9,9.4,9.7,4.5
2002,3,28,0,11.4,3.5,1.4,7.1,5.9,2.7
2002,3,29,26.5,0.7,10,5.8,11.4,9.6,3.4
2002,3,30,0.5,2.5,7,8.2,11.1,10.7,3.5
2002,3,31,0,3.5,9.8,6.7,11.6,10.1,4.6
2002,4,1,0,10,2.3,9.4,15,9.1,4.6
2002,4,2,0,10.4,2.8,10.9,15.7,9.6,3.8
2002,4,3,1.5,7.8,6.3,9.2,13.6,10.5,6.9
2002,4,4,0,9.9,3.3,7.4,10.7,8.2,4.4
2002,4,5,0,11.7,0,4.3,9.8,7.5,4.6
2002,4,6,8.5,4.3,10,6.4,11.9,9.2,3.5
2002,4,7,9.5,3.3,7.5,10.9,16.9,14.1,3
2002,4,8,0.5,0,9.8,11.9,14.7,13.8,3
2002,4,9,5,0.1,10,9.5,11.7,10.2,3.4
2002,4,10,0,5.2,5.8,7.1,11.1,7.4,2.3
2002,4,11,1,8.3,9.8,8.4,12,8.5,2.9
2002,4,12,14,3.2,7,7.8,10.3,9.2,2.8
2002,4,13,0,2.1,5.8,5.4,11.7,7.9,5.5
2002,4,14,0,10.1,5.8,7.1,16.5,6.5,3.8
2002,4,15,0,4.8,9.8,11.2,19.8,10.2,4.3
2002,4,16,1.5,1.1,10,18.8,22.5,13.7,6.4
2002,4,17,22,0,9,10.4,16.6,12.9,7.2
2002,4,18,0,9.1,8.3,9.8,12.8,7.7,4.8
2002,4,19,0,10.4,5.5,7.3,12.3,7.7,2.9
2002,4,20,0,10,8.5,9.8,16.9,10.5,2.6
2002,4,21,16,0,10,13.3,15.4,14.2,2.7
2002,4,22,0,12,2.3,12.6,17.8,15,2.6
2002,4,23,0,5.3,8,14.4,19.8,15.2,1.8
2002,4,24,10.5,0.1,10,12.6,19.3,15.1,3.8
2002,4,25,0.5,5.4,10,9.6,12.5,9.2,6
2002,4,26,0,6.6,8.5,9.1,11.5,8.5,6.3
2002,4,27,0,7.3,8.5,8.7,12.7,9.1,6.2
2002,4,28,0,9,6.3,11,14.8,10.4,5.3
2002,4,29,0,10.9,3.8,10.9,17.7,11.5,3.1
2002,4,30,25.5,0,10,16.6,18.1,15.8,5.2
2002,5,1,23,8.3,8.3,12.2,15.3,13.1,6.8
2002,5,2,0,12.2,0,11.7,16.9,11.2,5.5
2002,5,3,0,9.5,7.5,13.4,20.4,13.3,2.2
2002,5,4,34.5,0,10,16.2,18.6,18.3,2.7
2002,5,5,2,0,10,12.3,15.5,14.9,3.9
2002,5,6,0,10.3,7.3,9.9,14.3,8.8,6.6
2002,5,7,23,0,10,12.6,13.6,13.2,4.2
2002,5,8,14.5,0.1,10,13.7,15.9,16.7,3.8
2002,5,9,0,0,10,13,14.6,14.3,3
2002,5,10,23.5,0.6,10,14.3,16.4,16.3,4
2002,5,11,8.5,0,10,14.3,15.1,15.9,2.6
2002,5,12,0,1.1,9,13.7,15.3,13.6,2.9
2002,5,13,0,9,4.8,10.9,15.6,12.9,2.8
2002,5,14,0,11.3,7.8,12.2,16.8,14,2.8
2002,5,15,0,5.5,10,14.5,17.4,14.3,6.6
2002,5,16,6.5,0.5,10,14.8,16.9,16.2,3.3
2002,5,17,36.5,0,10,15.4,16.2,17,2.1
2002,5,18,9.5,3.6,7.3,12.8,15.5,14.7,3.7
2002,5,19,0,0.8,9.8,12.3,14.7,13,2.1
2002,5,20,1,3.8,8,10.6,14.7,12.7,3.8
2002,5,21,0,10.1,4.3,14.4,17.6,14.6,4.8
2002,5,22,0,4.3,7.3,13.4,20.1,12.8,2.6
2002,5,23,0,9.7,7.8,16.9,20.3,14.1,2.3
2002,5,24,0,9.9,3.3,15.9,18.3,15.2,4.2
2002,5,25,0,13.4,0.8,13.1,18.1,11.1,2.9
2002,5,26,0,9,5.5,12,17.4,11.8,3.7
2002,5,27,0,9.5,3.5,14.5,17.5,14.7,3.1
2002,5,28,0,13,3.8,13.6,17.7,14.3,2.6
2002,5,29,0,7.7,5,14.9,20.2,12.4,2.9
2002,5,30,0,3.2,7.8,16.4,21.6,16.5,3.3
2002,5,31,0,9.5,7.3,18.4,21.9,15.9,3.7
2002,6,1,0,10.8,6.3,18.8,22,18.5,3.9
2002,6,2,0,12.2,4,16.8,20.4,15,3.7
2002,6,3,0,12.7,0,14.4,20.6,12.3,2.9
2002,6,4,0,4.5,3.8,16.1,21.3,14.5,2.6
2002,6,5,0,11.2,2.5,17.5,20.9,16.8,4.4
2002,6,6,0,13,0,16.6,21.3,16.1,3.8
2002,6,7,0,12.7,2.3,17.7,24,17.1,2.5
2002,6,8,0,11.4,6.5,19.9,24.2,18.3,4.1
2002,6,9,0,13.3,2.5,17.3,20.4,13.8,3.3
2002,6,10,0,10.8,9.5,15.9,23.2,11.3,2.2
2002,6,11,51,0.4,9.8,20.5,25.1,23,3.4
2002,6,12,0,8.6,10,21.7,23.5,23.2,4.2
2002,6,13,0,8.4,8,20.9,24.3,21.4,2.8
2002,6,14,28,3.4,10,19.4,22.6,21.9,2.2
2002,6,15,0,1.6,8.5,19.2,20.9,19.8,2.9
2002,6,16,0,8.1,7.5,18.1,21.8,19.5,2
2002,6,17,0,5.5,9.5,19.1,22,18.5,2.7
2002,6,18,0,4.5,8.3,19.8,21.9,19.8,4.6
2002,6,19,0,13.8,4.8,17.7,22.7,17.8,3.1
2002,6,20,0.5,0,10,19,22.5,19.6,2.9
2002,6,21,0.5,8.8,7.3,18.9,22.7,21.4,3.8
2002,6,22,16,2,9.3,17.3,20.2,19.2,3.6
2002,6,23,6,4.2,10,16.2,18.3,17.2,3.3
2002,6,24,2.5,2.3,10,15.3,17.8,14,5.4
2002,6,25,1.5,0,10,15.2,16.4,15.3,4.3
2002,6,26,0,0.2,9.8,14.4,18.4,15.6,2.5
2002,6,27,0,0,10,17,19.3,18,2.1
2002,6,28,0,13.4,1.3,16.1,21.8,18.5,3.4
2002,6,29,0,3,8.3,19.2,23.5,19.9,2.7
2002,6,30,0,1.9,7.8,20.7,24.1,21.7,1.7
2002,7,1,23.5,0.2,10,21.2,23.6,25.1,3
2002,7,2,29.5,0.4,10,22,23.4,25.6,2.5
2002,7,3,65,2.3,9,21.3,24.6,26.6,2.5
2002,7,4,0,8.8,9.5,23.7,26.5,27.6,2.9
2002,7,5,0,2.6,10,23.8,27.2,26.9,3.1
2002,7,6,0,2.3,10,24.4,28.6,24.7,2.5
2002,7,7,0,10.7,4.5,25.7,29.6,25.5,5.4
2002,7,8,0,7.3,7.8,24.9,27.6,26.6,2.3
2002,7,9,7.5,0.1,10,22.9,24.9,25.9,5.2
2002,7,10,91,0,10,21.7,23.5,26.7,4
2002,7,11,7,4.3,8.8,20.1,22.1,22.2,4.8
2002,7,12,0,13.3,0.5,18.9,24.5,21.5,2.4
2002,7,13,94.5,2.9,7.5,22.5,24.7,25.6,2.4
2002,7,14,15,5,8.5,23,27.6,26.8,5.1
2002,7,15,2,0.3,9.3,23.4,26.4,28.3,3.3
2002,7,16,65.5,3.9,10,19.9,24.8,25,4.5
2002,7,17,11.5,2.7,7.5,21.2,26.7,24.3,3.1
2002,7,18,13,9.6,4.5,22.4,27.2,24.6,3.1
2002,7,19,8.5,2.1,9.8,23.4,27.2,29.9,2.6
2002,7,20,20,7.6,7.5,24.9,29.2,28.5,3.6
2002,7,21,1,10.1,5.8,25.8,28.7,29.3,2.5
2002,7,22,6,1.1,10,24.5,26.4,28.2,2.7
2002,7,23,0,8.6,3.5,24.3,28.2,29.6,3
2002,7,24,0,11.8,0.5,24.3,27.6,28.9,3.2
2002,7,25,2,8.5,5,25.3,27.4,29.1,2.6
2002,7,26,0,11.8,6,23.7,29.3,29.7,3.3
2002,7,27,0,11.2,7.3,26,29,30.1,4.4
2002,7,28,0,10.7,6.8,24.6,27.4,28,5.1
2002,7,29,0,9.5,5.5,24.3,27.7,28,2.1
2002,7,30,0,11.1,4,24.4,28.5,28.6,2.1
2002,7,31,0,11.1,0.8,25.6,29.3,28.5,3.5
2002,8,1,0,7.9,7,27.3,29.5,28.6,5.8
2002,8,2,18,1.1,8.8,25.2,27.4,28.7,5.3
2002,8,3,0,8.2,4.3,25.2,27.4,28.6,4.1
2002,8,4,0,4.7,9.3,25.7,27.5,29,4.4
2002,8,5,0,11.5,5.5,26,29.5,25.9,4.6
2002,8,6,0,12.3,5.3,26.3,29.9,26.7,2.9
2002,8,7,0,12.8,1.8,25.9,30.9,27.5,3.4
2002,8,8,0,10.3,5.8,27.3,31,25.5,3.4
2002,8,9,0,10.6,7.3,27.7,31.4,28.1,3.7
2002,8,10,0,9,7,27.9,32.3,25.5,4.4
2002,8,11,16.5,5.2,8.3,25,30.4,27,4.2
2002,8,12,6.5,0.1,8.5,24.9,25.9,28,3.8
2002,8,13,0,8.9,9.5,24.3,27.8,28,3.3
2002,8,14,2,6,6.5,24.9,27.5,28.3,2.4
2002,8,15,0,4.7,8.3,24.7,28.1,28.2,3.6
2002,8,16,0,8.7,8.3,25.3,28.1,27.7,2.7
2002,8,17,0,9.1,3.8,25.1,27.9,29.1,4.3
2002,8,18,0,2.3,8,24.8,27,27.9,5
2002,8,19,0,0,10,23.5,25.3,26.1,7.1
2002,8,20,1,4.9,7,20.1,22.7,18.6,6.2
2002,8,21,0,6.8,5.8,18.3,21.6,17.1,4.3
2002,8,22,0,10.2,3.5,17.1,22.2,17.3,3.6
2002,8,23,0,2.4,10,20.5,24.8,19.2,2.7
2002,8,24,1,5.5,6.5,21.9,26.6,24.4,4.4
2002,8,25,0,9.4,5,22.2,25.1,23.7,4
2002,8,26,0,12.1,0.8,19.8,25.1,23.2,2.9
2002,8,27,0,7.2,2.5,22.9,27.9,25.3,2.3
2002,8,28,0,6.5,5.3,24.6,28.6,26.7,2.7
2002,8,29,0,11,1.8,24.6,29.1,28.2,3
2002,8,30,0,10.2,7.3,24.6,28.9,26.8,2.8
2002,8,31,0,9.7,7.5,24.7,29.3,24.9,2.9
2002,9,1,0,12.5,0,25,31,20.9,2.4
2002,9,2,0,12.3,0,23,28.4,22.2,3.1
2002,9,3,0,9.5,4,24.8,28,25.9,2.9
2002,9,4,0,8.4,5.5,25.1,27.7,27.8,4.4
2002,9,5,0,5.3,5.8,24.4,27,26.5,4.8
2002,9,6,4.5,0,10,24,25.3,27.1,3
2002,9,7,2,0.4,9.8,23.5,25,27,3.3
2002,9,8,2,2.9,8,23,24.8,25.1,3
2002,9,9,1,3.8,7,21.4,23.6,21.2,2.5
2002,9,10,0,8.1,7.8,20.6,24.6,22,2.3
2002,9,11,0,4.8,7.3,22.7,25.6,24.4,2.1
2002,9,12,0,3,8.8,22.1,24,23.6,2.8
2002,9,13,10,0.1,10,19,21.3,20.4,4.1
2002,9,14,1.5,2.1,10,18.9,21.5,18.6,2.8
2002,9,15,3.5,5.2,9,18.2,20.9,18.7,3.1
2002,9,16,46,0,10,17.1,19.8,19.8,5.2
2002,9,17,49,0.3,10,19.7,21.3,21.8,3.7
2002,9,18,0.5,8.9,4.3,17.5,20.8,16.6,4.3
2002,9,19,0,11.1,0.8,15.7,21.3,14.9,4.6
2002,9,20,0,10.9,1,17.1,22.6,18.3,3.1
2002,9,21,0,9.1,5,17.8,22.5,18.2,4.2
2002,9,22,0,0,10,18.7,20.8,18,5.2
2002,9,23,0,2.9,7.8,14.9,19.4,14.4,3.3
2002,9,24,0,9.8,2.8,14.7,19.3,13.3,2.7
2002,9,25,0,7.5,7.8,15.4,19.4,14.1,3.9
2002,9,26,0,6.2,7.5,14.1,19.9,14.5,2.5
2002,9,27,9,2.7,9.8,18.7,21.7,18.2,2.5
2002,9,28,77.5,0,10,17.4,19.4,21,3
2002,9,29,4,3.4,9,19.1,21.1,20.2,3
2002,9,30,0,4.5,10,19.5,21.9,18.5,2.1
2002,10,1,25.5,0,10,18.3,19.5,19.1,3.7
2002,10,2,8,5.8,5.3,18.3,21.3,18.1,4.9
2002,10,3,0,10.2,1.5,16.9,23.1,15.9,4.2
2002,10,4,2.5,6.9,7,18.5,24.3,17.2,5.1
2002,10,5,13,9.3,3.5,17.1,22,19.2,2.7
2002,10,6,2,2.2,8,17.2,22.2,15.6,2.3
2002,10,7,17.5,2.2,10,17.3,20.4,16.2,6.4
2002,10,8,12.5,0,10,14.9,17.7,15.2,3.4
2002,10,9,3,2.2,6.3,13.6,15.8,14.2,3.7
2002,10,10,0,10.4,3,12.5,16.5,12.1,4.3
2002,10,11,0,10.7,1.8,10.6,16.4,11.8,2.1
2002,10,12,0,10.4,0,13.8,18.8,14.2,2.2
2002,10,13,0,10.1,2.8,15,20.4,15.4,2.1
2002,10,14,0,8.4,6,17.7,20.4,17.7,2.4
2002,10,15,12.5,9.1,2.5,15.5,20.8,14.3,5.9
2002,10,16,3,2.6,7.8,15.2,18.9,14.8,4.5
2002,10,17,0,10.3,0,13.1,18,14.6,3.3
2002,10,18,0,9.5,4,14.2,20,16.1,1.9
2002,10,19,2,0,9.8,17.3,19.2,17.7,4.5
2002,10,20,16,0,10,14.2,16.7,15.7,5.4
2002,10,21,35.5,0,10,14,16.4,16.4,3.5
2002,10,22,2,1.8,8.8,12.3,15.5,11.9,4.4
2002,10,23,0,4.2,9.8,11.2,14,11.3,3
2002,10,24,1,5.9,7.5,12.3,15.5,12.5,2.6
2002,10,25,9,8.8,4,12.4,16.1,12.3,2.9
2002,10,26,3,3.8,5,10.5,16.1,12.1,4.6
2002,10,27,29,0.3,9.5,9.3,11.4,9.9,7.9
2002,10,28,19.5,1.8,8.8,7.9,11.2,8.3,9.5
2002,10,29,27.5,0.5,9.8,7.5,10.3,9,4.7
2002,10,30,10,2.1,8,8.2,10.2,9.1,3
2002,10,31,0,8.4,5.5,5,11.3,9.1,3.4
2002,11,1,24,0,10,8.3,14.1,12.1,4.8
2002,11,2,43.5,0.5,10,5.5,7.6,8.5,3.9
2002,11,3,33.5,0.3,9.5,6.6,8.2,8.2,7.3
2002,11,4,79,0.1,10,4.1,5.6,7.6,5.7
2002,11,5,41.5,0.3,7.8,2.7,5.9,7.8,3.6
2002,11,6,12.5,0.3,10,5.6,7.5,8.1,3
2002,11,7,0,8.9,6.8,4,10.6,7.2,2.5
2002,11,8,37,0,10,7.2,13.4,10.7,7.9
2002,11,9,20,1.5,8.5,4.6,7.1,6.8,6.8
2002,11,10,11.5,3.1,8.5,5.2,9.9,8.7,4.4
2002,11,11,0,6,9,9.2,16,9.1,7.3
2002,11,12,5,2.5,9,11.5,15.7,10.3,8.4
2002,11,13,15,0,10,5.8,8.8,7.4,9.2
2002,11,14,15,0.5,10,4.4,6.9,7.3,6.1
2002,11,15,11,0,10,7.8,9.2,7.8,5.5
2002,11,16,6.5,0.7,9.8,6.3,7.6,8.5,3.9
2002,11,17,0,9.6,0,4.2,9,7.5,3.8
2002,11,18,36.5,0.1,8.3,4.1,9.4,8.5,7.1
2002,11,19,0.5,7.2,8.5,4.4,7.9,6.6,3.1
2002,11,20,0,8.4,7.5,4.8,10.6,7.9,3.3
2002,11,21,8.5,0,10,5.7,9.6,9,5.4
2002,11,22,0,7.2,6.5,3.6,6.5,7,3.9
2002,11,23,0,9.4,0,1.6,7.1,7.5,4.6
2002,11,24,0,4.8,5,3.5,10.2,8.7,5.1
2002,11,25,54.5,0,10,8.7,10.7,11.2,3
2002,11,26,8,3.7,9.3,4.5,9,7.5,4.8
2002,11,27,27,0.5,9.8,3.7,6.1,7.3,7.7
2002,11,28,1.5,0.3,9.3,4.6,6.9,6.8,3.6
2002,11,29,0,2.8,6.5,4.3,10.4,7.7,4.8
2002,11,30,19.5,0,10,9.3,10.9,9.7,5.6
2002,12,1,0,9,2.8,6,10.1,9.3,4.5
2002,12,2,7.5,0.4,9.3,7.4,9.6,8.3,4.3
2002,12,3,0,4.9,8,7.8,10.7,8.7,2.7
2002,12,4,5.5,0,10,9,11,11,3.1
2002,12,5,0.5,2.1,8,8.9,12.6,11.5,4
2002,12,6,0,2.1,9.5,4.9,6.7,6,4.9
2002,12,7,1.5,0.5,10,4.7,6.7,7.2,5.7
2002,12,8,1.5,0,10,3,4.1,6.7,5.8
2002,12,9,11,1.4,10,0.6,3.7,6.7,5.7
2002,12,10,27.5,1.6,10,0,1.6,6,5
2002,12,11,18.5,0,10,0.2,2.5,6.1,5.9
2002,12,12,16,0,10,0.6,3.6,6.4,7
2002,12,13,12.5,0.2,10,0.3,2.2,5.8,4.6
2002,12,14,0,0,9.3,1.2,3.8,5.9,2.9
2002,12,15,0,1.9,9.8,3.9,8.9,7.5,3.8
2002,12,16,8.5,3.4,6.8,3.9,11.3,8.7,5.8
2002,12,17,18,0.6,7.3,2.7,7.1,7.7,5.6
2002,12,18,0.5,2.1,9,2.2,7.3,7,3.1
2002,12,19,0.5,0,10,4.5,7.4,8.3,4.1
2002,12,20,0,4.1,10,2.4,5,5.5,4.4
2002,12,21,0,0,10,2.5,5.7,6.6,5.8
2002,12,22,0.5,2.1,8.5,3.1,6.5,7.7,5.5
2002,12,23,0,1.6,7.8,2,4.9,6.7,4.4
2002,12,24,3.5,2.1,8.3,2,7.3,7.4,4.7
2002,12,25,14.5,0,10,1.5,7.4,7.6,6.7
2002,12,26,9,1.3,9.8,0.1,2.2,5.3,4.9
2002,12,27,5.5,0.4,9.8,-0.2,1.4,5,6.3
2002,12,28,9.5,2.7,8.8,-0.2,3.4,5.6,5.8
2002,12,29,7,0,9.8,1.7,3,6.3,3.8
2002,12,30,7,5.2,7,0.8,4.8,5.9,3.7
2002,12,31,1,0,9.5,1.6,3,6.7,4.5
2003,1,1,3,5.8,8,0.7,3.8,6,5.8
2003,1,2,4,0.6,9.8,-0.4,1.4,4.9,5
2003,1,3,12.5,0,8.5,-1.3,2.2,6,2.7
2003,1,4,23.5,0.7,10,0,3.2,6.1,10.8
2003,1,5,10.5,0,10,-1.2,0.7,5,8.7
2003,1,6,3.5,1.7,9.3,-1.1,1.5,5,4.5
2003,1,7,10,0,9.8,0.1,1.5,5.8,3.3
2003,1,8,0,9.2,2.8,0.2,3,5.4,3.5
2003,1,9,0,3.5,7.5,0.5,5.5,5.7,3.4
2003,1,10,3,0.5,10,3.3,5.5,7.2,4
2003,1,11,0,7.4,4.5,1.6,4.6,5.2,3.5
2003,1,12,10.5,5.8,5.8,4.3,6.5,7,3.1
2003,1,13,0,5.1,5.8,5.1,9.8,5.9,6.5
2003,1,14,14,0.3,8.3,1.3,6.7,7.2,6.9
2003,1,15,2.5,1.3,9,-0.9,0.4,4.7,5.4
2003,1,16,0,0.8,10,-0.7,3.6,4.6,3.7
2003,1,17,3.5,6,6.3,5.8,8.5,7.8,5.7
2003,1,18,0.5,2.8,10,4.2,6.2,7.1,3.9
2003,1,19,0,0,8.5,3.3,5,6.5,3.7
2003,1,20,3.5,0.3,10,1.5,3.5,6.6,3.6
2003,1,21,7.5,0.3,9.5,0.2,1.6,5.4,3.3
2003,1,22,0,1.1,9.5,-0.6,2.6,4.9,2.2
2003,1,23,30.5,0,10,1.3,3.1,6.4,4.7
2003,1,24,3.5,0.9,10,-0.1,2.5,5.4,6.6
2003,1,25,0.5,1.3,10,1.2,2.9,5.6,2.9
2003,1,26,0,6.5,7.5,0.7,4.3,5.5,3.3
2003,1,27,37.5,0,10,4.9,7.5,8.8,4.1
2003,1,28,12.5,0.3,10,0.1,3.2,5.9,10.7
2003,1,29,25,0.1,10,-3.6,-0.9,4.3,12.3
2003,1,30,11,0,10,-1.5,1.4,5.2,6.8
2003,1,31,10.5,0.3,10,0.9,2.2,5.8,5.2
2003,2,1,1.5,0.4,10,-0.6,0.7,5.2,2.3
2003,2,2,3,3,9.5,-1.7,0.5,4.9,1.9
2003,2,3,4.5,0.2,10,0.2,1.8,5.5,2.6
2003,2,4,0,0.2,10,-0.1,2.5,4.5,2.5
2003,2,5,6,4,9.5,0.4,2.5,5.8,3
2003,2,6,2.5,2.9,8.8,0.4,2.8,4.9,3.4
2003,2,7,0,6.4,7.3,2.6,7.2,5.9,4.3
2003,2,8,11.5,4.3,5,1.4,7.8,6.1,3.1
2003,2,9,4.5,0,8,4.3,7.7,9,2.7
2003,2,10,0,4.5,5.8,2.8,8.1,7.8,3.3
2003,2,11,20,0,10,4.1,6.7,8.5,3
2003,2,12,0.5,4.3,7.5,0.7,2.4,4.9,5.1
2003,2,13,2.5,1.3,8,-0.2,3.1,5.7,5.6
2003,2,14,8.5,1.2,10,0.8,3.3,6.4,3.8
2003,2,15,0,8,9.8,1.1,5.5,5.4,2.6
2003,2,16,9,0.3,9,3.7,5.4,6.8,2.5
2003,2,17,0,7.7,6,2.6,5.4,5.7,3.2
2003,2,18,0,3.2,7.5,1,4.7,5.3,3.8
2003,2,19,0,9.3,3.8,-0.4,5.1,5.8,2.5
2003,2,20,5,0.2,10,0.7,4.2,6.4,7.4
2003,2,21,0,8.2,5,0.9,3.3,4.8,2.5
2003,2,22,7.5,0,10,1.1,3.9,6.9,2.1
2003,2,23,0.5,0.4,9.5,3.2,5.4,6.7,4.4
2003,2,24,0.5,0.4,9.8,2.9,4.7,6.6,2.8
2003,2,25,0,9.2,3.3,2,4.8,5.5,2.3
2003,2,26,7,1.7,9,1.1,6.7,6.2,5
2003,2,27,0,2.7,9.3,0.9,4,4.9,4.8
2003,2,28,0,10.8,1.3,-1.4,3.8,4.9,3.4
2003,3,1,43,0,10,3.2,6.3,8.1,3.3
2003,3,2,8,9.3,5.8,5.4,8,6.2,4.8
2003,3,3,24,0,10,1.3,7,6.8,5.6
2003,3,4,1.5,3.2,8.5,-1.4,1,4.4,6.1
2003,3,5,1.5,3.1,8.3,-1.3,1.7,4.8,2.8
2003,3,6,0.5,1.6,9.5,0.1,4.2,5.5,5.7
2003,3,7,20,0,10,5.1,7,8.8,4.6
2003,3,8,6,0,10,2.8,4.8,6.8,8.1
2003,3,9,4,1.5,9.8,0.5,2.3,5.1,6.2
2003,3,10,0,3.8,9,0.8,2.5,4.5,5.4
2003,3,11,2,4.5,9.5,-0.8,1.8,4.7,3
2003,3,12,0,4.7,8.3,1.5,3.2,4.5,2.7
2003,3,13,0,5.3,7.3,2,4.4,4.7,2.7
2003,3,14,0,9.7,4,1.2,5.1,5.4,2.7
2003,3,15,0,1.9,9.8,4.3,7.1,6,3.4
2003,3,16,8,5.4,5,1.5,6.1,6.3,4.8
2003,3,17,0,3.7,8.5,4.7,7,7.3,4.5
2003,3,18,0,10.1,6.8,3.9,6,5.7,3.4
2003,3,19,3.5,5.1,8.3,2.8,4.9,6.1,2.8
2003,3,20,0,8.9,3.5,1.2,5.4,4.9,3.1
2003,3,21,0,10.6,2,0,4.9,4.8,4.2
2003,3,22,0,0.6,7.5,2.6,5.5,5.6,5.5
2003,3,23,0,9,6.8,0.8,6.3,6.3,1.8
2003,3,24,4,7.3,7.3,5.1,11.3,6.6,2.5
2003,3,25,6.5,1.5,9.3,8.5,10.6,10.6,2.9
2003,3,26,0,9.3,4.5,6.2,10.3,9.2,3.1
2003,3,27,8,4.9,9.8,6.3,12.2,8.3,5.7
2003,3,28,0,5.8,8.3,7.1,9.2,7.5,2.9
2003,3,29,0,7.7,5.8,4.7,8,6,4.5
2003,3,30,0,4.2,6.5,2.7,9.7,5.4,3.1
2003,3,31,0.5,3.3,8,7,12.9,8.8,4.3
2003,4,1,0,10.7,6.3,7.7,10.4,8.7,6.1
2003,4,2,4.5,0,9.3,7.6,8.7,9.5,5.6
2003,4,3,0,10,6.3,7.8,10.6,8.3,7
2003,4,4,15,0.2,9,8.1,9.7,10,3.3
2003,4,5,17,0,9.5,7.4,8.2,9.1,5.6
2003,4,6,0,9.7,4.3,5.5,9.3,6.7,3.9
2003,4,7,0,9.1,6.5,7.2,14.1,6.7,2.9
2003,4,8,8.5,0.4,9.8,10,13.6,11,5.9
2003,4,9,2,0,9.8,5.3,7.9,8.4,5
2003,4,10,0,11.5,6.3,4.3,7.7,6.5,2.9
2003,4,11,1,3.4,8.5,3.7,11.5,8.6,2.6
2003,4,12,27,0,9.5,11.6,14.4,14.5,3.3
2003,4,13,0,9.1,5.8,9.4,13.7,10.9,5.1
2003,4,14,0,0,8.5,7.4,10.8,9.5,2.4
2003,4,15,0,10.5,5.5,10,12.9,10.3,2.5
2003,4,16,0,10,0.8,7.6,12.6,9.7,2
2003,4,17,0,11.6,3.8,9.5,17.2,10.1,3.6
2003,4,18,0,9.7,9,13.4,18.8,12.7,3.2
2003,4,19,13.5,0.1,9.5,11.2,15.2,13.8,4.4
2003,4,20,41,0,10,10.8,11.9,12.9,3.8
2003,4,21,10.5,0.6,8.3,6.2,10.2,10.3,5.7
2003,4,22,0,8.9,8.5,4.8,11,8.5,4.4
2003,4,23,17,0,10,11.9,15.6,13.8,3.1
2003,4,24,21,0,10,12.7,14.4,15.6,1.8
2003,4,25,11,0,10,12.5,14.4,14.7,4.5
2003,4,26,12,0,10,10.7,13.5,13.9,5.9
2003,4,27,0,11.8,3,10.2,13.4,11.5,3.3
2003,4,28,0,12.1,1.3,9.9,17,12,2.9
2003,4,29,0,8.4,6.8,12.5,20.9,11,4.1
2003,4,30,27.5,0.1,10,10.3,13.5,12.2,5.5
2003,5,1,1,12.6,1,6.8,13.1,7.1,3.2
2003,5,2,0,12.8,0,8.5,17.8,10.2,3
2003,5,3,0,12.8,0,13.2,18.7,13.3,2.8
2003,5,4,0,7.6,4.3,12.6,15.9,13.2,2.9
2003,5,5,0,9.7,2.8,12.1,15.7,13.4,4.7
2003,5,6,0,11.7,7.3,12.9,20.7,15,2.8
2003,5,7,0.5,0.9,9.8,18.8,24.8,18.7,4.3
2003,5,8,42,0,10,9,13.5,12.9,6.7
2003,5,9,0,12.2,1.8,6.9,11.4,7.5,5.2
2003,5,10,0,12,5.3,7.6,14.6,9.3,3.6
2003,5,11,0,0,10,13,16.2,12.5,2.5
2003,5,12,0,9.5,5.5,14.8,18.9,13,3
2003,5,13,0,10.8,7.3,15.7,20.6,14.7,2.1
2003,5,14,3.5,6,10,15.1,19.9,13.7,2.6
2003,5,15,13,0,10,16,17.3,17.2,3.9
2003,5,16,0,0.2,10,13.1,14.5,13.7,4.2
2003,5,17,0,8.2,6.8,12.1,15.3,12.7,4.6
2003,5,18,0,5.8,7.5,12.6,17.7,15,2.5
2003,5,19,0,7.7,7.8,14.9,19,16.4,1.9
2003,5,20,0,1,8.3,14.7,16.7,15.4,2.4
2003,5,21,0,9.2,5,14,16.5,13.9,2.4
2003,5,22,0,12.6,5,11.6,16.8,13.9,2.6
2003,5,23,0,11.6,5.5,15.4,20.6,15.3,2.5
2003,5,24,0,10.3,4.3,16.1,21.4,14.7,2.8
2003,5,25,0,2.3,10,17.7,20.5,15,2.7
2003,5,26,0,0,10,18,19.7,15.4,1.6
2003,5,27,0,1.2,8,17.3,20.3,16.4,3
2003,5,28,0,10.9,3.8,17.3,22,17.2,3.5
2003,5,29,0,12,4,18.1,22.3,17.6,2.8
2003,5,30,0,13.1,7,17,22.1,16.5,3.2
2003,5,31,10,5.6,9,17.4,23.1,19.8,4.7
2003,6,1,7,0.5,10,16.6,18,17.9,4.8
2003,6,2,0,12.1,5.3,15.4,18.1,14.6,3.2
2003,6,3,0,12.4,1.3,14,18.4,13.2,2.6
2003,6,4,0,3.8,6.5,14.1,20.1,14.2,2
2003,6,5,0,11,7.5,15.8,19.1,16.3,2.7
2003,6,6,0,10.6,1.8,14.5,21,12.2,2.5
2003,6,7,0.5,1.5,8.3,18.6,22,16.5,2
2003,6,8,0,12.5,2,16.7,21.1,17.1,3.3
2003,6,9,0,10.8,6,17.9,22.8,18.4,2.4
2003,6,10,0,2,10,20.6,23.5,17.1,3.1
2003,6,11,0,5.4,8.8,20.2,22.8,18.8,3
2003,6,12,0.5,1.1,10,20.8,23.5,21.7,2.5
2003,6,13,6,0,10,20.1,22.4,23.3,3.9
2003,6,14,1.5,0,10,19.7,20.6,21.9,2.4
2003,6,15,0,0.5,10,18.6,21.1,20.6,2.2
2003,6,16,11.5,0,10,20.3,22.6,22.7,2.6
2003,6,17,34,3.1,10,20.7,23,24.1,2.3
2003,6,18,0,1.2,10,21.7,24.5,23.3,2.6
2003,6,19,2,1.3,9.3,22.1,26.1,25,3.1
2003,6,20,9.5,0,9.8,19.1,22,21.7,6.9
2003,6,21,0,12.5,6.3,19,23.4,21.2,2.7
2003,6,22,0,2.5,10,20.2,22.4,22.7,2.2
2003,6,23,0,6.7,7.5,20.3,23.5,22.3,2.5
2003,6,24,12.5,0,10,20.8,22.6,24.5,2.4
2003,6,25,14.5,1.4,9.5,19.4,22.7,22.1,2.7
2003,6,26,5.5,0,10,19.3,20.9,20.6,4.9
2003,6,27,16,3.8,9.5,19.8,21.8,20.9,4.2
2003,6,28,12.5,0,10,19.9,23.4,23.8,8
2003,6,29,2.5,3.3,10,19.2,21.1,19.9,3.2
2003,6,30,0,6.9,10,18.9,22.9,21.2,2.8
2003,7,1,1.5,0,10,19.6,21.8,22.2,2.8
2003,7,2,0,7.8,6.8,18.9,21.1,19.4,4.1
2003,7,3,6,0.1,10,18.5,21.4,20.5,2.9
2003,7,4,6,0,10,19.4,20.7,21.3,7.9
2003,7,5,3,5.3,9.8,18.6,21.5,20.6,3
2003,7,6,1.5,0,10,19.1,21.5,22.4,2.3
2003,7,7,25.5,3.9,9.3,20.1,22.1,22.9,6.6
2003,7,8,0,5.3,9.8,19.9,21.9,22.1,2.7
2003,7,9,4,0.2,10,20.2,24.4,24.2,2.5
2003,7,10,21,0.1,10,23,27.3,25,6.4
2003,7,11,14,0,10,22.5,24,26.5,3.2
2003,7,12,0,0.3,10,20.1,22,22.9,4.8
2003,7,13,11.5,0,10,18.7,20,20.8,5.2
2003,7,14,8,0,10,18.6,19.9,21.5,3.3
2003,7,15,0,4.3,9.5,19.2,20.7,19.4,3.1
2003,7,16,0,5.7,5.8,18.3,21,19,4.3
2003,7,17,0,6.9,7,17.5,21.6,19.8,4
2003,7,18,1.5,0.1,9.3,19.8,23.2,22.2,2.6
2003,7,19,0,2.6,9.5,21.3,27.1,23.1,3.1
2003,7,20,18,3.3,9,22.3,25.8,25.3,2.5
2003,7,21,49,4.9,9.8,21.7,23.9,24.7,2.5
2003,7,22,0,3.1,10,22.9,24.5,24.6,2.3
2003,7,23,27.5,0,10,22.7,23.6,25.2,2.6
2003,7,24,5,0.2,10,21.6,23.2,24.9,5.9
2003,7,25,1.5,0,10,20.2,21.5,22.5,3.1
2003,7,26,0,2.7,8.5,19.5,21.9,20.8,2.3
2003,7,27,0,7.2,7.3,19.3,23.1,21.7,2.6
2003,7,28,0,6.9,9.3,20.9,24.9,23.3,3
2003,7,29,4.5,0.4,10,23,26.3,24.2,1.8
2003,7,30,10,1.8,9,22.1,23.2,25.3,4.7
2003,7,31,7.5,1.9,10,20.8,22.5,23.4,5.2
2003,8,1,0,4.4,9.5,21.1,25,24.9,3.6
2003,8,2,0,11.4,5.5,22.6,27.8,26.3,2
2003,8,3,0,12.6,4.5,24.2,29.1,25.7,2.9
2003,8,4,0,9.7,4.5,25.1,28.7,27.8,2.6
2003,8,5,0,2.5,9.3,24.6,26.7,29.4,3.5
2003,8,6,0,9.2,6,24.4,28.2,29.2,2.9
2003,8,7,0,9.5,5,25.8,30,27.3,2.3
2003,8,8,0.5,3.9,9.8,24.9,27.5,27.6,5.4
2003,8,9,3,0,10,23.5,26.3,27,6.1
2003,8,10,1,5.8,6.3,23.7,25.7,26.6,2.6
2003,8,11,2.5,1.4,9.5,23.2,25.8,26.5,2.8
2003,8,12,34.5,0.5,10,22.1,23.8,25.1,2.3
2003,8,13,0,8.2,8.8,20.8,24.6,23.4,4.3
2003,8,14,23.5,0,10,20.3,21.4,23.1,2.3
2003,8,15,2.5,0.4,10,20,22.6,23.3,2.8
2003,8,16,0,6.4,7.3,20.9,25.6,24.7,3.4
2003,8,17,16.5,0,10,23.4,24.9,28.4,2.2
2003,8,18,55.5,0,10,22.1,23.1,26.4,2.7
2003,8,19,4,1.7,9,22,25.1,27.4,2.2
2003,8,20,0,12.4,3.8,23.2,27.2,27.7,2.1
2003,8,21,0.5,3.3,8.3,24.6,27,28.1,3.1
2003,8,22,0,9.5,9.3,25.4,27.3,28.5,3
2003,8,23,0,10.8,5.5,24.4,28.1,26.8,4.6
2003,8,24,0,8.3,7.5,24.5,28.3,25.4,3.1
2003,8,25,4,6,7.5,24.5,28.2,27,3.8
2003,8,26,1.5,0.2,10,24.1,25.6,27.9,2.2
2003,8,27,0.5,4,9.5,24.1,26,26.4,3.5
2003,8,28,1,0.6,9.8,24.3,28.1,25.8,5
2003,8,29,0,3.9,9.3,24.3,26.3,27,4.8
2003,8,30,1,0,10,20.4,22.7,22.3,5
2003,8,31,84,0,10,19.1,20.8,22.9,4.8
2003,9,1,19,1.5,10,21.2,23.5,26.4,2.3
2003,9,2,0,8.5,9.8,22.5,26.7,28.1,2
2003,9,3,0,1,10,23.8,25.9,28,2.6
2003,9,4,0,8.3,5.5,22.7,24.9,24.5,4.4
2003,9,5,0,11,6,20.9,26.3,23.2,2.7
2003,9,6,24.5,0,9.8,23.2,25.6,24.3,4.5
2003,9,7,1.5,8.4,5.8,21.4,24.3,23.2,3.6
2003,9,8,0,7.6,5,21.9,28,25.1,3.6
2003,9,9,2.5,9.6,5.8,24.4,27.5,27.4,2.3
2003,9,10,0.5,0.8,9,23.8,27.2,27.2,3.3
2003,9,11,0,4.6,9,24.9,27.5,28.1,2.8
2003,9,12,0,8,9,24.8,27.9,29.2,3.7
2003,9,13,0,6.2,9.5,24.6,29,25.3,6.8
2003,9,14,0,4.1,5.8,22.8,24.9,23.6,3.7
2003,9,15,5,7,5,20.4,22.9,20.6,3.2
2003,9,16,0,9.2,1.5,18.7,22.8,20.9,2.1
2003,9,17,0,10.1,2.8,20.4,25.1,21.5,2.6
2003,9,18,0,9.2,3,21.8,25.4,23.4,2.3
2003,9,19,1,0,10,20.4,24.4,22.3,4.9
2003,9,20,0,0,10,17.9,20.1,18.9,5.3
2003,9,21,7.5,0.5,9.5,16.2,17.5,16.5,5.7
2003,9,22,0.5,8.8,4.3,15.4,19.3,13.1,7
2003,9,23,0,5.6,6.8,13.7,19.8,13.9,3.4
2003,9,24,2,0,10,17.8,19.8,19.4,3
2003,9,25,34,0,10,19.1,20.6,23,2.2
2003,9,26,0.5,7.4,5.5,19.7,21.9,21.1,2.3
2003,9,27,0,5,7.8,17.3,20.1,17.9,3.6
2003,9,28,0,9.2,4,16,19.9,17,3.6
2003,9,29,0,6.9,3.8,15.8,19.2,14.4,4
2003,9,30,0,8.9,5.8,13.6,17.5,11.2,3
2003,10,1,0,5.1,7.5,13.2,18.2,13.1,3.1
2003,10,2,5.5,3.4,7,16.2,18.8,15.1,5
2003,10,3,0.5,8.3,4.8,14.9,17.7,12.9,3.1
2003,10,4,0,0.9,7.3,12.7,16.1,11.6,2.3
2003,10,5,0,7.4,9,12,16.7,11.1,2.4
2003,10,6,0,7.4,8.8,14,17.3,12.2,2.7
2003,10,7,0,8.2,8.5,13.2,17.2,11.6,3.7
2003,10,8,0,9.3,4.8,11.5,17.4,13.2,3.2
2003,10,9,0,10.9,0,12.8,18,13.4,2.3
2003,10,10,0,7.1,7.5,14.6,19.3,15.3,2.7
2003,10,11,0,3.9,10,15,19.8,16.2,2.2
2003,10,12,0,3.9,8.8,18.3,22.2,19.4,3.2
2003,10,13,40,0,10,14.3,17.7,18.3,4.6
2003,10,14,7.5,0,8.3,12.7,14.3,12.9,3.7
2003,10,15,0.5,5.7,5.8,13,15.7,12.1,4.1
2003,10,16,6.5,1.3,6.5,11.1,13.8,12.2,3
2003,10,17,0,7.5,3.5,10.1,15,10.6,3.2
2003,10,18,0.5,9.3,2.5,10.9,16.4,11.9,3.6
2003,10,19,0,8.4,2,10.8,14.7,10.8,3.8
2003,10,20,0,10.3,4.5,9,15.4,11,3.9
2003,10,21,2,0,10,13.6,16.3,15.2,2
2003,10,22,4,0,8.5,14.9,17.1,16,2.7
2003,10,23,28.5,0.5,9.3,9.5,13.6,11.6,6.1
2003,10,24,0,6.6,7.8,9.9,13.5,8.9,3.3
2003,10,25,1.5,8.8,4.8,10.4,15.5,10.5,4.3
2003,10,26,0.5,8.7,3.8,11.2,14.9,11.6,3.4
2003,10,27,0,10.2,0.3,9.3,15.2,9.5,2.3
2003,10,28,6,9.1,4.3,11.2,18.2,12,3.9
2003,10,29,1,2.5,9.5,13.2,14.8,10.1,6.5
2003,10,30,1,7.6,4.3,11.2,14.8,12,3.4
2003,10,31,0,8,5.5,9.9,15.4,11.2,3.7
2003,11,1,0,7.5,3,14.2,18.2,14.6,2.6
2003,11,2,0,7.8,3.8,14.7,19.7,15,2.5
2003,11,3,0,0.1,10,16.3,19.6,17.9,3.4
2003,11,4,0,8.8,4.5,10.5,14.4,10.1,5.7
2003,11,5,0,3.7,5,9.6,15.6,12.5,2.4
2003,11,6,3,3.7,9.3,15.5,18.5,17.5,2.3
2003,11,7,0,4,6.5,14.6,17.5,15.9,2.9
2003,11,8,0,4.3,7.5,14.2,16.8,15.5,3.3
2003,11,9,24,0,10,11.1,12.8,12.4,4.8
2003,11,10,13,0.1,10,11.2,12.3,11.1,5.1
2003,11,11,34,0,10,11.4,12.2,12.8,5
2003,11,12,3.5,1.5,9.5,8.7,11.6,10.7,3.9
2003,11,13,0,1.3,6.5,6.7,10,9.8,2.5
2003,11,14,0,9.8,1.3,6.1,10.8,8.4,2.6
2003,11,15,2,1.3,8.5,8.5,16.2,10.5,5.4
2003,11,16,0.5,0,9,12.5,16.5,11.7,7
2003,11,17,0.5,5.3,5.3,5.2,10.5,7.2,4.1
2003,11,18,0,9.1,3.8,3.3,9.9,7.4,1.9
2003,11,19,0,4.8,6.5,10.7,14.4,11.5,1.9
2003,11,20,7,1.5,10,11.7,15.2,14.5,2.7
2003,11,21,15.5,0,10,12,15.9,15.6,5.5
2003,11,22,5.5,1.6,9,5.8,8.8,8,7.1
2003,11,23,0,7.9,5,5.1,7.7,7.9,3.5
2003,11,24,10.5,3.2,7.5,3.1,9.6,9,3.1
2003,11,25,31,0,10,10.8,12.3,12.6,4.4
2003,11,26,0,2.2,7.3,7.3,10.1,8.7,5.8
2003,11,27,0,0.3,7.5,7.4,10.7,8.7,6.6
2003,11,28,0,0,9.5,10.2,12.6,10.2,4.4
2003,11,29,33,0,9.8,11.6,13.3,13.3,2.4
2003,11,30,15.5,0,10,11.6,14,14.2,3.8
2003,12,1,0.5,0,10,10.8,11.8,11.6,4.8
2003,12,2,0,0.2,9.3,9.4,11.8,9.7,4.9
2003,12,3,0,4.8,9.5,7.1,11,7.7,4.4
2003,12,4,6,1.4,8,6,7.6,8.6,4.1
2003,12,5,0,7,4.3,3.9,8.1,7.3,3.6
2003,12,6,14,0,10,7.3,11.9,10.9,4.5
2003,12,7,10.5,0.6,9.8,4,7.5,8.2,6.7
2003,12,8,25,1.3,9,4.3,6.7,7.6,6.5
2003,12,9,9.5,0,9.8,3.8,5.9,7,4.4
2003,12,10,0,1.3,7.8,2.8,5.1,5.9,2.6
2003,12,11,13,0,9.8,1.5,5.4,7,2.1
2003,12,12,35,0,9.8,6.4,8.3,8.9,3.9
2003,12,13,6,1.5,9.5,4.7,6.5,7.7,4.2
2003,12,14,3,1.8,9.3,5,7.9,7.3,3.7
2003,12,15,12,4.8,6.3,3.2,7.4,7,6.2
2003,12,16,12,0,10,2.7,5.5,7,4.5
2003,12,17,31,3.5,8.5,4.2,8.1,6.8,6
2003,12,18,4,1.5,9.8,4.4,7.3,6.7,6.4
2003,12,19,31,0.1,10,0.5,4.7,6.7,7.9
2003,12,20,4,1,9.8,-0.7,3,4.8,10.4
2003,12,21,1.5,0.4,9.8,2.1,4.4,6,3.8
2003,12,22,2.5,0.5,8.5,5.4,8.1,7.9,6.1
2003,12,23,0,1.8,9.8,8.4,11.2,8.5,5.8
2003,12,24,5.5,1.9,9.8,7.4,10.5,8.8,4.8
2003,12,25,0.5,7.5,5,6,11.5,7.3,6.8
2003,12,26,14,0.6,10,0.7,5.4,7.4,4
2003,12,27,12,2,8.5,0.3,1.7,5.6,4.5
2003,12,28,0.5,1,8.3,2,4.8,6.1,3.1
2003,12,29,17,0.7,9.8,7,9.4,7.5,7.4
2003,12,30,0.5,5.1,5.3,3.2,7,6.7,3.8
2003,12,31,24.5,0,10,3.9,7.5,7.8,4.3
2004,1,1,6.5,2.9,8.5,5.4,8.1,7.9,5.5
2004,1,2,7.5,0.2,9,6.7,8.9,8,6.2
2004,1,3,18.5,1.4,10,5.5,7.4,8.1,5.5
2004,1,4,1,5.1,4.8,4.1,6.7,6.1,2.6
2004,1,5,0.5,4.4,6.8,3.6,6.2,7.2,2.5
2004,1,6,1.5,7.1,5,2.7,5.4,6.2,3.9
2004,1,7,13,5.2,7,1.5,5.8,6.1,5.2
2004,1,8,1.5,0.9,9.5,0.4,2.4,5,6.3
2004,1,9,0,7.7,5.5,-0.5,2.6,4.4,2.8
2004,1,10,7.5,0.5,7.5,-1,4.7,5.5,6.5
2004,1,11,2,0.6,9.5,0.2,2.2,5,4.1
2004,1,12,0,7.5,8,-1,3.3,4.6,1.9
2004,1,13,12,0,9,2.6,5.4,5.9,10.3
2004,1,14,3.5,1.7,9.3,-0.1,1.6,4.7,7.7
2004,1,15,3.5,1,10,0,1.8,5,4.5
2004,1,16,0,0,9.3,-0.1,1.2,5.1,2.5
2004,1,17,0,4.5,8.3,-0.3,2.2,5,3.2
2004,1,18,0,6.7,6.3,-0.9,4.3,5.3,2.6
2004,1,19,12,0.3,10,4.3,6.3,7.3,6.8
2004,1,20,14.5,0.4,9.8,2.4,4.3,7,4
2004,1,21,17,2.7,9.8,-0.5,3.9,5.9,7
2004,1,22,49,0.2,10,-4.1,-1.6,4.7,11
2004,1,23,20,0.1,10,-0.3,2,5.8,9.2
2004,1,24,29,0,10,0.4,1,6.1,5.2
2004,1,25,2.5,0,8.8,-0.8,0.7,5.8,2.5
2004,1,26,0.5,3.2,9,-0.2,1.9,5.7,2.7
2004,1,27,14.5,0,10,0.2,1.4,6.1,4.2
2004,1,28,5,3.5,10,0.3,3.8,6.1,5.2
2004,1,29,2,4.7,9.5,2.7,5.3,6.6,3
2004,1,30,1,3.4,9.5,1.5,3.9,6.6,2.8
2004,1,31,2,6.9,5.5,1,4.1,5.2,2.4
2004,2,1,0,5.6,7,-1.7,3.9,4.7,3.4
2004,2,2,28,0,10,1.9,5.6,8,2.9
2004,2,3,26,0.1,10,1,4.1,7.1,4.9
2004,2,4,11,0.1,10,0.7,2.8,5.9,7.1
2004,2,5,21,0.2,10,0.2,1.6,5.7,5.9
2004,2,6,12,1.4,9.8,0,1.5,5.7,6.8
2004,2,7,15.5,0.2,10,-0.6,1,5.8,6.2
2004,2,8,16,1.4,10,0.5,2.1,6.2,6.1
2004,2,9,14,0.5,8,-1.1,1.5,6,3.3
2004,2,10,0,9.2,2,-3.1,1,4.5,3.2
2004,2,11,1.5,5.2,4.8,-2.5,3.7,5.6,4.2
2004,2,12,6,4.3,10,3.2,5,6.9,3.2
2004,2,13,0,7.6,6.8,0.2,4.1,5.6,2.1
2004,2,14,2.5,5.2,5,1,8.9,5.3,8.6
2004,2,15,17,0.2,9.8,1.4,4.5,6.3,8.8
2004,2,16,1,1.9,7.3,1.2,3.8,5.3,3.6
2004,2,17,0.5,0.9,9.8,1.1,6.1,5.7,6.5
2004,2,18,0,8.9,4.8,2.5,6.1,5,2.6
2004,2,19,0,9.2,0.5,2.1,8.6,6.4,4.2
2004,2,20,0,9.6,0.8,2.5,7.8,7.5,1.9
2004,2,21,0,6.3,5.5,2.6,11,6.8,2.7
2004,2,22,38,7.8,5.5,5.5,15.4,10.1,8.1
2004,2,23,2,0.2,9.3,3.4,5.7,6.4,7.1
2004,2,24,0,7.4,9.3,1.7,7.3,4.5,4.5
2004,2,25,0,7.5,4.5,7.3,11,6.8,5.5
2004,2,26,8.5,0.5,8.8,1.3,7.3,6.5,7.9
2004,2,27,7,1.8,8.8,0.2,3,5.9,3.7
2004,2,28,0,8.1,5.3,2.1,7.2,6,3.6
2004,2,29,15.5,0,10,4.1,8,8.6,3.7
2004,3,1,0,0.6,9.8,2.2,3.9,6.2,5.6
2004,3,2,8,0.2,8.8,-1,2.1,5.7,5.1
2004,3,3,10,6.3,10,-1.5,1.9,5.2,2.4
2004,3,4,20,2.1,10,-1.3,1.2,5.8,4.7
2004,3,5,0.5,5.4,6.5,-1.8,2.5,5.4,4.7
2004,3,6,9.5,0.5,10,0,3.9,5.9,6.3
2004,3,7,12.5,3.8,8.8,-0.8,1.8,4.5,5.8
2004,3,8,0,5.3,8.8,0.2,3.7,5.2,4.3
2004,3,9,0.5,6.3,5,4.3,8,6.7,5.3
2004,3,10,0,9.8,7.5,2.2,13,5.7,7.2
2004,3,11,9,0,8.5,6.2,11.9,8.4,7.3
2004,3,12,0,1.8,9,4.6,7.7,6,2.3
2004,3,13,0,8,4.5,3.7,8.2,6.4,4.9
2004,3,14,0,9.7,2.5,4.8,8.9,6.2,3.2
2004,3,15,0,9.3,4.3,5.7,8.7,7.8,3.6
2004,3,16,0,10,4,3,12.3,5.7,2.7
2004,3,17,2.5,7.5,6.8,8,17.4,9.2,7.7
2004,3,18,30.5,0,7.8,1.2,4.2,6.5,6.1
2004,3,19,0,9,3.3,0,5.3,4.7,3.4
2004,3,20,0,4,6.8,2.5,6.6,5.3,2
2004,3,21,0,8.5,6.8,2.9,7.9,6.5,4
2004,3,22,14,0,10,5.3,6.6,7.7,3.9
2004,3,23,0,7.9,8,4.3,8.3,8,3.1
2004,3,24,0,10.2,7.8,4.5,10.7,8.4,2.4
2004,3,25,0.5,0,10,7.4,10.1,8.9,3.2
2004,3,26,0.5,11,4.8,4.8,8.2,6.4,5.5
2004,3,27,0,11.6,2.3,2.8,7.3,5.9,2.6
2004,3,28,0,11.5,0,3.2,10.6,5.8,2.2
2004,3,29,0,9.7,6.3,6.1,14.8,7,2.7
2004,3,30,14,0.5,10,11.2,14.2,11.1,3
2004,3,31,0.5,6.7,6.3,8,10.7,7,5.5
2004,4,1,0,10.3,3,4.9,10.2,5.7,4
2004,4,2,10,3.9,8.8,6.8,10.8,9.3,7.7
2004,4,3,0,1.5,9.5,6.4,8.8,8.1,4
2004,4,4,0.5,0,10,5.8,7.6,7.9,2.9
2004,4,5,0,11.8,0.5,3.3,8.5,6.9,2.8
2004,4,6,0,9.6,5.8,4.9,11.9,7.7,2.8
2004,4,7,34,0.7,10,7.7,12.8,10.4,3.5
2004,4,8,1.5,11.1,4,5.7,9,7.1,3.7
2004,4,9,0,11.7,0,4.6,12.3,6.5,4.4
2004,4,10,0,10.3,3,7.9,15,7.2,2.7
2004,4,11,0,5.1,7.8,10.8,15.8,8.6,2.1
2004,4,12,0,11,5.3,10.2,14.9,10.7,3.5
2004,4,13,0,8.5,9,10,12.5,10.4,3.9
2004,4,14,0,0.1,5.8,9,11.8,11.1,3.2
2004,4,15,0,9.3,7.5,9.1,13.1,11.3,3
2004,4,16,0,11.2,3,11.3,18.1,7.2,5.5
2004,4,17,0,8.7,2.3,11.3,15.8,9.8,5.6
2004,4,18,0,10.2,3.5,8.9,19.1,8.8,2.4
2004,4,19,28.5,0,9.5,14.5,17.6,13.7,3.9
2004,4,20,11,2.4,7.3,8.5,14.5,12.4,5.3
2004,4,21,0,12.3,4.5,6.4,14.4,8.5,2
2004,4,22,0,11.2,3,13.8,22.1,10.8,6.9
2004,4,23,20.5,0,8.5,8.6,13.3,12.4,5.3
2004,4,24,1.5,8.2,7,7.4,9.6,7.3,4.4
2004,4,25,0,12.3,3.3,5.3,12.5,6.9,5.6
2004,4,26,0,7.7,7,9.8,15,9.8,3.3
2004,4,27,49.5,0,10,10.9,13.6,13.8,6.5
2004,4,28,14,3.3,7.5,7.8,10.5,8.3,7.1
2004,4,29,0,12.4,0,5.4,13.4,7.5,2.7
2004,4,30,0,8.7,6.3,11,17.1,10,4.5
2004,5,1,0,9.6,4.5,11.4,14.7,12.1,6.3
2004,5,2,0,10.2,2,10.6,17.1,12.2,3.2
2004,5,3,0,1.9,7.8,15,22,13.6,4.7
2004,5,4,45,0,10,12.1,17,15.8,6.6
2004,5,5,0,0.4,7.5,11.9,13.6,12.8,3.3
2004,5,6,0,12.6,0,9.5,17.4,9.4,3.6
2004,5,7,0,8.7,3.8,13,16.7,11.5,3.3
2004,5,8,0,10.1,6,11.4,18.4,10.3,3.6
2004,5,9,12.5,0,10,16,17.1,14.8,3.2
2004,5,10,29,0,10,16.6,18.6,18.6,4.5
2004,5,11,8.5,0.1,10,15.3,15.9,16.5,3.6
2004,5,12,0,11,9.8,14.5,19.2,15.6,3.7
2004,5,13,19.5,0,10,15.4,20.7,18.3,4.8
2004,5,14,0.5,4.3,6.3,13.6,15.5,14.7,3.3
2004,5,15,0.5,3.1,8.5,11.9,18,14.7,2.9
2004,5,16,65.5,0,10,16.2,17.6,19,3.1
2004,5,17,30,0,10,17.2,19.2,18.8,4.3
2004,5,18,0,0.9,10,14.8,18.2,14.7,4.9
2004,5,19,3.5,0,10,13.9,17.7,14.3,1.9
2004,5,20,21,0,10,15.1,16.5,17,1.9
2004,5,21,16.5,8.3,9.3,15.7,18.9,16.7,2.7
2004,5,22,0,0.6,9.8,16.8,19.4,14.7,2.3
2004,5,23,0,6.3,5.5,14,18,13.1,2.2
2004,5,24,0,7,5.8,13.1,17.7,12.7,3.5
2004,5,25,0,13.1,3.5,14.4,17.4,12.3,2.6
2004,5,26,0,10.8,4.5,14.3,21.7,12.3,2.5
2004,5,27,0,6.2,9.3,19.4,23.2,15.3,2.5
2004,5,28,0,7.9,8.3,18.6,23.7,16.4,2.3
2004,5,29,0,1.6,10,20.7,24.7,18.9,4.4
2004,5,30,21.5,3.9,9.5,20.4,22.1,22.9,3
2004,5,31,49,0,10,16.1,19.1,20.1,3.2
2004,6,1,0,10.3,5.8,15.9,18.8,15.9,2.7
2004,6,2,0,9.8,10,14.3,19.4,12.2,4.3
2004,6,3,0,13.7,2.5,14.5,21,10.8,3.9
2004,6,4,0,13.5,0,14.2,21.4,12.2,2.2
2004,6,5,0,13,2,17.1,22.5,14.4,2.3
2004,6,6,0,1.8,8.8,18.4,22.5,17.3,2.8
2004,6,7,15,4.5,9.3,19.6,22.4,22.1,4.2
2004,6,8,27,0,10,16.9,18,18.9,4.1
2004,6,9,1,1.7,10,17.1,20.3,19,2
2004,6,10,0,9.7,7.3,18.7,21.7,18.5,2.7
2004,6,11,45.5,0,10,18.7,20.6,20.4,4.2
2004,6,12,7.5,0,9.8,18.5,19.8,20.1,2.5
2004,6,13,0,13.3,2.5,16.6,20.1,14.8,2.8
2004,6,14,0,13.7,0.5,14.9,20.1,15.2,2.3
2004,6,15,0,13.6,0.8,16.1,21.6,14.7,3.4
2004,6,16,0,13.6,0,17,21.5,16.1,5.2
2004,6,17,0,11.6,6.5,17.4,24.3,17.5,2.4
2004,6,18,0,0.1,10,21.7,24,19.9,1.9
2004,6,19,1,7.4,9.8,21.1,25.8,20.8,2.4
2004,6,20,0.5,6,8,22.2,26.7,25.2,3.3
2004,6,21,12,0.3,9,22.2,26.1,25.9,6.9
2004,6,22,3.5,2.7,9.3,20.4,23.3,21.4,6.1
2004,6,23,0,3.6,8.3,19.9,25.1,21.8,2.5
2004,6,24,0,5.3,8,22,26,23.3,2.4
2004,6,25,47,0,10,20.6,23.5,25.5,4.4
2004,6,26,1.5,0,10,20.6,21.6,23.3,3.2
2004,6,27,0.5,0,10,20.9,22.5,23.8,2.7
2004,6,28,4.5,4.1,9,21.3,23.4,23.7,2.9
2004,6,29,0,7.1,8.8,21.5,25.2,24.6,2.2
2004,6,30,0,5,9.5,22.7,24.9,24.2,2.9
2004,7,1,0,8.6,8,20,22.6,19.9,7
2004,7,2,0,7.7,7,20.7,23.6,21.7,3
2004,7,3,0,6.4,6.8,22.6,25.6,24.1,2.7
2004,7,4,0,11,7.5,22,27.3,24.6,3.7
2004,7,5,0,4.9,7.5,24.6,29.5,24.5,4.1
2004,7,6,0,11.3,2.5,24.9,27.7,23.3,3.5
2004,7,7,0,8.5,5,24.7,29.4,25.9,2.5
2004,7,8,0,12.5,2.3,26.8,30.7,27.1,3.4
2004,7,9,0.5,11,3.3,25.3,28.7,26.4,2.6
2004,7,10,31.5,1.4,9.3,22.7,25,25.4,2.5
2004,7,11,17,2.3,9.5,20.5,23.5,22.5,3.1
2004,7,12,2.5,0.9,9.3,20.6,24.1,21.1,2.6
2004,7,13,8,0,10,24.8,27.7,24.7,6.3
2004,7,14,0,5.9,8.3,25.3,27.1,27.1,3.9
2004,7,15,0,7.5,6.8,23.6,27.3,25.4,3.4
2004,7,16,12,0,10,23.1,26.6,26.8,5.5
2004,7,17,1,2.1,9.8,25.3,27.6,25.3,7.9
2004,7,18,0,1.5,10,24.5,26.1,27.8,5.2
2004,7,19,1.5,0.8,8.8,26,27.8,26.5,6.1
2004,7,20,0,0.3,9.8,26.8,27.5,28.1,6.3
2004,7,21,0,0,10,24.9,26.4,28.2,5.6
2004,7,22,0,7.1,7.3,23.5,25.9,26.2,2.9
2004,7,23,0,11.8,2.5,22.2,26.9,22.6,2
2004,7,24,0,11.1,2.5,24.9,29.9,25.1,2.5
2004,7,25,4.5,7.3,5.3,24.1,28.2,26,2.8
2004,7,26,0,9.4,8.3,23.8,28.2,25.3,2.4
2004,7,27,0,11.2,5.3,25.4,29,25.9,2.7
2004,7,28,0,11.6,1.8,25.6,29,28.1,3.2
2004,7,29,0,9.4,4.5,25.6,29.1,29,4.1
2004,7,30,0,9.9,7.8,26.1,28.7,30.2,3.1
2004,7,31,0,3.3,7,26.5,29.2,31.5,2.3
2004,8,1,0,7.6,9.5,26.4,30.7,25.1,2.4
2004,8,2,0,11.3,5,24.8,30.8,18.4,3.7
2004,8,3,0,10.6,6,24.4,29.2,20.5,3.2
2004,8,4,0,10.8,8,26.2,29.5,25.8,3.1
2004,8,5,0.5,4.2,9.3,26.6,28.5,29.6,2.9
2004,8,6,0,10.4,6,26.3,29.1,29.4,2.9
2004,8,7,0,11.4,4.5,25.9,29,29.5,2.4
2004,8,8,0,10.7,4.8,26.1,29.7,27,2.4
2004,8,9,0,10.6,4.3,26.6,29.2,26.7,2.5
2004,8,10,0,9,7.5,24.4,28.5,26,3.2
2004,8,11,0,12.2,4.3,22.1,26.4,21.9,3.7
2004,8,12,0,11.9,3,21.9,26.4,21.5,2.5
2004,8,13,0,12.9,1.5,21.3,27.4,23.6,2.9
2004,8,14,22.5,0.8,8.8,23.1,25.9,24.9,2.5
2004,8,15,2.5,5.4,9,19.6,23.4,19.2,2.9
2004,8,16,0,8.4,8,20.8,25.1,18.7,3.7
2004,8,17,3,0.5,10,23.9,26.9,25.8,3.3
2004,8,18,0,2.2,9.5,25.7,29.7,28.3,4
2004,8,19,4,9.6,7.3,24.6,30.8,25,8.2
2004,8,20,1,7.4,7.8,21.8,24.4,21.2,4.9
2004,8,21,0,8.5,8.5,20.4,24.6,20.8,3.2
2004,8,22,0,0,10,23.5,24.3,23,4.5
2004,8,23,11,1.1,10,21.9,24.9,26.2,3.3
2004,8,24,8,1.6,9.3,23.7,25.4,25.8,5.4
2004,8,25,0,9.8,5.8,21.8,25,22.6,3.7
2004,8,26,0,2.1,10,22,24.7,23.1,2.8
2004,8,27,0,12.2,3.5,22.9,25.8,23.5,5.6
2004,8,28,0,7.5,5.3,22.9,27.2,25.3,2.2
2004,8,29,0,1.9,10,25.3,28.3,25.6,3
2004,8,30,0,2.8,10,25.5,31,24.9,3.6
2004,8,31,29,5.2,7.8,24.7,26.5,26.5,9
2004,9,1,0,2.7,9.8,23.5,26.1,21.3,2.7
2004,9,2,0,1,9.5,21.7,24.5,19.4,4.5
2004,9,3,0,7.4,6.5,19.3,24,19.5,2.6
2004,9,4,3,0.9,9.8,22.2,24.3,23,2.6
2004,9,5,67.5,0,9.8,20,22,23.4,3.2
2004,9,6,3.5,0.3,10,21.5,24.5,24.4,3.7
2004,9,7,0.5,4.1,9.8,22.4,29.5,23.1,7.5
2004,9,8,11.5,3.6,9.3,22.7,24.3,22.2,6.2
2004,9,9,0,6.1,8.8,20.8,24.5,21.9,3.4
2004,9,10,6.5,0,10,19.4,21.7,21.8,4
2004,9,11,0,6,5.8,19.9,23.8,20.7,5.5
2004,9,12,0,11.2,2.5,21.6,26.7,23.8,2.8
2004,9,13,0,10.1,4.8,23.5,28.5,23.3,2.8
2004,9,14,15,3.3,8.3,21.1,24.4,23.4,4.6
2004,9,15,0,11.8,0,19,22.9,18.2,5.5
2004,9,16,3.5,7.4,5,19.7,25.4,21.6,2.2
2004,9,17,6,3.8,7.5,22.5,25.7,24.2,3
2004,9,18,0,4.3,10,23.9,27.2,23.6,2.7
2004,9,19,0,7.6,7.3,23.3,26.5,23,5.3
2004,9,20,10,6.3,8,21.8,24.9,24.1,2.4
2004,9,21,12.5,5.9,9.3,20.7,26.2,21.2,6.1
2004,9,22,2.5,0,10,18.9,21.1,20.1,2.1
2004,9,23,0,3.8,10,19.1,23.1,20.8,3.8
2004,9,24,40.5,2.2,9.8,21.3,23.2,24.1,2.6
2004,9,25,11.5,0.7,10,20.1,21.8,21.7,4.4
2004,9,26,0,0.9,10,21.1,22.4,20.7,5
2004,9,27,4.5,2.2,9.3,20.8,22.5,21.5,3.9
2004,9,28,0,3.4,10,21.1,23.1,21.3,3.8
2004,9,29,26.5,0,10,20.6,21.5,22.8,3.7
2004,9,30,44.5,3.7,8.3,17.2,20.8,19.7,6.6
2004,10,1,0,11,0.8,16.1,21.9,17.1,3.1
2004,10,2,0.5,0.8,10,14.7,20.1,18,4.3
2004,10,3,1,0,10,14.2,16.5,15.9,5.1
2004,10,4,0,0.6,10,16.8,18.6,17.3,4.7
2004,10,5,13,0,10,17.9,18.5,18.8,4.2
2004,10,6,3.5,7.7,6.3,15.6,19.6,16.6,4.3
2004,10,7,0,6.3,8,14.9,20,15.8,2.5
2004,10,8,9,0,10,17.5,19.7,18.2,2.3
2004,10,9,10,0,10,17.5,19,19.5,5.2
2004,10,10,1.5,6.1,8.5,19.7,22.1,21.9,4.1
2004,10,11,2,4.4,6.3,18.2,20.7,19.1,3.1
2004,10,12,0,6.7,6.8,16.7,20.6,17.9,2.6
2004,10,13,5,0.2,10,15.4,17.5,14.6,4.3
2004,10,14,18,4.1,7.3,12,15,11.7,4.7
2004,10,15,0,7.6,5,11.2,15.3,9.6,2.9
2004,10,16,0,9.8,1.5,9.2,15.4,11.5,3.8
2004,10,17,0,10.2,1.8,13.3,16.3,11.7,5.9
2004,10,18,0,5.6,5.8,12.7,17.4,12.7,2.9
2004,10,19,9,0,10,15.7,17.4,15.6,2.1
2004,10,20,94,0,10,15.2,17.3,17.3,9.7
2004,10,21,1.5,3.6,7.3,15.1,17.6,14.4,5.2
2004,10,22,2.5,2.3,8.8,14.7,18,12.7,5.1
2004,10,23,2,5.8,6,12.1,15.1,11.6,3.9
2004,10,24,0,7.7,5,9.3,14.8,10.6,3.3
2004,10,25,0,5.8,5.5,13,17.6,14.2,3
2004,10,26,11,0,10,9.6,14.1,13.7,4.3
2004,10,27,0,0.3,8.8,8.2,10.6,8.2,4
2004,10,28,0,10.2,0,5.9,11.3,9.1,2.8
2004,10,29,0,10,2.8,8.3,14.6,10,2.7
2004,10,30,10,0,10,13.9,15.3,13.9,2.4
2004,10,31,0,6.6,9,12.7,17,15.5,3.5
2004,11,1,12.5,0.7,10,16.2,17.9,17.3,5.2
2004,11,2,11,5.9,6.3,15.6,18,15.6,3.8
2004,11,3,16,7.7,6.5,11.9,15.9,12.7,6.1
2004,11,4,15,3.8,5,11.6,14.2,12.1,2.8
2004,11,5,0,9.3,1.5,10.4,15,11.4,2.1
2004,11,6,1.5,9,3.8,11.2,16.1,12.2,3.9
2004,11,7,0,9.1,0,11.3,14.7,12.8,3.8
2004,11,8,0,9.5,0,10.5,15.9,11.8,1.9
2004,11,9,0,9.1,1.8,11.6,16.3,11.8,1.9
2004,11,10,0,7.8,5.8,10.5,17,11.2,2.2
2004,11,11,0,0.8,10,14.3,20.7,13.6,3.7
2004,11,12,26,1.4,9,11.8,17.7,15.6,6.3
2004,11,13,3.5,5,7.5,8.9,11.1,8.7,3.5
2004,11,14,0,0.6,8.8,9.2,12.8,10.1,1.9
2004,11,15,13,0.6,9.3,11.3,13.7,11.8,4.1
2004,11,16,13.5,0.3,9.5,9.5,11.1,9.8,3.9
2004,11,17,0,3.4,6.5,9.7,12.7,9.4,2.8
2004,11,18,4.5,0,10,9.4,12.1,10.9,1.8
2004,11,19,8.5,0,9.3,10.2,12.9,12.5,2.2
2004,11,20,2,5.9,8,10.3,13,10.8,2.9
2004,11,21,21,2.1,9.5,9.6,10.7,10.3,4.2
2004,11,22,9,6,5,9.3,12.4,10.3,2.4
2004,11,23,0,9.4,0,7.9,12.6,9.3,2.5
2004,11,24,0,5.4,2,6.8,13,10.1,2.1
2004,11,25,0,2.8,5.5,9.3,12.3,9.9,3.5
2004,11,26,9,4.4,5.3,6.4,13.2,8.5,5.5
2004,11,27,2.5,0.2,9.8,10.4,12.9,8.9,6.6
2004,11,28,11,3.1,8.8,8.9,10.5,10.2,3.7
2004,11,29,0.5,3,7,8.3,9.1,8.6,5.2
2004,11,30,5,4.3,7.8,6.7,8.9,7.9,3.7
2004,12,1,0,1.2,8.3,7.3,10.3,7.9,1.9
2004,12,2,1.5,8.5,3.3,4.6,9.4,7.8,4.5
2004,12,3,0,8.7,1.5,3.2,10.1,8,1.9
2004,12,4,15,0.2,9.3,7.9,13.4,11.4,3.3
2004,12,5,42,0.2,10,7.4,12.5,11.7,8.4
2004,12,6,2,0,7.3,5.9,8.7,6.6,5.3
2004,12,7,18,1.3,8.3,6.1,10.7,7.3,7.1
2004,12,8,4.5,3.3,9,8.5,10.8,9,2.7
2004,12,9,0,9.2,1.3,7.1,10.2,8.8,2.3
2004,12,10,0,9,3.8,5.7,12.7,8.7,4.3
2004,12,11,1,4.5,6.3,7.2,11,8.8,5
2004,12,12,0.5,6.1,5.8,5.3,10.9,7.6,3.4
2004,12,13,4,1.2,7.5,5,9.6,8.3,4.5
2004,12,14,0,7.7,3.8,4,10,6.6,3.6
2004,12,15,0,6.2,7.3,7.7,11.1,8.1,2.4
2004,12,16,7,0.2,9,6,9.3,7.2,6.2
2004,12,17,0,4.8,6.5,4.9,6.6,5.1,3.8
2004,12,18,16.5,0,8,3.5,8.3,8,3.1
2004,12,19,0,4,9.8,7.5,9.5,8.2,4.7
2004,12,20,30.5,2.7,7.8,7.3,11.1,10,5
2004,12,21,2,0,10,4.1,5.7,6.7,4.1
2004,12,22,17,0.3,9.5,0.8,3.6,6.4,3.2
2004,12,23,4.5,2.2,8.5,1.4,4,6,4
2004,12,24,6,2.7,9.3,1.9,4.6,6.8,2.3
2004,12,25,7,7.4,7.3,3.6,7.4,6.4,3.6
2004,12,26,16,1.6,8.5,3.1,5.2,7.2,4.7
2004,12,27,6.5,0,10,1.6,3.4,6.7,3.8
2004,12,28,0.5,4.6,8.3,1.9,3.7,5.7,4.4
2004,12,29,13.5,0.5,9.8,1,4.9,6.5,5.8
2004,12,30,3.5,0.5,8.5,0.5,2.3,5.6,3.8
2004,12,31,19,0,9.3,0.6,2.5,6.2,3.3
2005,1,1,19,0.9,7.5,0.4,2.7,5.4,5.6
2005,1,2,5.5,4.2,8,0,3.6,5.6,3.8
2005,1,3,0,5,6.8,4.3,8.9,5.1,8.3
2005,1,4,12.5,0.7,10,2.3,7.2,7,9.6
2005,1,5,4.5,0.5,8.3,-0.6,1.2,5,3.4
2005,1,6,1.5,0.6,7,-1,3.9,6.2,3.3
2005,1,7,14,0.2,10,3.7,6.6,7.5,8.6
2005,1,8,4,2.3,9.5,0.6,2.6,5.2,4.3
2005,1,9,7.5,0,9.8,-0.1,2.3,5.5,6.7
2005,1,10,22,0.5,10,-0.6,2.1,5.8,6
2005,1,11,15.5,0.1,9.5,1.6,3.7,6.1,9.1
2005,1,12,15,1.4,9.3,0.1,2.5,5.3,8
2005,1,13,3.5,1.5,8.8,1.2,3.4,6.1,2.9
2005,1,14,2.5,3.4,9.8,2.1,4.8,6.2,3.3
2005,1,15,6.5,1.2,9.8,3.7,6.5,6.7,2.9
2005,1,16,13.5,0,10,4.6,6.1,7.3,4.6
2005,1,17,16,0.1,10,2.4,4.7,6.8,3.4
2005,1,18,3.5,1.4,8.8,2.1,4.3,6.6,2.1
2005,1,19,8,0,10,2.8,5.8,6.7,6.2
2005,1,20,18.5,0.3,9.8,0.5,3.1,6.2,7.8
2005,1,21,14.5,2.3,8.8,0.4,2.7,5.2,6.2
2005,1,22,1.5,1.4,9.8,0.4,2.1,5.4,4.1
2005,1,23,0,2.3,7.5,-0.1,2,5.3,4.2
2005,1,24,12.5,4.1,7.5,-1.5,5.3,5.1,4.2
2005,1,25,6,0.4,10,2.9,4.2,6,3.9
2005,1,26,1.5,0.1,9.8,2.2,3.2,5.7,2.8
2005,1,27,1,4.5,10,1.3,5.6,5.3,4.3
2005,1,28,0,8.7,4.8,3.6,6.1,6.6,4.3
2005,1,29,12.5,7.4,5,0.5,8.2,6.6,5.1
2005,1,30,9.5,0,10,-0.5,1.9,5.3,5.2
2005,1,31,12.5,1.5,9.5,-0.8,1.7,5.4,8.3
2005,2,1,15.5,0.1,10,-1.4,0.3,4.9,8.4
2005,2,2,6,2.5,9.3,-0.1,2.3,4.8,6.5
2005,2,3,3,3.5,7.5,0.7,2.8,5,4.8
2005,2,4,16,0,10,0.5,2.3,6.4,3.2
2005,2,5,6,0,10,0.7,3.3,5.4,5.8
2005,2,6,0.5,0.3,9.8,0.7,2.4,5.4,3.2
2005,2,7,0,5,9.5,1.9,4,4.8,3.3
2005,2,8,1.5,0,8.3,1.3,4.1,6.6,3
2005,2,9,1,1.3,8.5,0.8,6.7,7.5,2.8
2005,2,10,20,0,10,-0.3,3.6,6.9,5.1
2005,2,11,7.5,1.2,9,-1.4,0.3,5.2,2.8
2005,2,12,6,2.2,10,-0.6,1.3,5,3.7
2005,2,13,8,2.2,9.8,-0.5,2.7,5.5,5.1
2005,2,14,0.5,8.8,8.5,1.5,3.7,4.4,3.8
2005,2,15,0,7.8,8.3,-0.1,5.8,5.5,4.1
2005,2,16,13.5,0,10,4.4,6.6,8.8,3.7
2005,2,17,5,0.4,9.8,3.3,5.9,7,4.3
2005,2,18,11.5,2.6,10,2.3,4.5,6.3,6.1
2005,2,19,15,0,10,3.6,6.4,8.4,3.1
2005,2,20,7.5,1,8.3,0.4,4.1,6.1,7
2005,2,21,2,2.5,8.3,0.1,2.1,4.7,7.6
2005,2,22,9,2.4,7.8,-0.2,1.4,5.4,4.9
2005,2,23,4,1.9,9.5,-0.3,7.9,5.5,10
2005,2,24,2.5,0,9,2.1,3.6,6,5.1
2005,2,25,5,1.7,10,1.3,5.1,6.2,7.5
2005,2,26,23,0.5,10,-1.7,-0.4,5,4.3
2005,2,27,0.5,4,8,-1.6,1.1,4.7,3
2005,2,28,9,3.1,9.8,-1,2.4,5.7,4.4
2005,3,1,0,5.9,5.8,-0.6,1.7,4.7,3.5
2005,3,2,2.5,0.1,10,-0.8,1.7,5.3,2.7
2005,3,3,1,6.2,9.8,0.2,3.3,5.3,4.8
2005,3,4,15.5,0,10,1.2,3.7,6.7,4.7
2005,3,5,1,5,6,0.8,3.2,5.1,4.9
2005,3,6,0,8.9,2.5,-0.1,3.5,4.8,4.3
2005,3,7,0,2.5,6,0.5,7,4.7,5.6
2005,3,8,0,4.2,8.5,9.1,11.4,7.6,7.3
2005,3,9,1.5,4.2,9,5,7.1,7.2,4.9
2005,3,10,0,8.8,7.3,4.6,12.6,7.8,4.8
2005,3,11,15.5,0,10,7.9,11.3,10.4,2.8
2005,3,12,9,0.2,9.5,0.5,4.4,6.1,7.6
2005,3,13,7.5,1.3,10,-1.2,0.8,4.8,4.6
2005,3,14,8,5.7,7,-0.6,2.1,5.5,4.3
2005,3,15,1.5,2,10,2.3,7.1,5.8,4.1
2005,3,16,1.5,5.5,7,6.2,9.5,8.1,3
2005,3,17,17,0,10,6.6,11.2,9.7,6.2
2005,3,18,5.5,1.5,9.3,4.7,7.2,6.7,6.5
2005,3,19,0,10.9,5.3,2.6,6.4,5,2.8
2005,3,20,3.5,4.3,7.5,2.1,8.2,5.7,5.5
2005,3,21,0,10.4,6.3,5,8.6,4.2,3.8
2005,3,22,21,0,10,6.5,9.7,8.5,2.6
2005,3,23,21,0,10,4.8,7.4,9.3,3.6
2005,3,24,17.5,7.3,5.3,2.6,6.8,6.7,5.3
2005,3,25,6.5,2.2,9.3,0.7,3.3,5.4,7.8
2005,3,26,4.5,5.6,6,0.8,5.6,5.9,4.4
2005,3,27,0,9.3,5.5,2.6,11,7,4.4
2005,3,28,16,0,10,8.3,10.6,10.7,2.9
2005,3,29,0.5,4.7,9.5,4.8,8.3,6.5,5.1
2005,3,30,0.5,5.9,9,4.6,7.3,5.8,4.7
2005,3,31,1.5,4.5,5,4.6,8.1,6.8,3.5
2005,4,1,0,11.4,2.3,3.1,7.9,5,3.5
2005,4,2,1,4.2,7.5,5.2,12.4,6.6,3.6
2005,4,3,20,0.9,10,4.4,9.6,10,4.4
2005,4,4,0,4.9,7.3,4.2,6.9,6,4.3
2005,4,5,0,9.9,3.5,3.5,11.8,6.9,5.9
2005,4,6,0,8.3,5,10,17.7,6.7,5.1
2005,4,7,1,7.8,10,14.1,19.9,11.4,7.8
2005,4,8,1,10.5,3,8.1,11.7,8.1,4.2
2005,4,9,0,11.4,0.3,5.9,10.1,7.9,3.7
2005,4,10,16,8.7,7,9.6,18.1,11,6.4
2005,4,11,6.5,0.8,10,8.7,10.1,9.2,6.7
2005,4,12,2.5,0,10,8.7,9.9,9.5,3
2005,4,13,2,5.3,6.8,7.3,9.5,8.2,3.1
2005,4,14,0,12.1,2.8,5.1,11.5,7,2.7
2005,4,15,0,10.4,3.8,8,13.4,8.6,3.7
2005,4,16,0,11.4,3,9.8,13,6.9,3.3
2005,4,17,0,8.6,5.5,9.6,14.5,8.5,5.2
2005,4,18,0,7.4,8,10.2,13.8,8.8,5
2005,4,19,0,8.9,5.8,9.7,15.3,9.2,3.6
2005,4,20,5.5,0,10,10.7,14.5,11.5,3.4
2005,4,21,3,5.9,9.3,10.6,13.7,9.1,5.2
2005,4,22,7,6.7,6,7.7,11.8,9,5.3
2005,4,23,0,12.4,3.5,7.3,12,8.6,3
2005,4,24,0,12.3,3.3,6.8,11.9,8.8,4.5
2005,4,25,0,8.8,9.8,10.7,17.1,9.8,3.1
2005,4,26,2,4.7,7,11.7,14.5,11.2,4.3
2005,4,27,0,12.2,2,8.8,16.8,7,3.5
2005,4,28,0,12,1,12.9,24.3,9.2,8
2005,4,29,9.5,0,8.5,14.9,17.5,15.2,5
2005,4,30,0,10.7,2.5,13.4,19.3,13.1,3.3
2005,5,1,7.5,0.7,10,15.7,19.6,15.4,2
2005,5,2,7,9.2,7,11.6,15.6,12.1,5
2005,5,3,0,12.7,0.3,8.9,16,8.4,3
2005,5,4,0,12.1,0,12.2,18.3,11.4,3.9
2005,5,5,0,10.7,4,12.6,17.4,11.1,3.4
2005,5,6,1,0,10,13.6,17.1,13.6,3.9
2005,5,7,42.5,0.1,10,12.3,14.3,13.7,5.3
2005,5,8,0,6.1,10,12.3,14.6,12.1,2.5
2005,5,9,0,4.1,7,12.5,15.2,12.1,5
2005,5,10,0,10.6,4.5,9.9,13.3,9.7,3.3
2005,5,11,0,10.3,7,8.4,14.3,9.6,4.1
2005,5,12,12,0,7.5,12.1,13.1,12.7,3.6
2005,5,13,0,10.5,6.8,12.1,14.2,11,3.5
2005,5,14,0,13,0.8,10.2,15.3,10.2,2
2005,5,15,1,3.4,8.8,9.8,15,12.1,3.8
2005,5,16,0,11.2,6.5,8,12.9,8.5,5
2005,5,17,0,13,0,8.9,16.1,11,2.7
2005,5,18,6.5,1,10,14.4,19.6,13.9,5.3
2005,5,19,0.5,11.8,6.8,13.7,17.3,13.9,4.6
2005,5,20,0,11.5,6.3,11.2,16.7,10.9,2.1
2005,5,21,0,9.7,8.5,14.1,19.2,10.6,2.9
2005,5,22,18,0.3,10,14.7,19.2,13.2,4.1
2005,5,23,14.5,6,8.3,14.3,17.2,14.2,5.1
2005,5,24,15.5,0,10,13.3,14.3,13.5,4.5
2005,5,25,0,13.3,3,11.7,15.6,11.6,4.4
2005,5,26,0,11.8,3.5,11,17.8,12,2.1
2005,5,27,0,11.3,2.3,14.7,20,13.7,4.5
2005,5,28,0,10.4,6.8,14.5,17.1,14.4,3.2
2005,5,29,0,7.7,9,14,18.4,15.7,3.3
2005,5,30,0,6.3,8.5,15.7,18.1,16.8,2.5
2005,5,31,0,0.2,7.5,14,16.7,15,3.3
2005,6,1,0,11.1,6,12.5,20.7,11.3,2.2
2005,6,2,0,0,9.8,17.9,21.1,14.3,2
2005,6,3,0,8.3,9.3,17.4,21.3,17.4,3
2005,6,4,0,4.2,10,17.7,19.4,18.2,2.6
2005,6,5,0,3.8,8.5,16.1,18.3,16.2,3.5
2005,6,6,0,9.3,3.5,15.6,19.9,16.7,4.3
2005,6,7,0,3.8,7.3,17.9,22.5,18.1,2.8
2005,6,8,0,4.1,9.8,20.1,22.4,18.1,2.7
2005,6,9,0,12.6,4.8,18.2,23,17.4,3.3
2005,6,10,0,6.9,7.5,19.7,23.3,19.1,3.1
2005,6,11,11.5,0,10,19.4,21.2,21.6,3.4
2005,6,12,2,0.2,10,18.3,19.8,18.8,3
2005,6,13,0,9.5,5.8,17.9,21,18.3,3.2
2005,6,14,0,9.6,7.8,18.5,21.5,18.8,5.7
2005,6,15,0,9.6,7.5,19.4,21.9,19.7,3.2
2005,6,16,0,0.3,9.8,19,21.5,20.6,2
2005,6,17,0.5,1.6,9.5,17.9,20.2,18.5,3.1
2005,6,18,0,11,4,17.3,21.7,19.1,2.4
2005,6,19,0,9.6,7.5,19.7,24.1,20.3,2.3
2005,6,20,0,11.4,4,21.7,24.4,20.2,2.5
2005,6,21,0,10.4,9.3,21,26.3,17.7,2.2
2005,6,22,0,5.1,8.8,23.3,25.1,21.6,3
2005,6,23,4,3.4,9.8,22,25.3,22.6,2.2
2005,6,24,0,9.5,5.5,23.2,25.3,22.9,3
2005,6,25,0,12.5,4.8,22.1,26.9,21.3,2.6
2005,6,26,0,6,10,24.2,27.5,22.1,2.4
2005,6,27,2.5,0,10,25.5,28,24.3,5.7
2005,6,28,67,0,10,22.3,24.5,26.2,6.7
2005,6,29,32.5,1.2,10,21.7,24.1,25.3,2.6
2005,6,30,27.5,0.1,10,23.4,24.8,27.7,4.4
2005,7,1,57.5,0,10,22.8,24.1,26.7,4.5
2005,7,2,0,7.5,8.8,22.3,25.1,24.5,2.9
2005,7,3,20.5,2.4,9.5,22.4,25,24.9,2.2
2005,7,4,56,0,10,21.3,23.4,25.9,5.2
2005,7,5,9.5,1.2,10,21.9,23.6,24.5,3.7
2005,7,6,0.5,4.9,8.8,21.2,24.3,23.4,2.9
2005,7,7,0,0.2,9.8,21.7,23.3,22.3,3.7
2005,7,8,0,7,7,21,22.9,19.1,2.7
2005,7,9,6,0.9,10,21.3,24.4,22.9,2.7
2005,7,10,4,1.9,9.5,23.2,24.8,25.1,6.4
2005,7,11,18,0,9.8,21.8,23.1,23.6,4
2005,7,12,93,0.2,9.8,20.9,22.9,24.4,4.9
2005,7,13,8,1.4,8,19.9,22.4,22.3,3.1
2005,7,14,0,0.4,10,21.4,23.7,24.4,2.9
2005,7,15,2.5,7.3,9,22.6,26.3,25,2.1
2005,7,16,1,1.9,9.8,23.6,26.6,26.8,1.8
2005,7,17,0,9.4,5.8,24.9,28,24.5,2.6
2005,7,18,0,10.4,7,24.2,27.7,25.1,3.7
2005,7,19,0,2.5,9.5,24.9,26.2,26.1,3.8
2005,7,20,0,8.6,6.5,23.2,26,24.5,2.7
2005,7,21,0,11.8,5.5,21.9,26.8,23.3,2.9
2005,7,22,0,6.1,7.8,24.5,27.2,26.8,3.1
2005,7,23,0,7.6,5.3,23.4,25.8,24.7,4
2005,7,24,0,7.2,7.3,22.8,25.8,24,3.8
2005,7,25,0,10.6,8,23.8,26.7,25.3,5.5
2005,7,26,3.5,0,10,23.6,24.9,26.9,5.7
2005,7,27,1.5,7.7,7.5,22.6,24.6,22.1,4.8
2005,7,28,0,12.7,4.3,20.9,27,22.1,1.9
2005,7,29,5,1.9,7.5,25.3,28.8,25.8,4.5
2005,7,30,0,6.3,6,25,28.5,25,3.7
2005,7,31,8.5,1,6.5,23,25.9,26.1,1.7
2005,8,1,0,10.4,6.8,23.9,28.5,25.7,2.5
2005,8,2,0.5,7.2,6.8,25.9,29.9,26.5,2.4
2005,8,3,0,11,5.3,26.5,30.3,27.1,3.1
2005,8,4,0,12,4.8,26.7,30.1,27.5,2.6
2005,8,5,0,9.7,4,26.9,30.2,28.9,3.2
2005,8,6,41,6.5,6.5,24.3,28.1,28.6,2.6
2005,8,7,0,7.6,3.8,24.2,27.8,26.7,2.3
2005,8,8,0,10,5.3,25,28.3,26.8,
2005,8,9,0,10.5,9.3,25.8,28.6,27.2,2.2
2005,8,10,3,6.7,8.3,25.7,28.7,28.3,4.9
2005,8,11,12.5,3.8,7.3,24.8,27.9,27.1,3.1
2005,8,12,32.5,0.1,10,24.1,26.9,28.6,4.6
2005,8,13,0.5,5.2,9,26.1,28.2,28.5,3.9
2005,8,14,2,0,10,26.1,27.4,29.3,5.3
2005,8,15,47,0,10,24.7,26.2,29.5,4.8
2005,8,16,0,6.3,7.8,24.6,27.1,27.1,3.7
2005,8,17,1.5,2.8,9.5,24.7,27.1,28.6,2.7
2005,8,18,0,5.8,6,24.7,28.2,27.7,2.5
2005,8,19,0,10.6,4.3,24.9,28.6,25.5,2.5
2005,8,20,0,10.2,3,24.9,29,25.1,2.4
2005,8,21,0,7.8,6.3,24.8,29.2,23.7,3
2005,8,22,37,2.9,9.8,24,27.1,26.6,3.1
2005,8,23,3.5,1.3,8.8,22.6,24.5,24.1,4
2005,8,24,0,8.8,6.5,22.5,26.2,24,5.7
2005,8,25,0,3,7.8,25,28,27,2.8
2005,8,26,1,0.9,10,25.5,27.4,25,4.6
2005,8,27,0,10.8,3.5,22.7,26,22.1,3.3
2005,8,28,0,3.1,6.5,22.1,24.8,20.3,2.4
2005,8,29,0,10,3,20.8,24.8,21.4,2.5
2005,8,30,0,4.4,7.8,21.3,25.9,19.2,2.1
2005,8,31,0,7.8,5.8,21.8,26.2,17.8,2.7
2005,9,1,0,11.3,2,23,28,24.1,2.5
2005,9,2,0,6.7,5,25.3,28.3,26.3,1.9
2005,9,3,23.5,5.1,9.3,22.6,27,27.2,3.6
2005,9,4,12.5,1.2,10,22.7,25,25.2,5.3
2005,9,5,13.5,0,10,21.5,22.7,24.4,5
2005,9,6,0,2.7,10,23,27.3,24.2,6.7
2005,9,7,0.5,1.9,10,22.9,29.3,22.7,10.8
2005,9,8,0.5,3.7,7.8,21.6,23.9,21.8,4.5
2005,9,9,0,8.6,4,21,25.7,22.6,3.8
2005,9,10,7,5.9,5.8,22.8,25.7,24.2,3.1
2005,9,11,27,0,10,22.4,23.8,25.5,2.4
2005,9,12,0,11.5,0.5,20.9,26.1,23.9,2.5
2005,9,13,0,10.3,8.5,24.6,27.1,25.9,2.7
2005,9,14,12,1.4,6.8,20.1,24.9,23.4,5.4
2005,9,15,0,7.1,6.8,19.2,21.9,18.1,4.7
2005,9,16,0,10.5,6.5,18.6,23.7,19.6,2.8
2005,9,17,0,4.2,5,20.5,25.2,19.5,1.8
2005,9,18,0,8.7,3.8,21.4,26.5,21,3.2
2005,9,19,0.5,4.8,10,23,25.8,24.8,3
2005,9,20,1.5,3,10,22.8,24.5,23.8,3.1
2005,9,21,0.5,2.1,9.3,20.9,22.8,19.5,4.4
2005,9,22,0,3.6,9,20.5,25.3,20.5,3.8
2005,9,23,1.5,2.8,9.3,20.9,23.4,21.9,4.1
2005,9,24,0,0.1,10,20.4,21.5,19.2,5.7
2005,9,25,2.5,0,10,18.7,20,18.8,3.7
2005,9,26,0,5.4,9.8,18.9,21.3,17.9,3.1
2005,9,27,0,6.7,9,17.9,20.7,16.2,4.1
2005,9,28,0,9.2,6,16.9,20.7,14.9,4.2
2005,9,29,0,11.2,0.5,14.8,20.2,14.5,4.3
2005,9,30,0,2.3,7,17.1,21.7,15.5,2.1
2005,10,1,0,0,10,20.3,24.8,17.3,4.4
2005,10,2,9.5,0,10,20.9,23.6,21.8,5.2
2005,10,3,0,10.1,7.3,18.3,20.4,15.7,4.6
2005,10,4,24,0,10,17.5,18.6,17.9,3
2005,10,5,0,2.6,9.8,16.9,19.4,16.5,3.8
2005,10,6,0,10.9,3,16.8,20,14.9,4.8
2005,10,7,15,4.3,6,15.4,20.5,17.5,2
2005,10,8,15.5,0,10,17.1,20.1,19.7,3.4
2005,10,9,1,8,7.3,15.7,19.1,15.1,4.2
2005,10,10,0,0.1,9.5,16.5,18.2,15.6,3.6
2005,10,11,0,5.9,6.5,15.8,19.8,17.1,4.8
2005,10,12,0,4.9,6,18,20.4,17.6,3.9
2005,10,13,0,10.6,1.5,15.9,21,15.4,2.1
2005,10,14,1.5,3.8,7.5,16.1,20.7,16.9,2.5
2005,10,15,34.5,0,10,17.3,19.1,19.7,2.4
2005,10,16,1,2.8,6,15.8,18.4,16.2,3
2005,10,17,0,6.1,7.3,14.9,18.8,16.1,3.1
2005,10,18,0,5.7,10,15.6,18.4,13.9,5
2005,10,19,0,3.8,7.5,13.1,16.2,12.1,4.7
2005,10,20,0,4,7.8,12.6,16,12.1,3.5
2005,10,21,2.5,6.4,5.5,11.9,16.7,12.5,2.9
2005,10,22,24,0,10,9.9,13.9,11.7,4.8
2005,10,23,13.5,4.3,8.3,8.9,14.2,12,4.8
2005,10,24,0.5,7.6,7,13.4,16.5,11.1,4.3
2005,10,25,0,4,8.3,13,16.6,11.3,4.2
2005,10,26,0,7.3,5.8,10,14.8,11.4,3.6
2005,10,27,0,9.6,2.8,12.5,16.1,12.9,2.1
2005,10,28,0,8.4,5.8,11.4,17.3,11.7,2.9
2005,10,29,24.5,0.4,10,13,15.9,13.1,4
2005,10,30,10.5,5.8,8.3,10.9,13.9,11.1,3.9
2005,10,31,8.5,5.6,6.3,9.6,12.3,10.1,3.3
2005,11,1,0,9.9,2.5,7.7,12.2,8.9,2.2
2005,11,2,0,8.7,7,9.3,14.8,9.2,2.1
2005,11,3,9.5,0,7.8,13.1,14.8,13.6,2.5
2005,11,4,0,8.8,1,11.4,16.3,12.3,2.9
2005,11,5,0,9.4,0,11.8,16.2,11.8,3.3
2005,11,6,8.5,0,10,12,15.8,13.1,3.5
2005,11,7,8.5,0.7,9,12.8,16.3,13,3.7
2005,11,8,0.5,4.3,5.3,10.5,14.4,8.3,8.1
2005,11,9,6.5,3.1,8,9.7,12.9,9.4,4.9
2005,11,10,1,9,1.8,9.4,13.5,8,3.3
2005,11,11,9.5,1.9,7.5,7.2,14.1,10.1,2.3
2005,11,12,11.5,4.2,6.3,8.7,12.3,10.8,3.4
2005,11,13,0,7.1,4.5,7.8,12.8,9.5,3.4
2005,11,14,4.5,0.6,10,8.5,12.2,11.1,4
2005,11,15,0,0.9,8.8,7.1,8.6,8,5.7
2005,11,16,3,0,9.8,5.3,6.8,7.5,3.9
2005,11,17,0,5.7,6.3,4.5,7.3,6.8,3.3
2005,11,18,14,4.3,5.5,4.6,7.7,7.5,3.2
2005,11,19,10,0.6,9.8,4.8,5.9,7.6,2.8
2005,11,20,1,3.5,7,4.6,7.4,6.7,2.8
2005,11,21,14.5,7.9,3.5,3,9,7,3.8
2005,11,22,16.5,3,7,8,9.4,9.2,3.6
2005,11,23,3,0.1,9.3,8.1,10.5,9.2,4.1
2005,11,24,6,3.2,9,9,11.5,9.2,5.3
2005,11,25,15.5,4,8.3,8.4,11.1,9.1,4.6
2005,11,26,2,0.2,9.8,7.8,10.4,9.8,2.4
2005,11,27,10.5,2.2,8,8.7,11.3,9.2,6.2
2005,11,28,0,3.6,10,8.6,13.6,9.3,3.6
2005,11,29,12,1.7,9.5,7,11.9,7.7,9.4
2005,11,30,30.5,0,9,4.7,6.2,7.5,4.1
2005,12,1,0,9.2,4.3,2,7.7,6,2.6
2005,12,2,15,0,10,3.8,7.8,8.6,5.2
2005,12,3,21,0.9,8.8,2.6,5.2,6.6,6
2005,12,4,11,3.1,10,4.3,7,6.2,7.4
2005,12,5,17.5,0.4,9.5,2.8,6.5,6.9,10.7
2005,12,6,16.5,0,10,4.5,6,7.5,4.8
2005,12,7,2.5,2.9,8,3.8,5.1,6.7,3.8
2005,12,8,51,0.5,10,2.3,4.7,7,7.6
2005,12,9,29,0.1,10,3.5,6,7,8
2005,12,10,6,0.2,10,5.2,7.7,6.5,9.6
2005,12,11,8.5,0,10,0.5,2.2,5.9,4.8
2005,12,12,7,1,9.3,0.7,2.3,5.8,5.6
2005,12,13,27,0.3,10,0,1.4,5.4,4.6
2005,12,14,52,0,10,0.1,0.6,5.9,2.7
2005,12,15,27.5,3,9.3,-0.5,1.2,5.7,5.3
2005,12,16,70,0,10,0.5,1.8,6.1,7
2005,12,17,63.5,0,10,0.3,1.5,5.9,8.2
2005,12,18,10.5,0.7,10,-1.5,0.8,4.5,9.7
2005,12,19,10.5,1.2,8.5,0.3,1.9,5.3,6.8
2005,12,20,21.5,0.9,10,0.8,2.5,6.4,2.9
2005,12,21,52,0,10,0.7,3.1,6.3,4.6
2005,12,22,18.5,0.2,9.5,-0.6,1.5,5.1,9.2
2005,12,23,8,0.9,9.3,0.7,3.7,5.6,8.5
2005,12,24,3.5,3,9.3,0.5,2.5,5,5.9
2005,12,25,10.5,2.1,9.3,0.9,4.6,5.7,7
2005,12,26,3,1.8,9.5,0.6,2.3,4.7,7.7
2005,12,27,2.5,1.1,9.3,-0.4,2.1,4.9,5.5
2005,12,28,12,0.9,9.8,-0.7,1.1,5,4.1
2005,12,29,0,4.2,6,-1,0.8,5.1,3.5
2005,12,30,8,0.8,9.3,-1.3,3,5.8,6.1
2005,12,31,1.5,2,10,-0.8,1.4,4.3,4
2006,1,1,0,8.2,8,-1.5,2.4,4.5,1.8
2006,1,2,8.5,0.3,9.8,1.5,4.6,6.5,3.8
2006,1,3,12.5,0.7,9,0.3,3.1,5.6,8.7
2006,1,4,5,0,10,0.3,1.5,5.4,4.8
2006,1,5,22.5,0.8,10,-2.4,-0.2,4.6,4.5
2006,1,6,3.5,1.3,10,-2.6,-0.7,4.5,2
2006,1,7,7.5,0.7,10,-1.2,0,5,4.6
2006,1,8,9,1.3,9.8,-1,0.4,5.2,3
2006,1,9,0,7.9,5.3,-2.5,0.5,4.4,2.7
2006,1,10,15,1.2,10,-1.3,2.5,5.8,5.1
2006,1,11,4.5,1,9.8,1.1,2.7,5.8,2.8
2006,1,12,0,2,7.3,-0.6,2.1,5.6,3.4
2006,1,13,1,0,10,-1.5,5,6,2.8
2006,1,14,39.5,0,10,4.4,6.2,8.9,3.9
2006,1,15,0,2.9,7.3,1.2,5.2,6.2,3
2006,1,16,0,5.9,8.5,0.7,5.1,5.9,2.2
2006,1,17,4,2.6,10,1.1,2.6,5.5,4
2006,1,18,0,3.5,7.8,1.1,2.6,4.5,2.6
2006,1,19,1.5,1.2,9.8,-1,0.4,4.4,4.2
2006,1,20,0,3.9,10,-1.8,0.9,3.6,2.9
2006,1,21,0.5,3.4,9.8,-1.5,1.9,4.4,3.6
2006,1,22,8.5,5,6.5,-1.7,0.6,4,6.9
2006,1,23,3.5,0.9,9,-2,0.7,4.5,6.3
2006,1,24,4,1,8.5,0.3,1.2,5.5,4
2006,1,25,4,2.4,9.3,0,1.8,5.5,2.6
2006,1,26,7,3,7.8,0.4,2.6,5.5,2.5
2006,1,27,11.5,0.9,10,0.6,2.8,5.9,3
2006,1,28,0.5,0.2,10,0.8,2.9,4.7,4.2
2006,1,29,0,9.6,0.5,-1.2,2.8,4.5,2
2006,1,30,1.5,1.7,10,1.2,8.9,7.8,4
2006,1,31,3.5,0,8.5,2.1,3.4,6.6,4.4
2006,2,1,24,0,8,1.2,3,6.7,4.1
2006,2,2,1.5,2.3,9.3,0.6,3.3,6.1,4.1
2006,2,3,3.5,0.3,9.8,-3.2,1.7,5,9
2006,2,4,13.5,1.5,8,-3.5,-1.8,4.3,3.8
2006,2,5,4,1,10,-2.6,-1,4.3,4.4
2006,2,6,10.5,1.5,10,-2.6,0,4.7,3.5
2006,2,7,3.5,1.5,10,1.1,4.5,6.7,6.7
2006,2,8,28.5,0.1,9.5,0.3,2.5,5.9,6.1
2006,2,9,0,2.2,9.8,-0.8,1.3,4.3,4.6
2006,2,10,9.5,2,8,1.2,3.8,5.1,7.7
2006,2,11,3.5,1.3,10,1.5,4.7,6.7,6.6
2006,2,12,6.5,0.6,9.8,-2,-0.5,4.9,3.6
2006,2,13,0,9.9,3,-0.1,6.3,4.5,6.1
2006,2,14,3.5,2.6,7.8,1.6,10.1,6.7,5.9
2006,2,15,5.5,0,10,6.5,10.1,10.4,4.4
2006,2,16,2.5,0,10,5.3,6.4,8.4,3.5
2006,2,17,4,0,10,-0.9,1.6,5.6,5.3
2006,2,18,0,5.1,6.3,-2.4,1.8,4.1,3.1
2006,2,19,0,6.7,7.3,-0.8,4.7,4.8,1.8
2006,2,20,3,0.4,8,0.4,3.5,5.8,2.3
2006,2,21,0,8,2.8,1.9,6.4,7.4,4
2006,2,22,7.5,7.6,10,2.1,8.8,7.8,3.3
2006,2,23,1.5,0,9.5,1.6,5.2,7.1,3.5
2006,2,24,0,2.8,5.5,0.7,4.7,5.3,3.1
2006,2,25,0,8,6.8,0.6,6.7,5.5,3.9
2006,2,26,26,0,10,5.2,7.7,8.5,4.4
2006,2,27,0,0,10,0.7,2.6,4.5,5.5
2006,2,28,0,1.6,9.8,0.5,2.8,5,5.4
2006,3,1,28.5,0,10,1.1,3.4,6.8,4.4
2006,3,2,5.5,1.3,10,1.1,2.7,6.3,3.1
2006,3,3,12.5,3.8,8.3,0.2,2.2,5.4,3.3
2006,3,4,0,10.5,3.8,-0.3,4.5,4.7,3
2006,3,5,0,7.4,7.3,1.9,9.6,4.6,4.9
2006,3,6,9.5,0,10,3.4,8,8.2,5.8
2006,3,7,0,9.6,2.5,1.1,6.4,6.8,2.9
2006,3,8,0,5.5,9.8,4.6,8.6,6.7,4.8
2006,3,9,0,7.3,7.5,3.5,6.2,5.6,7
2006,3,10,2,0,10,6.5,9.1,8.5,2.3
2006,3,11,6.5,5.5,5.3,5,11.5,8.6,5.1
2006,3,12,33,0,10,0.7,5.1,7.6,4.2
2006,3,13,1.5,3.1,9.3,-0.5,1.4,4.5,6.3
2006,3,14,11.5,0.5,10,-1.2,0.3,5.3,3.1
2006,3,15,0.5,10.8,5.5,0.5,6.1,5.6,4.6
2006,3,16,23.5,0.4,9.5,2.8,8,7.9,3.7
2006,3,17,19.5,2.7,7.3,4.7,8.1,8.5,5.9
2006,3,18,5,0.7,10,3.7,7.7,7.9,1.6
2006,3,19,9,1.3,10,1.9,5.1,6.2,5.7
2006,3,20,0,5.5,7.3,1.5,6.2,5.2,4.5
2006,3,21,0,4.4,7,4.7,8.5,7.1,5.8
2006,3,22,18,2.5,7.5,3.1,7.1,6.5,4.1
2006,3,23,5.5,4,9.3,6.1,9,8.7,4.5
2006,3,24,0,9.1,7.3,3.2,6.4,4.5,5.3
2006,3,25,0,11.8,0,0.6,7.1,5.1,2.5
2006,3,26,0,0,10,6.9,11.9,6.1,5.7
2006,3,27,0,9.9,5,4.5,9.3,7.3,3.3
2006,3,28,14,7.5,8.3,4.4,10.8,7.2,6.1
2006,3,29,1.5,2.8,10,1.4,4.3,5.4,7.6
2006,3,30,8,0.1,10,0,2.7,5.2,5.2
2006,3,31,2,0.9,7.3,0.7,4.2,4.8,5.4
2006,4,1,0,8.1,2.5,1.3,8,6,2.3
2006,4,2,16,0,10,7.8,12.6,10.7,6.9
2006,4,3,12,3.1,6.5,5,7.7,7.7,5.4
2006,4,4,0,6.3,6.3,3.9,11.5,7.5,2.5
2006,4,5,10.5,0,10,7.2,9.8,9.9,4.4
2006,4,6,0,9.6,7,2.5,6.9,5,3.6
2006,4,7,0,10.4,6.3,4.8,8.7,5.8,2.9
2006,4,8,26,2,8.8,6.9,9.3,7.9,7.2
2006,4,9,0.5,5.8,5.3,6.4,8.1,7.5,4.1
2006,4,10,4,0,10,6.7,9.9,9,3.2
2006,4,11,26.5,0,10,9.9,14.1,11.9,3.4
2006,4,12,2,0.2,10,12.4,14.3,12.9,2.7
2006,4,13,3.5,0,10,7.7,11.6,11.9,3.3
2006,4,14,0,0,8.5,6.3,7.9,8.3,6.5
2006,4,15,18,1.1,8,6.5,9.6,9.3,3.2
2006,4,16,11,2.2,9.8,7.2,9.8,9,5.8
2006,4,17,0,8.3,7.8,5.4,9.4,5.8,3
2006,4,18,0,6.4,9.8,9.2,17,5.8,4.1
2006,4,19,0,3.7,6.5,11.4,17.3,7.7,2.9
2006,4,20,41.5,3.8,9.5,5.7,9.8,8.6,7.3
2006,4,21,14,2,10,5.6,7.2,7.8,7.6
2006,4,22,0,5.6,9.5,6.6,10.4,8.3,3.3
2006,4,23,0,0,8.3,9.7,14,10.7,3.2
2006,4,24,0,7,4.5,8.9,12.3,8.3,5.4
2006,4,25,0.5,7.8,2.5,7.9,10.8,6.5,4.9
2006,4,26,0,0,7.5,5.5,10.4,7.5,2.2
2006,4,27,5.5,4.7,9.3,9,11.8,9.9,3
2006,4,28,0,12.5,0.3,8,12.2,9.4,2.6
2006,4,29,0,10.7,5.3,7.9,16.4,8.1,3.1
2006,4,30,0.5,4.4,9,13.7,18.9,11.2,3.7
2006,5,1,39.5,0,10,14.8,18.6,14.7,5.3
2006,5,2,8.5,0,10,8.4,10.5,10.6,5.5
2006,5,3,0,11.3,3,6,10.3,8.2,4.9
2006,5,4,0,12.1,0.5,7.2,15.5,9.3,2.4
2006,5,5,0,10,6,12.8,19.8,12,3.6
2006,5,6,2.5,4.6,9.5,15.1,18.3,13.2,3.4
2006,5,7,20.5,0,10,14.5,16.1,15.7,4.1
2006,5,8,1,7.7,8.5,14.8,18,15.9,4.4
2006,5,9,0,9.7,4.3,13.9,18.8,15.8,3.8
2006,5,10,3.5,2.9,9,17.6,21.5,18.5,2.2
2006,5,11,31,3,7.8,11.3,15.4,13.3,4.4
2006,5,12,0,9.4,8.5,11.1,15.3,8.1,7.1
2006,5,13,12.5,0,10,11.3,13.6,13.2,3.8
2006,5,14,0.5,7.1,6.5,12,14.8,12,4.9
2006,5,15,0,10.4,7,10.5,16.5,9.3,2.2
2006,5,16,0,1.6,8.5,14.8,18.1,11.2,2.4
2006,5,17,2,0,10,14.5,17.1,13.3,2
2006,5,18,0,1.7,10,15.5,19.1,14.9,3.1
2006,5,19,3,0.8,10,16.7,21.8,18.4,4.2
2006,5,20,16.5,0,10,15.4,17.3,17,3.9
2006,5,21,0,12.5,3.5,14.3,17,12.6,2.8
2006,5,22,0,9.3,7.5,14.1,24.2,13.1,4.3
2006,5,23,2,0,10,15.5,20.3,15.9,5.5
