Year,Month,Day,TotalPrecip,SolarHours,AvgCloud,MinTemp,AvgTemp,vapor_pressure,AvgWindSpeed
2016,5,23,14.2,20.5,0,11.2,3.1,4.8,15.5
2016,5,24,11.2,25.1,0,9.3,2.6,8.5,16
2016,5,25,17.6,22.1,2,0,3.1,8.3,19.3
2016,5,26,20.9,23.7,0.5,1.6,2.3,9.8,19.9
2016,5,27,18.1,20,24,6.6,4.3,5,16.6
2016,5,28,17.2,20.3,0,2.7,1.7,7.5,17.7
2016,5,29,17.6,21.3,2.5,8.1,2.9,7.5,16.7
2016,5,30,17.8,18.3,4,0.2,3.3,10,15.7
2016,5,31,18,21,0,11.9,4.6,10,17.8
2016,6,1,12,17.9,0,9.3,3.8,5.5,14.6
2016,6,2,12,16.7,0,10.4,4.7,2.8,12.9
2016,6,3,9.8,18.7,0,14,2.1,0.8,11.9
2016,6,4,12.8,22.2,0,7.3,3.7,9.5,15.5
2016,6,5,17.5,20.9,0,10.5,4.6,6,17.5
2016,6,6,16.5,20.7,0,10,4.4,8,17
2016,6,7,17.9,21.6,0,0.3,2.2,10,18.8
2016,6,8,17.9,23.7,0,11.6,2.2,7.3,18.6
2016,6,9,20.2,21.3,16.5,1.7,2,8,18.6
2016,6,10,19,22.2,0,11.4,4.1,3.3,17.8
2016,6,11,19.1,24.9,0,11.6,2.2,7.5,18.4
2016,6,12,18.1,25.2,0.5,4.4,2.3,8.5,21.6
2016,6,13,22,21,25,0.2,3,10,19.8
2016,6,14,21.5,22.3,1,6.7,2.2,8.8,19.4
2016,6,15,20.6,25.1,0,9.2,2.4,6.3,19.2
2016,6,16,21.2,24.5,4.5,0.6,2.2,10,21.1
2016,6,17,22.4,22.9,8,4.4,5,7.5,20.5
2016,6,18,19.6,23.3,0,12.7,2.9,8.5,18.7
2016,6,19,20,23.7,1,1.4,2.4,10,20.9
2016,6,20,23.3,24.5,0,4,4.6,8.3,22.8
2016,6,21,23,23.7,22,6.3,3.2,7.5,20.2
2016,6,22,23.1,24.2,7,2.8,3.1,10,21.7
2016,6,23,21.8,21.4,24.5,0.2,3.8,9.8,19.7
2016,6,24,21.2,22.6,11.5,1.3,2.8,10,19.2
2016,6,25,20.6,23.4,24,0.4,7.5,9.8,19.4
2016,6,26,19.2,21.5,44,9.4,4.2,5,18.1
2016,6,27,17.9,23.3,0,9.5,3.5,5,18
2016,6,28,20.3,20.6,6.5,0.1,3.8,10,18.3
2016,6,29,21.3,22.4,2.5,3.4,2.8,9.8,18.9
2016,6,30,24.1,24.2,1.5,1.8,3.6,9,21.3
2016,7,1,24.1,26.7,0,12,2.3,6.5,22.7
2016,7,2,23.2,29.5,0,3.6,5.3,9.8,25.5
2016,7,3,26.9,25.3,15.5,1.9,4.9,8,23.8
2016,7,4,26.4,24.6,14,0,3.2,10,22.2
2016,7,5,26.7,26,9.5,3,2.9,9,22.7
2016,7,6,26.4,28.3,0,9.9,5.2,9,23.7
2016,7,7,26.2,24.9,0,3.5,3.4,9.8,23
2016,7,8,25.9,25.3,8,0.1,2,10,22.5
2016,7,9,25.9,23.5,18.5,0,2.2,10,22.1
2016,7,10,24.6,25.3,0,11.3,2.8,6.5,22.7
2016,7,11,24.2,25.5,0,12.3,3.1,7.5,22.1
2016,7,12,23.9,26.2,0,5,2.3,7.5,22
2016,7,13,29.2,27.3,21.5,2.3,4,10,24.5
2016,7,14,25.7,25.6,1.5,5,5,9.5,22.4
2016,7,15,23.1,22.4,21,1.2,6,9,20.3
2016,7,16,23.4,24.9,0,7.1,3.5,9.8,21.8
2016,7,17,26.9,25.4,11.5,0.1,3.7,10,24.1
2016,7,18,24.8,25.1,0,3.8,2.3,6.8,22.7
2016,7,19,23.3,25.1,0,12.2,2.8,4.5,20.8
2016,7,20,23.3,25,0,7,4.6,7,22.5
2016,7,21,22.5,24.3,0,4.6,4,9,22
2016,7,22,23.2,24.9,0,5.9,3.4,8,21.8
2016,7,23,23.3,26.8,0,11.4,2.5,7.5,22.5
2016,7,24,22.8,27.7,0,9.5,2.4,9.8,24
2016,7,25,25.1,27.1,0,3.4,2.5,10,24.5
2016,7,26,25.2,25.1,39,0,3.2,10,22
2016,7,27,26.2,28.6,0,7.1,3.1,9.3,25.4
2016,7,28,26.6,29.7,0,9.2,2.4,8.3,25.9
2016,7,29,25.1,29.6,0,13.1,2.6,3.8,25.9
2016,7,30,25.9,29,0,13.1,2.4,2.5,25.8
2016,7,31,27.7,28.8,0,12.1,3,1.8,25.8
2016,8,1,28.4,27.8,0.5,8.2,3.1,5,25.4
2016,8,2,27.3,27.5,0,7.1,2.9,9,25.4
2016,8,3,27.1,27.5,0,7.8,2.3,7.3,25.1
2016,8,4,26.9,27.8,0,10.2,3.3,2.3,24.7
2016,8,5,27.4,28.3,0,11.5,3.2,2,25.1
2016,8,6,28.4,29,0,12.8,3.3,0.3,25.2
2016,8,7,28.3,30.1,0,12.6,2.2,0.3,26.6
2016,8,8,28.6,29.1,0,11.3,3.5,3.5,27.1
2016,8,9,27.4,27.9,0,4.4,3.2,8.3,25.5
2016,8,10,22.1,26.3,0,8.6,3.5,7.3,23.9
2016,8,11,22.3,26.5,0,12.4,3.6,3.5,22.1
2016,8,12,22.8,27.7,0,11.5,3.1,1,23.1
2016,8,13,24.9,29,0,12.2,2.5,2.3,24.8
2016,8,14,26.6,28.6,0,8.4,2.3,4.5,24.8
2016,8,15,27.3,27.3,28,4.5,2.8,6.3,23.1
2016,8,16,27.7,27,61.5,3.9,3.8,8,24.8
2016,8,17,28.2,27.3,10.5,7.7,3.1,7.8,25.1
2016,8,18,27.1,28.3,0,9.9,4.7,5.8,25.2
2016,8,19,28.7,28.9,0,11.1,4.7,5.3,26.2
2016,8,20,30.4,28.8,4,4.2,2.6,7.5,26.7
2016,8,21,28.6,29.5,0,5.8,2.8,7.8,27.4
2016,8,22,29.4,28.7,0.5,8.3,3.2,5.8,26.2
2016,8,23,25.5,27.6,1,9.3,4.5,6.3,25.2
2016,8,24,25.9,27.7,0,5.4,4,9.5,24.3
2016,8,25,27.5,29.7,0,11.6,2.3,0.5,25.7
2016,8,26,26.3,27.1,13.5,3.3,4.1,9.3,22.1
2016,8,27,21.9,23.1,18.5,0.6,5,10,20.7
2016,8,28,22.4,24.2,0,2.6,4,8.8,21.4
2016,8,29,25.2,25.8,4,4.6,2.7,9.8,22
2016,8,30,21.1,22,65.5,0.7,5,9.5,20.3
2016,8,31,15.5,27.6,0,11.6,5.8,2.5,23.2
2016,9,1,16.8,26.4,0,10.3,3.1,7,21.2
2016,9,2,20.8,26.6,0,10.8,2.6,7,22
2016,9,3,23.9,27.7,0,9.2,3.2,4.8,23.2
2016,9,4,26.2,27.8,7.5,6.4,2.5,5,25.1
2016,9,5,27.1,26.9,1,1.3,2.2,8,24.3
2016,9,6,26.2,26.1,1,2.8,3.3,6.3,24
2016,9,7,27,27.1,0,4.5,5,9.8,25
2016,9,8,25.8,24,24,0,4.9,10,21.3
2016,9,9,21.3,23.4,4,3.1,2.5,9.8,20.8
2016,9,10,20.5,23.8,0,9.9,3.8,9,20.5
2016,9,11,22,24.9,0,5.7,4.2,9.8,22
2016,9,12,23.7,24.3,3.5,1.9,4.1,10,22
2016,9,13,24.9,23.1,48,0.6,3.7,10,21.2
2016,9,14,23,23.9,5.5,4.2,2.1,10,22.3
2016,9,15,22.3,23.7,0,6.4,2.9,10,22
2016,9,16,22.2,24,0,1.8,1.6,10,21.1
2016,9,17,21.9,23.6,11,0.4,3.4,10,20.9
2016,9,18,24.1,21.4,93,0,2.9,10,20.9
2016,9,19,21.6,20.4,26,0,5,10,19.5
2016,9,20,20.2,19.2,45,0,6.3,10,18.2
2016,9,21,20.6,21.8,0,1.8,4.3,9.8,19.7
2016,9,22,22.9,22,15.5,1.1,2.7,10,20.1
2016,9,23,21,20.5,2.5,1.9,2.4,8.3,18.5
2016,9,24,19.8,21.6,0,6.5,3.4,8,17.5
2016,9,25,21,24.5,0,5.3,1.9,9.5,20.3
2016,9,26,25.2,24.4,1.5,0,2.1,10,22.7
2016,9,27,24.1,26.4,0,9,2.4,7.5,21.9
2016,9,28,26.5,23.5,43,0,1.9,10,22.1
2016,9,29,21.2,20.2,46.5,0,3.4,10,17.9
2016,9,30,16.5,19.4,12.5,5,2.3,7,15.2
2016,10,1,18.7,20.7,6,6.4,3.6,9.3,16.3
2016,10,2,21.9,23.9,0,9.1,2.9,4.3,20.5
2016,10,3,23.9,24.9,0,0.4,2.9,9.3,21.7
2016,10,4,20.6,23.5,0,4.2,5,9.8,20.5
2016,10,5,20.4,23.7,0,1.1,6.8,9.3,19.4
2016,10,6,18.1,20.9,3.5,3.4,4.5,7.5,17.3
2016,10,7,12.5,19.4,0,9.8,6.1,5.3,14.4
2016,10,8,21.3,22.3,41.5,0,3.2,10,18.8
2016,10,9,15.7,18.2,43,0.5,4.3,10,15.5
2016,10,10,11.2,16.2,0,1.1,4.5,9.8,14
2016,10,11,12.2,16.7,0,3.5,3.2,6.5,12.9
2016,10,12,12.4,15.7,3.5,4.2,3.2,5.8,12.7
2016,10,13,10.6,15.2,0,6.3,3,9.8,12.3
2016,10,14,10.2,15.8,0,9.9,3.3,1.8,10.9
2016,10,15,9.7,16.7,0,10.8,2.5,0.3,10.8
2016,10,16,12.5,19.1,0,8.2,2.6,7.3,13.1
2016,10,17,19,20.3,11,0.8,2.4,9,16.4
2016,10,18,20.1,21.1,0,5.3,3.1,9,18.8
2016,10,19,18.4,20.9,0,5,2.5,8.5,18.3
2016,10,20,15.9,19.7,0,7.3,4.1,6.8,14.4
2016,10,21,11,14.8,0,5,4.8,8.3,12.3
2016,10,22,12.4,15.7,0,2,2.5,9.3,11.4
2016,10,23,12,15.7,0,1.5,4.9,10,12.2
2016,10,24,8.6,13.3,0,10.2,4.7,1,9.6
2016,10,25,11.5,17,1.5,0.8,4.3,7.5,9.5
2016,10,26,18.6,19.5,6,3.4,3.1,9.5,16.7
2016,10,27,11.3,15,0,8.2,4.7,3.8,10.2
2016,10,28,11.6,13.2,27,0,5.1,9.3,10.2
2016,10,29,10.8,13.2,8.5,0.5,4.3,9,9.9
2016,10,30,8,12,0,8.6,4.1,4,7.8
2016,10,31,8.8,14.1,0,5.2,3.3,8,7.8
2016,11,1,9.9,11.8,1.5,0.5,5.2,8.8,7.7
2016,11,2,7.6,11.2,0,10.1,4.4,0.3,5.2
2016,11,3,9.9,11.8,28.5,1.5,5.9,9.8,10.3
2016,11,4,8.8,12.3,7.5,9.4,2.7,2,8.5
2016,11,5,9.2,14.9,0,9.9,4.6,2,8.5
2016,11,6,9.2,12.1,2.5,1,5.4,10,9.3
2016,11,7,8.2,11.2,0,9.6,4.6,2.5,7.7
2016,11,8,11,12.6,27,0.4,5.3,9.8,8.1
2016,11,9,7.1,7.1,1.5,0.6,3.8,10,5.4
2016,11,10,6.4,8.9,0,3.8,4.9,10,6
2016,11,11,11.1,13.4,11.5,3.4,4.4,8.5,8.7
2016,11,12,9.7,14,0,8.1,2.3,4.5,9.9
2016,11,13,9.8,14.1,0,9,2.5,5.3,8.2
2016,11,14,11.6,14.9,1.5,1,1.9,10,10.4
2016,11,15,12.7,14.4,12.5,0.4,4.9,10,10.2
2016,11,16,6.8,9.9,0,4.9,3.1,7.8,8
2016,11,17,9.3,9.2,6,0.2,3.9,7.5,6
2016,11,18,8.2,9.9,0,9.2,2.2,3.8,3.5
2016,11,19,14.3,14.9,16,0,4,10,11.4
2016,11,20,14.6,16.1,0.5,0.9,4.3,10,13.2
2016,11,21,11.4,13.9,0,6.3,4.6,8.3,10.4
2016,11,22,12,14.6,3,3.9,3.6,8.8,7.2
2016,11,23,6.5,6.4,2,2.3,6,9.3,4.9
2016,11,24,5.6,7.4,0,5.3,6.3,5.5,5.5
2016,11,25,7.8,8.1,10,0.4,4,9.5,4.8
2016,11,26,8.9,10.5,6,7.3,2.3,7.8,5.7
2016,11,27,12.1,11.2,21,0,2.2,10,10.4
2016,11,28,7.9,9.6,2.5,1.3,3.7,9.8,7.1
2016,11,29,7.5,7.6,2,0.3,3.2,10,6.1
2016,11,30,6.4,7.2,0.5,4.4,2.9,7.5,3
2016,12,1,10.1,14.2,6.5,0.4,7.4,10,8.5
2016,12,2,6.1,10,0,5.7,4,7.3,8.3
2016,12,3,8.1,11.4,0,9.2,2.4,2.8,7.3
2016,12,4,8.7,12,0.5,2.2,2.5,7.5,4.9
2016,12,5,10.6,13.3,5,2.9,5.4,10,10.8
2016,12,6,7.7,8.5,12,0.2,6.5,10,4.6
2016,12,7,6.8,6.9,6,1.9,4.6,7,3
2016,12,8,6.4,7.5,11.5,7.2,2.7,7.5,4.8
2016,12,9,7.6,10.1,15,0.9,7.1,10,6.2
2016,12,10,6.3,4.8,5,0,4.2,10,3.1
2016,12,11,6.2,2.9,6.5,0,3.6,10,1.9
2016,12,12,5.5,4.4,0,7.4,2.3,7.5,0.3
2016,12,13,10.1,10.4,17,0,3.5,10,5.6
2016,12,14,6.7,6.2,15,1.1,5.8,9.8,4.2
2016,12,15,5.2,4,0,2.3,3.4,8.3,2.2
2016,12,16,5.7,2.2,18.5,1.3,3.8,9.5,0.4
2016,12,17,7.2,5.5,10,0.8,5.1,8.5,3.1
2016,12,18,7.7,9.6,0,4,4.4,9.3,4.9
2016,12,19,8.5,11.2,0,5,3.6,8.5,6.3
2016,12,20,9.7,11.1,0.5,0.9,2.2,8.3,7.8
2016,12,21,9.1,10.6,0,8.7,2.5,3,6.3
2016,12,22,10.5,15.2,27,0,7.3,8.3,6.4
2016,12,23,8.4,9,17.5,0.1,5.9,10,4.1
2016,12,24,6.7,5.4,4,4.1,2.6,8.5,4.1
2016,12,25,6.9,6.1,2,4.7,2.8,8,2.8
2016,12,26,7.8,7.3,3.5,0,2,10,2
2016,12,27,8.7,6.7,54,0,5.4,10,2.4
2016,12,28,5.1,2.8,7.5,5.4,3.9,6,0.9
2016,12,29,5.8,4.5,8.5,1.9,4.6,10,1
2016,12,30,5.6,3.6,2,1.5,3.2,9.5,1.7
2016,12,31,6.5,7.1,1,0.8,4.2,9.3,3.5
2017,1,1,7.1,8.3,5.5,3.5,4,9.5,5.8
2017,1,2,7.1,9.2,2,4.7,5,5.5,4.6
2017,1,3,7.4,7.3,11,1.9,2.7,8,5.5
2017,1,4,6.4,8,3.5,0.1,5.5,10,5.8
2017,1,5,5.5,4.4,1.5,1,3.3,10,2.3
2017,1,6,4.6,3.5,0,5.2,3.4,4.3,0.6
2017,1,7,5.1,4.5,0,8.8,3.1,4,0.3
2017,1,8,6.3,5.7,4.5,0,3.9,8,0.8
2017,1,9,8.1,7,19,1.2,2.5,10,5
2017,1,10,6.6,6.7,6.5,3.7,6.1,9,3.7
2017,1,11,5.7,4.7,1.5,0.9,6.1,8.3,3
2017,1,12,6.2,5.2,13.5,0.4,8.3,9.8,2.8
2017,1,13,5.7,4.6,12.5,0.6,8.7,10,1.1
2017,1,14,4.5,0.7,7,0.5,8.4,10,-2.3
2017,1,15,4.6,1,7,1.6,7.4,9.3,-1.5
2017,1,16,5.5,2.3,16,0,5.5,10,0.1
2017,1,17,5.9,3.1,13.5,0.2,3.2,10,1
2017,1,18,5.2,5.3,3.5,6.6,3.8,7.8,1.2
2017,1,19,5.2,4.4,0,2.5,3.7,7.8,0.3
2017,1,20,5.5,2.5,24,1.8,4.6,8.3,-1.3
2017,1,21,5.7,3.4,8.5,1,5.5,10,1.2
2017,1,22,5.6,2.6,39,0.1,7.6,7.5,0.1
2017,1,23,4.2,0.8,2,0.4,6.6,10,-1.1
2017,1,24,4.7,0.3,10,0.7,4.1,10,-1.3
2017,1,25,5.6,0.9,5,2.1,2.4,8,-0.7
2017,1,26,4.7,3.6,0,7.8,3.2,2.3,-0.7
2017,1,27,5.3,7.4,3,0,7.1,10,0.1
2017,1,28,5.9,5.4,0,8,2.3,8,1.5
2017,1,29,6,6.3,3,3.9,1.8,8,1.1
2017,1,30,8.3,7.6,17,0,6.2,10,3.1
2017,1,31,4.4,2.4,1,1.1,2.9,8.3,0.5
2017,2,1,5,3.8,4,2.9,6.3,8.3,0.4
2017,2,2,5.1,3,4.5,1.7,5.8,9.5,-0.5
2017,2,3,5.2,5.3,1,5.3,2.6,8.3,2.6
2017,2,4,5.1,6.9,0,9.4,2.1,2.8,3.1
2017,2,5,7.7,6.8,15.5,0,3,8,3.6
2017,2,6,6.7,5.5,21.5,0.1,6.2,10,1.7
2017,2,7,4.7,2,2,0,5.2,10,0.7
2017,2,8,5.1,3.2,0,1.2,2.2,10,1.1
2017,2,9,6.1,4,3,0,4,9,2
2017,2,10,4.8,1.7,5,0.2,6,10,-0.6
2017,2,11,4.3,2.7,4,2.4,6.7,9.5,-0.3
2017,2,12,5.7,1.7,4,0.1,2.8,8.8,0.6
2017,2,13,5.6,1.9,4,2.4,2.7,9,-0.2
2017,2,14,5.7,1.6,2.5,1.6,2.4,8.5,-0.1
2017,2,15,5.4,4.2,0.5,2.3,2.7,7.3,1.6
2017,2,16,5.7,9,0,9.8,4.3,2,1
2017,2,17,7.9,9.6,16,0,7,8.8,3.2
2017,2,18,5.4,3.7,3.5,5.1,5,9.3,-0.3
2017,2,19,4.7,4,0,7.6,3.2,8.3,-0.4
2017,2,20,7.6,8.4,24.5,0,8.4,10,2.7
2017,2,21,4.6,2.6,1,1.1,5.7,9.8,1
2017,2,22,4.7,4.1,2,5.7,2.2,8.3,-1
2017,2,23,8.7,7.6,16.5,0,5.4,10,4
2017,2,24,4.3,3.6,0,3.3,3.9,9.5,0.8
2017,2,25,5.8,5,9.5,6.4,4.6,6.5,1
2017,2,26,6.6,4.4,9.5,1.4,3.9,8.8,1.9
2017,2,27,4.5,3.5,0,6.9,5.2,6,0.9
2017,2,28,5.3,4.1,0,4.3,2.4,7.3,-0.9
2017,3,1,5.5,6.1,0,7.5,2.2,7.8,0.9
2017,3,2,7,7.8,3,2.8,2.3,7.5,2.9
2017,3,3,5.5,6.3,4.5,8.3,4.5,5.3,2.8
2017,3,4,5.5,7.7,0,10.6,3.3,2.3,1.4
2017,3,5,6.7,8.8,0,6.8,2.2,3.8,3.7
2017,3,6,6.5,8.6,2.5,0.7,5.1,10,4.7
2017,3,7,5.8,2,9,0.1,4.1,10,0.5
2017,3,8,5.9,2.4,11,3.4,5.6,10,0.3
2017,3,9,6.5,3.5,10.5,1.5,6.8,10,1.1
2017,3,10,6.3,5.1,9.5,4.8,3.3,9.8,1.2
2017,3,11,5.2,5.2,0,2.6,2.7,8.5,1.8
2017,3,12,5.4,5.8,0,8.9,3.3,6.8,-0.2
2017,3,13,6.7,9.7,0,8.7,3.8,10,3.9
2017,3,14,6.5,7.6,2.5,2.8,4,9,4.7
2017,3,15,7.1,6.2,8,1.9,5.3,10,3.8
2017,3,16,6.3,6.3,0.5,5.3,2.6,9,4.5
2017,3,17,5.6,7.5,0,9.6,2.6,7,4.2
2017,3,18,6.3,8.8,0,7.5,3.2,6.5,4.3
2017,3,19,8,10.8,0,9.4,4,2.5,7.3
2017,3,20,6.1,9.3,0,8.9,3.2,5,2.5
2017,3,21,8.2,7.4,33,0,2.8,10,6
2017,3,22,5.3,8.1,0,6.5,3.3,7.3,4.6
2017,3,23,6.8,7.8,2,2.9,3.3,10,4.4
2017,3,24,5.3,5.7,0,5.1,3,5.3,3.4
2017,3,25,4.9,6.2,0,11.4,3.9,9,1.5
2017,3,26,6.4,7.5,0,4,4.8,8,2.9
2017,3,27,6.6,7.8,2.5,5.8,3.9,8.8,5.8
2017,3,28,6.2,7.6,0,7.3,3.3,5,3
2017,3,29,5.8,9.2,0,7.9,2.3,7.8,3.7
2017,3,30,7.7,11.4,0,9.9,3.7,8,6.2
2017,3,31,6.6,7.8,0,0,5.7,9.8,6.6
2017,4,1,5.8,7.3,0,3.4,5.2,7,3.9
2017,4,2,5.3,7.4,0,12.1,5.1,0,2.3
2017,4,3,6.6,9.5,0,5.4,5.6,4.5,3.2
2017,4,4,8,10.7,0,10.8,2.6,8.5,7
2017,4,5,7.9,14.2,0,7.6,2.6,8,6.9
2017,4,6,9,16.4,0.5,0.4,6,7.5,9.2
2017,4,7,15.1,16,13,1.3,4,10,12.7
2017,4,8,15,15.9,0,2.2,2.6,10,12.6
2017,4,9,11,11.1,7.5,0,4.7,8.8,7.1
2017,4,10,6.4,10.6,0,10.5,6.4,7.5,5.3
2017,4,11,10.8,10.3,36.5,0,2.4,10,9.1
2017,4,12,8.2,10.1,0,6.4,4.2,8,5.8
2017,4,13,6.4,9.7,0,7.1,2.7,2.5,4.3
2017,4,14,6.1,16.5,0,11.4,5.5,5.8,7.9
2017,4,15,9.7,17.7,0,3.6,7,5.5,11.6
2017,4,16,12.8,18.4,0,10.9,5.3,6.3,12.8
2017,4,17,12.2,17.3,18.5,2.4,3.3,10,13.1
2017,4,18,12.7,14,10,1.7,7.5,7.5,11.1
2017,4,19,9.4,13.2,3,3.1,5.9,8,9.7
2017,4,20,8.4,12.3,0,7,2.9,6.8,6.7
2017,4,21,11.1,14.5,0,4.1,3.1,8,11.7
2017,4,22,9.1,11.9,0,7.7,4.4,6.8,8.6
2017,4,23,7.4,11,0,13,4.6,0.3,6
2017,4,24,8,15.2,0,12.4,2.5,2,6.8
2017,4,25,9.6,18.7,0,6.7,3.9,6,11.9
2017,4,26,13.5,14.1,46.5,0,3.8,10,10.7
2017,4,27,8.9,12.8,0.5,11.6,3.4,9.5,9.6
2017,4,28,7.6,15.1,0,12.7,3.7,2.8,9.5
2017,4,29,9.4,16.2,0,9.7,6.1,3.3,10.8
2017,4,30,8.1,19.7,0,12,5.9,2.5,9.7
2017,5,1,11.9,14.7,6.5,4.7,3.3,7,10.1
2017,5,2,7.5,14.4,0,12.4,4.6,5,8.2
2017,5,3,10,17.5,0,7.3,2.5,7.8,11
2017,5,4,10.9,18,0,12.2,2.9,0.5,12.5
2017,5,5,13.1,19.7,0,8,2.2,6,14.8
2017,5,6,14.9,16.3,8,0,2.9,9.8,13.7
2017,5,7,9.1,17.8,0,10.8,5.8,3.3,14.3
2017,5,8,11,18.3,0,12.1,5.9,1.3,14.6
2017,5,9,11.4,17.2,0,0,2.8,10,12.5
2017,5,10,16.1,17.5,7,0.5,3.1,10,14.9
2017,5,11,15.9,18.5,10.5,3.2,6.9,10,15.9
2017,5,12,17.2,21.2,0,5.1,3.8,8,18.8
2017,5,13,16.5,17.2,8.5,0,4,10,15.9
2017,5,14,13.7,19,0,6.9,3.5,5.3,14.3
2017,5,15,12.4,18.4,0,9.4,4.9,9.8,16.4
2017,5,16,11.6,16.5,0,9.8,3.9,8.8,13.8
2017,5,17,11.3,16.2,0,9.1,5.5,6.5,12.8
2017,5,18,12.9,16.5,0,13,2.9,0,11.9
2017,5,19,9.6,19.6,0,13.9,2.1,0,12.7
2017,5,20,10.6,22.6,0,13.1,3.1,0.5,16.2
2017,5,21,12.6,22.1,0,11.9,2.4,9.3,16.6
2017,5,22,14.3,22.8,0,12.6,2.6,5,18.2
2017,5,23,16.5,22.2,0,10.5,2.8,7.3,19.3
2017,5,24,18.2,20.8,0.5,0,1.9,10,19.2
2017,5,25,18.8,20.2,8,4.5,2.3,10,18
2017,5,26,15.7,18.8,0,3,4,9.5,15.4
2017,5,27,13.3,17,3,4.6,6.2,9,14.4
2017,5,28,12.7,17.8,0,10.3,3.3,4.5,15.3
2017,5,29,13.2,21.2,0,11.6,3.5,0,13.6
2017,5,30,16,23.2,0,10.7,2.8,7,17.5
2017,5,31,17.1,23.4,0,5.7,2.4,10,19.8
2017,6,1,17.8,21.4,11.5,8.6,3.1,8.5,18.5
2017,6,2,13.5,17.7,5,4.6,6.8,9.5,15.4
2017,6,3,11.4,15.7,0,2.8,3.7,7.5,13.3
2017,6,4,12,16.3,3,10.4,3.7,2.8,12.1
2017,6,5,12.7,17.7,0,14.1,3.2,2.3,12.5
2017,6,6,13.9,19.5,0,13,2.9,6.8,13.8
2017,6,7,16.3,20.3,0,0,1.9,10,18.4
2017,6,8,18.5,20,6,1.9,4.1,7.5,17.2
2017,6,9,14.3,20.6,0,11.7,3.6,8.3,14.6
2017,6,10,14,18.4,9.5,1.9,3.7,8.5,12.5
2017,6,11,11.4,17.4,0,14.2,4.4,6.8,10.9
2017,6,12,12.8,17,0,6.7,4,7,14.1
2017,6,13,13.1,16.5,0,0,3.1,9.8,14.4
2017,6,14,12.6,17.3,0,13.9,2.4,1.8,12.4
2017,6,15,12.3,21.1,0,9.7,3.8,5.3,12.6
2017,6,16,15.3,19,0,6.3,4.7,6.8,17.6
2017,6,17,15.1,20,0,9.5,3.9,5.5,16.4
2017,6,18,17.2,21.4,0,3.7,4,10,18
2017,6,19,17.3,21.3,0,13.5,2.6,2.8,16.5
2017,6,20,14.8,24.3,0,10.3,2.2,9.5,17.2
2017,6,21,19.5,20.5,11.5,0.4,4.1,10,18.5
2017,6,22,18.1,21.3,0,9.3,2.2,10,18.3
2017,6,23,18.7,22.4,0,12.3,2.5,5.8,18.4
2017,6,24,20,23.9,0,6.5,3.2,9.3,19.5
2017,6,25,21.5,20.3,15,0,3.2,10,18.5
2017,6,26,18.3,21.1,0,10.4,4.7,9.5,16.7
2017,6,27,19.7,22.2,0,7.5,3.3,10,19.1
2017,6,28,21.6,23.7,0,7,2.6,8.8,20.3
2017,6,29,22.8,25.1,0,7,2,10,21.2
2017,6,30,25.9,24.8,23.5,0,2.4,10,22.4
2017,7,1,26.9,24.5,110.5,0,4.8,10,22.5
2017,7,2,27,27.1,3,3,6,10,25.2
2017,7,3,26.4,27.8,17,6.8,5.8,10,24.2
2017,7,4,27.4,24.1,105,0,3.9,10,22.4
2017,7,5,24.6,23.8,5,4.1,3.3,10,22.1
2017,7,6,21.3,24.3,0,9.1,2.7,5.3,21.7
2017,7,7,21.2,24.8,0,13.9,2,0.8,20.3
2017,7,8,22.8,27.1,0,12.3,2.1,5.3,21.4
2017,7,9,27,26.9,0,0.8,2.1,10,25.1
2017,7,10,27.2,28.6,0,7.4,2.2,10,24.6
2017,7,11,26.5,29.6,22,9.3,3.7,9.5,24.8
2017,7,12,28.5,27.7,3,2.8,2.3,8.8,25.4
2017,7,13,27.7,27,1.5,6.8,3.2,7.5,24.5
2017,7,14,26.5,29,0,11.2,2.3,4.3,24.7
2017,7,15,24.4,28.7,0,10.4,2.7,7.8,25
2017,7,16,26.6,27.4,34,0.1,5,10,24
2017,7,17,28.4,27.1,0,7.5,5.1,10,25.1
2017,7,18,27.7,27.1,0,5.2,4.6,9.5,25.5
2017,7,19,26.1,27.6,0,11.9,2.7,4.3,23.6
2017,7,20,26,29.3,0,11.8,2.7,5.5,25
2017,7,21,26.7,30.5,0,13.2,2.3,4,26.3
2017,7,22,25.5,30.5,0,6.4,2.8,10,27.1
2017,7,23,28.6,26.8,65.5,0,4.3,10,24.8
2017,7,24,30,27.3,55.5,0,4.1,10,25.8
2017,7,25,30.2,25.2,103,0,2.6,10,23.4
2017,7,26,24.3,26.1,1.5,12,5.3,3.5,22.6
2017,7,27,26.4,27.2,0,8.3,3,6.5,23.6
2017,7,28,29,28.3,0,3.6,2.8,10,26.1
2017,7,29,27,26.9,0,5.3,5,10,25.4
2017,7,30,28,27.9,0,3.7,2.3,10,25.5
2017,7,31,28.2,28.1,0,9.6,2.6,7.8,26.4
2017,8,1,26.4,26.8,0,0.8,2.9,10,24.7
2017,8,2,24.3,27.1,0,12.8,4.6,6.8,23.9
2017,8,3,25.7,28.2,0,10.2,3.4,4.5,24
2017,8,4,28.1,30.2,0,11.9,3.4,7.3,26.2
2017,8,5,28.3,30.5,0,13.1,3.1,5.3,27
2017,8,6,29.4,31,0,9.7,3.3,5,28.1
2017,8,7,27.9,30.3,1,6.3,3.5,8,27.1
2017,8,8,31.1,26,149.5,0,7,10,24.8
2017,8,9,27.7,26.7,3.5,6.7,3,9,24.7
2017,8,10,25.6,26.4,0,1.4,1.9,9.8,23.6
2017,8,11,28.3,28,0,9.5,2.7,8.8,25.8
2017,8,12,26.5,26.4,4,1.2,4.2,9.8,23.2
2017,8,13,25.5,25.9,1,4.6,2.7,9,23
2017,8,14,26.2,25.5,4,0.9,2.7,10,24
2017,8,15,25.1,25.9,0,0.6,3.4,10,23.5
2017,8,16,27,25.5,2.5,1.9,2.3,7.8,23.9
2017,8,17,25.7,26.7,3,11.2,2.1,5,23
2017,8,18,28.8,26.4,17,4.1,2.4,9.3,24.3
2017,8,19,26.8,27,5,8,3.6,9.3,24.8
2017,8,20,26.1,26.9,0,7.5,3.4,8.8,23.7
2017,8,21,27.2,28.8,0,9.2,2.4,10,24.8
2017,8,22,26.3,28.9,5,2.7,4,9.5,25.8
2017,8,23,30,28.4,18,3.4,5.8,9.8,26.4
2017,8,24,28,29.9,0.5,5.7,6.7,8.8,27.1
2017,8,25,28.5,27.9,67,2.1,4.2,8.5,23.3
2017,8,26,21.3,26.6,11.5,10.1,3.1,9,22.5
2017,8,27,21.1,25.7,0,9.2,3.4,8,21.5
2017,8,28,23.2,27.9,0,7.8,2.6,9.8,23.2
2017,8,29,25.7,27.9,4,5.5,4.5,8.3,23.7
2017,8,30,21.1,23.9,0.5,6.4,4.6,8,20.3
2017,8,31,18.7,23.8,0,7.5,5.3,5.8,21.1
2017,9,1,17.8,23.6,0,9.9,5.4,5.3,18.8
2017,9,2,18.1,23.6,0,4.4,3.6,6.8,20.7
2017,9,3,17.6,22.2,0,7.4,3.7,5.5,18.8
2017,9,4,16.7,21.6,0,6.2,3.9,5.5,16.9
2017,9,5,18.7,23.5,2,7.5,2.4,8.5,18.6
2017,9,6,24.2,22.5,14,0,3.1,10,20.6
2017,9,7,25.6,23.1,41,0,3.1,10,21.4
2017,9,8,21.9,23.8,5.5,10.8,3,5,20.9
2017,9,9,20.4,23.7,0,10.9,2.7,5,18.6
2017,9,10,21.6,24.6,0,9.3,2.6,7.5,20.6
2017,9,11,21.5,25.7,2.5,2.2,2.3,10,21.9
2017,9,12,24.5,25,30,3.2,5.3,9,21.4
2017,9,13,22.2,24.3,0,10,2.9,7,21.6
2017,9,14,16.6,22.2,12,8.5,3.6,8.3,19.4
2017,9,15,14.8,21.1,0,6.3,4.4,9.8,17.9
2017,9,16,16.6,20.3,0.5,0,3.8,9.3,18.1
2017,9,17,20.5,21.6,16,0,2.7,10,18.9
2017,9,18,20.8,22.9,30.5,4.7,5.3,7.8,20.1
2017,9,19,16.3,23,0,10.3,4.2,5.3,17.4
2017,9,20,17.2,23.4,19,3.3,6.1,9,19.5
2017,9,21,17.4,21.8,0,9.7,2.7,5.5,18.4
2017,9,22,17.6,21.7,0,4.2,2.6,7.5,16.9
2017,9,23,20.1,22.8,0,6.4,2.6,8.5,19.7
2017,9,24,18.6,22.3,0,11.3,2.1,2,18.3
2017,9,25,17.6,21.9,0,10.8,2.3,2.5,17.1
2017,9,26,17.2,22.5,0,11.1,2.2,2.8,17.7
2017,9,27,18.3,22.2,8,1.4,1.8,10,18.3
2017,9,28,16.2,17.1,36.5,0.5,4.1,7.5,13.7
2017,9,29,13.2,19.1,0,7.7,4.2,4.8,12.6
2017,9,30,13.6,20.1,0,10,3.6,2.8,16.1
2017,10,1,11.4,20.1,0,6.6,2,6.5,14.8
2017,10,2,18.6,19.8,12,0,2.5,10,18.8
2017,10,3,18.3,18.7,3,0.4,3.7,10,16.6
2017,10,4,9.9,16.6,1,6.7,4.6,7,12.4
2017,10,5,11.2,16.4,0,10.2,4.5,9,11.4
2017,10,6,14.4,17.3,13,0.1,2.2,10,15.4
2017,10,7,18.7,19.7,0,0.7,1.8,10,15.4
2017,10,8,20.1,21.8,0,3.8,3.2,7.5,18.6
2017,10,9,20.3,22.1,0,8.4,1.9,7.8,18.4
2017,10,10,20.3,22.7,0,9.4,3.5,7.8,18.9
2017,10,11,19.8,23.3,0.5,6.1,3.4,9.8,20
2017,10,12,16.8,16.6,48,0,3.9,10,12.2
2017,10,13,14.6,16,11,3.7,4.6,9.8,12.2
2017,10,14,15.4,18.4,0,2.2,3.6,9.8,15.4
2017,10,15,13.5,16.3,0.5,0,4.1,10,14.4
2017,10,16,13.1,14.6,2,0,3.5,10,13.7
2017,10,17,13.3,16.9,0,8.7,3.7,5.3,13.4
2017,10,18,10.8,15.3,0,3.5,5.5,9,12.7
2017,10,19,13.2,14.1,5.5,0,3.6,10,12.6
2017,10,20,15.3,16.4,0,0.5,2.2,9.8,13.4
2017,10,21,16.5,17.9,0,0,3.7,10,16.2
2017,10,22,17.7,17.4,82,0,7.9,10,16.3
2017,10,23,12.3,13.7,55,0,9.6,10,12.1
2017,10,24,10.9,14.1,1.5,6.3,3.5,8.8,9.2
2017,10,25,13.8,13.9,19.5,0.8,2.7,7.5,12.2
2017,10,26,12.1,14.9,0,10.2,3.7,1.8,10.7
2017,10,27,12.4,16.1,0,9.3,3.3,4.3,10.7
2017,10,28,14.2,16.1,1.5,0,2.2,9.5,13.5
2017,10,29,16.5,16.2,29,0,4.8,10,14.7
2017,10,30,8,13,1,0.2,6,10,9.9
2017,10,31,8,12.4,0,7.5,2.4,5.3,9
2017,11,1,8.8,13.8,0,7.6,3.6,4.5,7.6
2017,11,2,11.7,15.5,0,8.7,1.9,10,11.1
2017,11,3,13.3,16.5,0,9.6,3.4,5.3,11.4
2017,11,4,11.9,12.4,18.5,0,4.1,10,9.3
2017,11,5,8.3,11.4,0,9.5,2.3,2.5,7.9
2017,11,6,9.5,13,0,10.1,2.7,0,6.5
2017,11,7,10.8,14.9,0,9.6,2.4,3,7.8
2017,11,8,13.4,17.9,0.5,2.6,5.3,8.8,13.8
2017,11,9,9,13.1,0,3.7,3.9,5.8,8.7
2017,11,10,7.8,13.3,0,9.8,3.1,3,6.4
2017,11,11,9.4,12.7,24.5,1.1,6.8,9,8.9
2017,11,12,7.7,9.7,1,5.2,3.3,4.8,6.8
2017,11,13,8.3,10.9,0,8.3,1.8,5.5,4.9
2017,11,14,11.5,14.6,6,0.7,4.2,9.5,11
2017,11,15,9.6,11.5,8.5,2.5,5.2,9.3,8.4
2017,11,16,7.9,7.2,24,2,4,9.5,4.8
2017,11,17,7.8,8.4,2,3.3,2.2,6.5,5.1
2017,11,18,8.9,9.2,49.5,0,5.9,10,4.2
2017,11,19,7,4.7,15.5,1,4.1,9.8,3.2
2017,11,20,7.3,6,23.5,0.3,5.8,9.8,3.5
2017,11,21,5.7,5.6,1.5,5.6,3.2,5,2.2
2017,11,22,7.7,9.1,10.5,2.7,4.3,8,2.1
2017,11,23,8.1,10.5,4,1.8,7.3,10,6.2
2017,11,24,6.8,6.2,19.5,0.7,7.3,9.5,2.2
2017,11,25,7,7.4,7.5,1,5.5,8,3.8
2017,11,26,7.6,10.3,15.5,0.1,5.6,9.5,2.2
2017,11,27,8.1,8.5,2,5.9,4.3,6.3,6.3
2017,11,28,7.7,10.7,0,9.4,2.7,0,4.2
2017,11,29,10.7,13,0.5,2,4.1,9.3,8.3
2017,11,30,9.2,8.8,11.5,0,4.9,10,6.6
2017,12,1,7.8,7.2,8.5,2,5.2,10,5
2017,12,2,6.5,6.7,5,5.3,3.2,10,3.8
2017,12,3,6.6,10.2,0,7.7,3.9,7.5,5.9
2017,12,4,8.5,9.2,34.5,3.4,4.3,9,6.8
2017,12,5,6.9,5.9,19.5,0.2,8.2,10,3.5
2017,12,6,6.6,4.1,15,1.5,4.5,7.8,0.5
2017,12,7,6.6,7.4,11,7.7,5.1,8.5,3.9
2017,12,8,6.5,4.7,11,0,5.2,10,2.5
2017,12,9,5.4,4.7,3,4.9,4.5,7.5,0.6
2017,12,10,6.1,9.7,0,4.3,6,7.5,6.4
2017,12,11,7.1,6.6,40.5,0.1,10,10,1.5
2017,12,12,5.3,3.5,9,0.8,9.8,9.5,1.3
2017,12,13,5.5,3.4,7,0,5.1,9.8,1.3
2017,12,14,5.9,2.5,9.5,0.9,3.1,10,0.7
2017,12,15,5.8,5,0,2.5,2,10,2.4
2017,12,16,7.1,6.3,27,0,7.7,10,4.4
2017,12,17,5.7,1.2,35.5,0,4.4,10,0
2017,12,18,6.3,3,17,2.2,5.4,9.5,0
2017,12,19,6.3,4,26.5,0,6.7,10,1.1
2017,12,20,6.6,4.6,4,2.9,3.4,9.5,1.2
2017,12,21,6.5,5.5,4,3,3.1,10,3.7
2017,12,22,5.9,8.1,0,1.6,4.1,9,4.2
2017,12,23,7.6,8.4,6.5,5,4.5,7.3,5.2
2017,12,24,7.2,9.3,12,2.4,2.2,9.8,4.9
2017,12,25,7,7.5,12.5,1,6.8,9.5,3.6
2017,12,26,6.1,4.3,17,0.3,8.2,10,0.7
2017,12,27,5,2.3,10,1.5,9.1,9,0.7
2017,12,28,5.4,2.9,6,0.5,4.9,10,1.3
2017,12,29,5.7,4.6,4.5,2.3,4.7,9.3,1.9
2017,12,30,5.4,5.3,0,1.5,2.9,8.5,2
2017,12,31,6.4,6.1,8,1.7,4.9,10,1.2
2018,1,1,6.5,5.4,8,0.9,4.6,10,2.2
2018,1,2,6.1,3.9,10,1.2,6,9.8,0.8
2018,1,3,5.4,2.3,22,0.6,5.5,9.5,0.4
2018,1,4,5.9,1.3,19.5,1,2.5,9.8,0.3
2018,1,5,5.6,2.7,0,0.3,2.4,8.3,0.6
2018,1,6,5.7,3.9,3,1.3,3.6,9.8,2
2018,1,7,4.9,3.9,0,2.5,2.5,10,1.7
2018,1,8,7.5,5.4,12.5,0,2.4,10,1.5
2018,1,9,7.3,7.1,17.5,0.2,9.9,9.5,2.9
2018,1,10,5.9,2.4,31,0.1,8.5,10,0.6
2018,1,11,5,0.4,43,0,9.7,10,-1.1
2018,1,12,4.8,-0.7,10.5,2.3,4.1,9.3,-3.1
2018,1,13,5.4,0.1,40.5,0.1,4.8,10,-3.1
2018,1,14,4.7,1.2,0.5,7,2.4,3.8,-1.9
2018,1,15,5.3,4.1,1,6,4.8,7.3,-3.5
2018,1,16,6.9,6.9,3,4.6,3.4,9,1.9
2018,1,17,8.6,5.9,47,0,4.1,10,4
2018,1,18,7.7,6.8,1,0.8,3.5,8.3,3
2018,1,19,5.5,5,0,7.4,3.8,9.8,1.7
2018,1,20,5.7,5.3,0.5,2.3,3.3,5.5,0.2
2018,1,21,6.6,4.7,5,1.6,4.2,9,1.3
2018,1,22,5.6,2.1,8,0,4,10,0.7
2018,1,23,5.9,3.7,11,2,9.1,8,0.1
2018,1,24,4.1,-1,9,0.3,10.8,9.8,-4.3
2018,1,25,3.8,-1.5,4,2,6.5,9.3,-3.9
2018,1,26,4.1,-0.9,4,1.1,7.2,9.3,-3.1
2018,1,27,4.5,0.5,2,1.7,4.5,9.8,-1.8
2018,1,28,4.9,2.4,2.5,0.3,3.9,10,-0.8
2018,1,29,5.7,2.3,3.5,0.1,6.1,9.5,-0.3
2018,1,30,5.3,0.4,15,2.8,3.9,10,-1.3
2018,1,31,6,1.9,12.5,1.1,4.5,9.8,0.5
2018,2,1,5.9,3,0.5,5.8,4.3,9.5,1.3
2018,2,2,5,4.2,0,8.8,5.7,6.8,2.1
2018,2,3,5.4,3.8,4.5,1.8,4.6,9.5,0.6
2018,2,4,5.5,1.5,21.5,0.8,7.4,9.5,-0.3
2018,2,5,5.2,-0.1,52,0,3.8,9.5,-1.8
2018,2,6,4.9,-1.3,37,0.2,5.6,9.8,-2.2
2018,2,7,5.1,-0.2,21.5,0.4,5.5,10,-1.8
2018,2,8,5.1,0.7,2,3.2,3.5,8.5,-1.2
2018,2,9,4.6,2.4,0,5.4,2.6,7,-1.7
2018,2,10,6.5,3.9,15.5,0.7,2.7,10,-0.1
2018,2,11,5.3,2.6,10,1.3,8.6,10,-1.5
2018,2,12,4.7,0.4,10,0.5,8.6,10,-1.4
2018,2,13,5.2,1.3,6,1.1,6.4,9.8,-0.5
2018,2,14,4.9,6,1,9.8,7.3,5.5,0.8
2018,2,15,5.8,4.1,5,2.4,3.8,10,2
2018,2,16,4.7,3.8,0,5.9,2.5,10,0.6
2018,2,17,5,2.4,4.5,0.9,7.5,9.8,-1.6
2018,2,18,4.7,0,4.5,0.9,2.6,9.3,-1.6
2018,2,19,5.1,2.3,0,4.6,1.7,8.8,-1.3
2018,2,20,5.9,4.3,1.5,5.1,3.6,6.3,1
2018,2,21,5.6,2.6,0,1.2,2.5,10,0.6
2018,2,22,4.4,2.7,0.5,8.8,3,7.5,-0.6
2018,2,23,5.5,4.2,5,7.9,4.1,5.3,0
2018,2,24,5.2,4.4,0.5,1.8,4.7,5.5,0.1
2018,2,25,4.8,3.5,0,3.3,3.1,7.8,-0.7
2018,2,26,5.4,5.6,0,10.3,5.6,4.5,3.6
2018,2,27,5.3,7.1,0,9.8,4.2,4,0.9
2018,2,28,7.1,7.8,0,2.6,3.6,10,4.2
2018,3,1,7.7,8.4,22,0.5,9.8,10,3.5
2018,3,2,4.6,4.4,0.5,4.8,5.9,6.8,0.8
2018,3,3,5,7,0,7.8,2.3,3.3,-0.5
2018,3,4,8.3,12.2,0,10.8,3.8,0,3.6
2018,3,5,10.2,9.2,40.5,0,5.5,10,3.7
2018,3,6,4.9,4.2,0,6.9,7,8.5,1.5
2018,3,7,4.7,3.9,0,7,6.5,7,-0.1
2018,3,8,8.4,7,18,0,3.1,10,3.7
2018,3,9,7.6,6,26,0,6.3,10,3.3
2018,3,10,4.9,4.1,0,5.1,2.2,5.3,2
2018,3,11,5.5,5.2,5.5,5.8,4.3,2,-0.4
2018,3,12,5.5,5.6,0,10.9,2.1,2.3,1.9
2018,3,13,5.4,11.4,0,11,3.6,0.3,2.6
2018,3,14,8.6,14.2,0,10.8,4.9,0,6
2018,3,15,8.6,16,0,8.1,4.8,5.8,8.3
2018,3,16,7.7,6,26.5,0,6.1,9.8,1.4
2018,3,17,4.9,4.4,0,9.8,4.4,1.8,0.6
2018,3,18,6.6,9.6,0,6.5,2.8,7.8,2.1
2018,3,19,9.9,9.1,21.5,0,4.3,10,7.7
2018,3,20,6.7,5.6,9,0,8.6,10,4.6
2018,3,21,6.9,5.2,11,0,4.9,10,3.7
2018,3,22,9,7.2,21.5,0,4.5,10,5.7
2018,3,23,7.8,7.4,5.5,2.9,4,9.5,5.5
2018,3,24,6.9,8.8,0,10.2,3.6,7.3,2.5
2018,3,25,8.1,11.9,0,11.1,5,0,7.6
2018,3,26,7.2,13.3,0,11.2,3.6,1.8,7.3
2018,3,27,7,13.5,0,11.4,1.9,3.3,7.2
2018,3,28,6.6,15.7,0,11.4,3.5,0,8.8
2018,3,29,8.6,13.8,0,7,4.9,5.8,8.9
2018,3,30,5.8,9.2,0,11.8,5.5,0.3,5.1
2018,3,31,6,10.1,0,11.4,2.4,0,3.2
2018,4,1,9.6,15.2,0,10,4.3,5.8,8
2018,4,2,11.7,16.8,0,6,2.7,5,12
2018,4,3,12.1,17.6,0,10.1,4.4,8,12.8
2018,4,4,11.8,13.6,9.5,3.4,4.7,9.8,6.9
2018,4,5,7.2,9.3,0.5,7.3,6.3,9.3,5.8
2018,4,6,11.4,14.3,19.5,0.7,5.9,10,8.9
2018,4,7,8.2,8.1,11.5,0.3,6,10,4.2
2018,4,8,6.1,6.1,16.5,2.8,6.5,8.5,2.6
2018,4,9,7.7,9.9,3.5,2.3,5.7,8,6.7
2018,4,10,7.6,11.6,0,11.3,2.1,5.3,4.6
2018,4,11,11.3,16.4,7,0.1,6.6,10,10
2018,4,12,9.4,14,2.5,8.4,3.9,6,9.4
2018,4,13,7.2,10.7,0,10.9,3.2,3,7.4
2018,4,14,10.4,13.3,6.5,1.3,3.4,10,7.6
2018,4,15,10.7,11.9,22,0,5.9,10,9.7
2018,4,16,8.8,10.8,0,8.4,3.4,10,6.9
2018,4,17,9.7,11.9,6.5,3.7,4.2,10,8.4
2018,4,18,11.8,12.9,8,5.5,2.2,6.3,10.2
2018,4,19,9.1,15.6,0,12,2.6,2.5,8.2
2018,4,20,10.8,15.9,0,11.8,2.8,0,11.8
2018,4,21,9.3,20.3,0,12.5,2.7,0,11.3
2018,4,22,12.6,18.7,0,12.5,3.1,4.5,13.8
2018,4,23,14.5,17.2,1,8.4,4.5,10,14.5
2018,4,24,16,15.4,34.5,0,3,10,13.8
2018,4,25,14.6,13.6,35,0,4.1,10,10.9
2018,4,26,10.9,13.3,0.5,11.5,2.2,8.5,10.6
2018,4,27,12.2,15.6,0,4.7,3.4,7.5,11.4
2018,4,28,11.3,14.7,0,10,3.6,4.5,13
2018,4,29,9.3,18.5,0,12.7,2.2,0,10.3
2018,4,30,10.6,19.3,0,5.4,3.8,5.8,12.3
2018,5,1,13.9,19.1,0,11.1,2.5,7.3,14.4
2018,5,2,15.3,18.6,18.5,0.1,1.9,10,15.6
2018,5,3,13,15.8,11.5,2.9,6.5,7.5,12.5
2018,5,4,9.2,13.2,19,7.1,6.9,7,9.1
2018,5,5,7.6,18.4,0,12.3,7.7,5.3,14.6
2018,5,6,10.2,18.9,6.5,5.7,3.6,7.8,13.7
2018,5,7,14.8,14.3,34.5,0,4.6,10,13.4
2018,5,8,14.3,15.1,0,0,4.1,10,13.7
2018,5,9,12.9,14.4,3,1.5,4.3,9.8,13
2018,5,10,9.8,12.6,3.5,6,4.3,7,9.4
2018,5,11,7.3,16.1,0,11.6,3.4,7,6.9
2018,5,12,10.3,18.4,0,5.1,2.1,9.8,11.9
2018,5,13,16.9,17.2,44.5,0,2.5,10,15.6
2018,5,14,15,16.1,1.5,3.2,3.1,9,14.8
2018,5,15,12.3,20.6,0,12.1,2.9,3.8,12.3
2018,5,16,13.9,24.7,0,9.7,3.3,6.5,16.9
2018,5,17,20.5,24.6,1.5,0.1,4.7,10,22.8
2018,5,18,21.2,23.6,21,0.6,4.7,10,14.5
2018,5,19,11.6,13.1,14,0,4.6,10,11.5
2018,5,20,10.7,14.6,0,8.2,6.7,9.3,10.5
2018,5,21,12.3,18.2,0,13.4,3.5,10,13.3
2018,5,22,12.3,19.8,0,13.2,2.2,0.8,13.8
2018,5,23,15.2,19,29,0.1,1.9,10,16.2
2018,5,24,15.4,17.6,2,7.1,3.4,4.5,15.6
2018,5,25,10.8,21.3,0,12.8,4.7,1.5,15.2
2018,5,26,13.6,20.3,0,12.2,4.6,5.5,15.8
2018,5,27,14.4,19.7,0,9.6,2.8,5.5,15
2018,5,28,14.9,22.1,0,5.1,2.3,8.5,17.9
2018,5,29,15.6,22.7,0,8.9,2.6,7.5,17.8
2018,5,30,16.7,20.6,1,0.3,2.3,8.3,17.4
2018,5,31,17,18.5,14,2,3.4,10,16.5
2018,6,1,14.4,18.3,0,8.4,2.9,7.3,16.4
2018,6,2,14.8,20.1,0,13.8,2.3,1,15.4
2018,6,3,15,23.3,0,12.6,2.5,5,16.7
2018,6,4,15.6,23.6,0,13.3,2.8,5,19.4
2018,6,5,16.6,22.8,0,3.9,1.7,10,19.3
2018,6,6,19.1,20.9,1,0,1.8,9.8,19.3
2018,6,7,19.3,22.6,0,10.9,2.4,4.5,19.3
2018,6,8,20.7,23.9,0,8.1,3.5,7.3,19.7
2018,6,9,18.8,20.9,0,4.3,5.5,9.8,17.6
2018,6,10,17,19.9,0,1.4,5.9,10,17.6
2018,6,11,20.1,20.7,3.5,1.4,4.7,10,18.3
2018,6,12,19.5,18.6,12,0,3.8,10,16.5
2018,6,13,15.1,18,1.5,4.2,5,7,16.3
2018,6,14,13.5,18.3,0,10.7,7.1,6.3,14.9
2018,6,15,14.1,17.7,0,1,7.3,10,15.7
2018,6,16,13,17,0,0.4,2.8,10,15.4
2018,6,17,14.8,20.5,0,12.4,2.7,5.5,13.3
2018,6,18,17.1,22.9,0,5.9,3,9.3,18.7
2018,6,19,20,24.7,1.5,9.8,2.1,7.8,20
2018,6,20,23,21.9,22.5,0.9,3,10,20.4
2018,6,21,21,22.1,0,6.1,4.3,8.8,19.8
2018,6,22,14.1,22.7,0,13.8,2.3,6.5,16.9
2018,6,23,14.5,22.8,0,1.4,2.4,10,19.3
2018,6,24,17.1,23.6,0,11.2,3.8,5.8,19.4
2018,6,25,19.4,24.9,0,11.6,3.3,4.3,21.2
2018,6,26,22.1,26.6,2.5,8.8,2.4,9,21.3
2018,6,27,22.7,29.8,0,0.9,8.6,10,24.3
2018,6,28,25,27,30,2.1,4.3,10,23.1
2018,6,29,22.8,28,23,4.3,5.9,8,23.2
2018,6,30,24.5,26.6,0,5.9,2.9,10,22.8
2018,7,1,23.8,29.1,0,12.3,2.8,7.5,24.5
2018,7,2,22.2,29.8,0,13.6,2.6,3.8,24.2
2018,7,3,23.2,29,0,4.9,2.1,10,25.7
2018,7,4,24,27.4,7,0.8,5.7,10,23.5
2018,7,5,24.5,22.1,75,0,3.5,10,21.2
2018,7,6,23.6,21.6,30.5,0,4.1,10,21.2
2018,7,7,25,22.3,91.5,0,4.2,10,21.7
2018,7,8,25.3,25.5,0,6.8,2.8,7.5,21.6
2018,7,9,23.6,27.3,0,10.8,2.7,6,23.4
2018,7,10,24.9,28.7,0,11,2.1,6.5,24.3
2018,7,11,25.8,27.4,1,5.7,2.3,9.5,23.8
2018,7,12,26.7,26,2,0.5,2.2,10,23.3
2018,7,13,26.6,27.3,0,8.5,3.7,8.3,25.3
2018,7,14,27.6,27.5,0,13.2,2.2,4.5,24.9
2018,7,15,26.5,28.6,0,13.8,2,1.3,25.3
2018,7,16,24.2,29.9,0,12.7,1.9,8.8,25.5
2018,7,17,26.4,29.7,0,11.2,2.1,10,26.4
2018,7,18,26.3,29.4,0,13.4,2.3,2.8,26.4
2018,7,19,26.6,28.8,0,13,2.3,3.5,25.5
2018,7,20,28.4,30,0,13.1,2.2,1.8,25.9
2018,7,21,26.7,30.6,0,13.1,2.6,6.5,27.3
2018,7,22,27.7,30.6,0,13.7,2.5,5.3,27.2
2018,7,23,27.2,30.5,0,11.9,3.5,2.8,27.7
2018,7,24,27.6,29.3,0,10.8,3.4,7.3,27.3
2018,7,25,28.7,29,0,10.8,2.9,7.5,25.5
2018,7,26,27.7,29.9,0,12.8,2.8,9.8,26.5
2018,7,27,26.8,29,0,11.7,3.2,7,25.7
2018,7,28,26.7,28.7,0,6.9,4,10,25
2018,7,29,26,31.6,0,12,3.7,8.8,28.1
2018,7,30,24.1,30.8,0,12.3,4.8,4.8,26.7
2018,7,31,26.3,29.6,0,8.1,3,5.3,26.2
2018,8,1,27.4,30.2,0,13,2.7,0.5,26.9
2018,8,2,28.6,29.6,0,12.5,2.7,4.8,27.1
2018,8,3,26.3,29.2,0,11.4,3,2.8,26.4
2018,8,4,23.9,29.2,0,13,2.6,2.3,25.2
2018,8,5,26,30.1,0,13,4.2,3.3,26.2
2018,8,6,27,28.3,0,4,4.7,9.5,24.4
2018,8,7,22.6,26,0,0.9,3,9.3,23.8
2018,8,8,25.3,26.3,0,0,2.3,10,24.2
2018,8,9,29.8,27.3,4,2.1,2.7,10,24.7
2018,8,10,28.5,27.6,0,2.6,2.6,8.3,26.2
2018,8,11,26.6,27.4,1,6,4,6.3,24.7
2018,8,12,26.9,28.3,0,5,3.8,6.3,24.9
2018,8,13,29.3,29,1.5,5,2.3,9.3,26.5
2018,8,14,28.6,30.2,0,11.2,2.4,10,26.9
2018,8,15,26.1,30.8,0,6.9,2.4,7.8,26.3
2018,8,16,25.4,26.2,117.5,0.9,4.1,10,21.7
2018,8,17,16.2,22.6,0,10.2,4.9,4,19.5
2018,8,18,16.3,23.3,0,12.6,4.8,8.5,17.8
2018,8,19,18.9,25.5,0,10.3,2.5,8.8,20.5
2018,8,20,21,26.5,0,9.4,3.5,7,21.3
2018,8,21,25.4,30.3,0,8.6,2.5,6,24.9
2018,8,22,24.9,31.1,0,12.7,2.8,5.8,26.8
2018,8,23,25,31.8,0,9.8,3.8,6,26
2018,8,24,24.7,32.3,11.5,2.8,8.6,8.3,25.6
2018,8,25,27.8,31,8,6.9,5.3,8.5,26.7
2018,8,26,26.2,29.4,0,10.5,3.8,8.5,26.8
2018,8,27,25.7,28.8,0,5.7,2.6,7.3,26.6
2018,8,28,27.4,26.5,11,0.3,5.1,10,25.2
2018,8,29,26.5,27.1,2.5,5.9,2.4,7.5,24.3
2018,8,30,26.2,27.3,42,4,3.2,9.5,24
2018,8,31,26.4,25.8,54,0.6,5.3,9.5,23.5
2018,9,1,23.9,23.5,80,0.6,2.7,10,21.7
2018,9,2,21.8,24.5,0,7.9,3.2,8.5,20.5
2018,9,3,22.4,27.6,0,11.7,2.5,3.8,23
2018,9,4,24.1,27,46.5,3.2,6.3,10,23.8
2018,9,5,21.9,26.8,1.5,11.2,6,4.5,23.1
2018,9,6,19,26.8,0,5.8,4.2,5,22.1
2018,9,7,24.7,24.8,46,0.2,3.5,10,20.2
2018,9,8,22.6,21.3,68,0,2.8,10,19.5
2018,9,9,21.7,20.5,59.5,0,5.6,10,18.8
2018,9,10,20.7,19.9,29.5,0,4.5,10,19
2018,9,11,19,21.9,5,6.5,5.1,9.5,18.8
2018,9,12,21.5,22.8,8,1.7,2.3,10,20.4
2018,9,13,22.2,23.2,3.5,3.3,2,10,21.3
2018,9,14,23.4,23.3,6.5,1.7,3,10,20.8
2018,9,15,24.6,22.2,62.5,0,2.5,10,20.6
2018,9,16,25.3,24.6,2,2.5,3.7,10,21.9
2018,9,17,23.5,24.2,3.5,3,2.8,10,21.7
2018,9,18,18.7,22.6,2.5,10.1,3.4,7.5,17.8
2018,9,19,14.2,21.3,0,10.9,3.6,5.3,16.2
2018,9,20,16.9,19.8,7.5,0,3.8,10,18
2018,9,21,20.3,21.9,1,0.1,2.4,10,18.1
2018,9,22,21.5,23.8,23,6.9,3.9,7.3,20.9
2018,9,23,18.6,22.7,0,7.6,1.8,5.5,18.3
2018,9,24,20.4,23.1,0.5,0,2.5,10,20.9
2018,9,25,18.6,19.5,8,0,4.2,10,18.1
2018,9,26,15.8,20.1,6,6.7,5.6,8.3,16.5
2018,9,27,16.8,19,7.5,1.1,2.3,8.5,16.8
2018,9,28,15.8,20.2,0,9.1,3.8,5,15.8
2018,9,29,18,18.6,37,0,2.3,10,17.6
2018,9,30,19.8,19.4,14,0,5.2,10,17.4
2018,10,1,16.2,20.9,24.5,3,9,10,18.1
2018,10,2,14.4,19.6,0,4.7,3.6,9.5,16.7
2018,10,3,14.5,19.5,0,10.5,3.6,0.8,14
2018,10,4,15.2,19.6,0,0.5,4.8,10,16
2018,10,5,18.5,22.5,0,3.4,3.2,8.5,18.4
2018,10,6,21.7,26.8,0.5,8.7,5.4,9.3,20.5
2018,10,7,19.3,22,0,3,4.9,7,18.7
2018,10,8,16.3,20.7,0,10,2.1,4,17.2
2018,10,9,16.4,20.4,0,5.3,2.8,6,17.1
2018,10,10,17.3,19.4,10.5,0,2.3,8.3,17.9
2018,10,11,17.1,17,20,0,2.4,10,15.5
2018,10,12,12.2,16.6,4,3.8,3.6,10,14.1
2018,10,13,12.4,17.1,0,8.9,4.5,8.3,13.1
2018,10,14,14.2,17.8,0,8.4,2.4,7,13.7
2018,10,15,13,17.9,0,5.5,2,6,14.1
2018,10,16,12.6,18.1,0,6,2.3,8.8,14.7
2018,10,17,13.7,17.1,0,6.2,3.6,7.3,14
2018,10,18,12.9,16.9,0,9.6,5.4,7.5,12.7
2018,10,19,13.7,16.6,19.5,7,2.7,7.5,13.1
2018,10,20,11.6,15.4,0,1.4,3.3,8,11.7
2018,10,21,10.4,15.2,0,10.5,2.6,0.8,10.4
2018,10,22,10.1,15.9,0,9.6,2.3,4.8,9.6
2018,10,23,11.4,17.8,2.5,4,2.3,9.5,12.6
2018,10,24,14.1,17.4,19.5,4.2,2.8,8.8,14.2
2018,10,25,11.3,15.4,0,7.5,2.9,3,11.7
2018,10,26,11.1,17.5,0,7.2,2.5,6.3,10.3
2018,10,27,11.9,17.5,9,0.1,6.9,9.5,13
2018,10,28,11.1,14,5.5,0.9,5.1,9.3,10.6
2018,10,29,11,14.3,15,1.3,6,9.8,12.5
2018,10,30,11,13.4,17,0.8,5.5,9.8,11.3
2018,10,31,9.6,12.4,6,1.1,3.7,9.3,9.7
2018,11,1,9.8,11.8,1.5,4.7,2.5,8.3,8.7
2018,11,2,10.1,13.5,1,6.9,2.3,6.5,9.5
2018,11,3,9.8,14.4,0,9,2.5,5.5,11.2
2018,11,4,11.8,13.9,0,0,2.9,7.5,10.4
2018,11,5,13.6,16.1,0,5.8,2.3,8.8,11.4
2018,11,6,15.1,16.1,8.5,1,2.7,10,14.6
2018,11,7,13.5,15.3,0,3.6,4.3,10,13.3
2018,11,8,13.4,17,0,9.3,3.3,3,13.1
2018,11,9,15.6,18,14.5,2.3,3.8,10,14.7
2018,11,10,11.7,16.1,1,4.7,3,7,12.5
2018,11,11,10.3,14.7,0,4.2,2.4,7.8,11.7
2018,11,12,12.2,14.8,3.5,1.9,2.9,10,12.2
2018,11,13,10.6,13,0.5,2,3.7,9.5,11.2
2018,11,14,10.1,11.5,0.5,0.8,3.1,8.3,9
2018,11,15,9.5,11.1,0,3.3,3.3,4.8,6.9
2018,11,16,8.3,12.6,0,5.9,3,7.3,7
2018,11,17,10.3,12.1,16,3.6,3.5,9,9.5
2018,11,18,9.9,12.5,4,5.5,2.6,9.8,8.1
2018,11,19,10.2,11.1,16.5,0,3.6,9,7.5
2018,11,20,7.7,9.8,4.5,5.3,2.3,4,5.6
2018,11,21,8.2,11.9,0,8.8,3.6,6,6.7
2018,11,22,8.9,10.6,20.5,0,4.3,10,6.5
2018,11,23,7.6,6.6,15,0.8,3.5,9.8,5
2018,11,24,7.4,8.6,0,9.3,2.2,7.5,4.3
2018,11,25,8.5,12.1,1,6.9,4,5.8,5.5
2018,11,26,10.7,12.6,1,5.5,2.8,8.3,9.3
2018,11,27,9,13.7,0,9.3,4.1,0.8,7.6
2018,11,28,10.8,14.4,0,1.2,3.6,8,11.3
2018,11,29,7.9,11.1,1.5,5.9,4.4,6.8,9
2018,11,30,8.8,10.1,1,3.3,3.3,6.5,7.7
2018,12,1,8.4,10.5,3,2,5.4,8.8,6.4
2018,12,2,7.2,8.5,0,8,2.1,7.5,2.5
2018,12,3,13.1,14.3,5,0.8,2.1,9.8,8.9
2018,12,4,15.4,18.2,7.5,1.5,4.6,9.8,13.1
2018,12,5,10.1,10.3,3.5,0,4.9,10,7.7
2018,12,6,10,10.8,8.5,0.4,4.9,9,8.1
2018,12,7,8.6,10.1,9,0,6.8,10,3.8
2018,12,8,6.7,5.4,16.5,1,6.6,9.8,3.1
2018,12,9,6,3.3,7,0,4.1,10,1.1
2018,12,10,5.6,4.5,0,4.8,2.8,8.8,1.5
2018,12,11,6.5,5.7,5.5,1.5,4.4,9.5,1.6
2018,12,12,7.9,7.9,12,0.2,4.8,10,4.6
2018,12,13,6.1,6.7,15.5,6.2,4.3,7.8,2.9
2018,12,14,5.9,3.4,7.5,0.2,5.3,10,1.3
2018,12,15,5.7,3,5,0.8,2.4,8.3,0.7
2018,12,16,5.6,7,0,2.8,4,7.5,0.7
2018,12,17,8.7,8.9,23.5,0.4,5.1,9.8,5.8
2018,12,18,7,6.2,17,2.4,5.7,10,2.7
2018,12,19,7.3,8.2,12,2.1,7.5,9.5,4.7
2018,12,20,8,9.7,3.5,3.7,3.6,9.3,5.9
2018,12,21,7.4,8.9,0,8.5,2.8,5.8,4.6
2018,12,22,10.7,10.8,2,3,2.7,7,7.2
2018,12,23,9.5,8.7,21.5,0,2.5,9.3,6.3
2018,12,24,5.8,5.1,18,1.6,4.5,8.8,3.3
2018,12,25,5.6,6.9,0,3.3,4.3,7.5,1.2
2018,12,26,8.3,8.6,8.5,0,3.8,10,8
2018,12,27,7.1,5.6,9,1,4.7,10,1.4
2018,12,28,4.8,1.6,6,0.9,6.6,9.3,-0.3
2018,12,29,5.4,1.6,9,1,4.8,10,0
2018,12,30,5.5,2,6.5,2.2,4.2,9.8,0.2
2018,12,31,5.9,2.4,4.5,0.9,2.5,10,0.5
2019,1,1,6,4.3,13,4.8,4.6,7.8,1.6
2019,1,2,6.2,2.9,6.5,2.1,2.4,8,1.4
2019,1,3,5.9,3,11.5,0.7,3.1,9.8,0.8
2019,1,4,5.3,6.5,0,7.2,3.6,8.8,2.9
2019,1,5,7.4,6,18.5,0.4,5.6,10,1.6
2019,1,6,5.5,2.5,0.5,0.2,3,10,0.7
2019,1,7,5.9,4.4,4.5,4.3,2.9,10,0.8
2019,1,8,7,7,3.5,0.3,6.7,10,4.9
2019,1,9,4.6,2,4.5,0.1,5.1,8.5,0.1
2019,1,10,5.3,4.2,2,0,4.6,7.5,-0.8
2019,1,11,5.6,5.6,4,6.2,3.4,5,0.9
2019,1,12,5.6,4,0,1.5,3.5,9.5,-0.1
2019,1,13,6,5.9,0,7.8,2.4,7.3,2.1
2019,1,14,5.8,5.6,0,9.4,1.9,6.3,2.3
2019,1,15,6,7,12,1.2,5.6,10,1.2
2019,1,16,6.2,3.2,5.5,0,4.1,10,1.2
2019,1,17,6.3,5.1,7,1.3,7.3,8.3,2.7
2019,1,18,5.1,3.7,2.5,0.6,4.1,10,1.4
2019,1,19,6.1,5.6,0,5,2.2,9,2.5
2019,1,20,7.3,7.2,8.5,0,6.4,10,4.2
2019,1,21,6.2,2.9,17.5,1,4.4,10,0.3
2019,1,22,5.7,3.8,8.5,3.5,3.1,7.5,1
2019,1,23,6.6,6,9.5,1.1,6.2,9.3,2.4
2019,1,24,4.9,3.3,1.5,0.8,4.3,9.8,1.4
2019,1,25,5.3,3.7,7,5.7,3.2,9.5,0.6
2019,1,26,5.4,0.9,10.5,0.3,3.8,10,-0.4
2019,1,27,5.4,2.6,3.5,2.6,3,8,0.1
2019,1,28,5.9,5.3,12.5,0,8.1,10,2
2019,1,29,5.5,2.2,4,0.5,3.8,8,0.4
2019,1,30,5,4.4,0,8.8,2.2,6,-0.6
2019,1,31,6.1,4.4,13.5,0,5,10,-0.1
2019,2,1,5,1.5,3,3,3.1,9,-0.6
2019,2,2,6.7,6.7,0.5,5.9,5.5,7.5,2.8
2019,2,3,7.8,8.5,7.5,2.2,3.7,9.3,2.3
2019,2,4,8.1,8.2,14,0.7,5.9,9.5,3.6
2019,2,5,5.5,6.3,0,7.9,2.6,7.8,3.5
2019,2,6,6.9,7.7,0,1.6,2.7,7,3.4
2019,2,7,7.3,9.6,6.5,3.9,6.5,9.3,2.9
2019,2,8,5.1,0.4,2,0,4.6,9.8,-0.9
2019,2,9,4.9,1.5,1,0.1,5.2,10,-1
2019,2,10,4.9,0.2,4.5,0.2,3.2,10,-0.9
2019,2,11,5.2,3.7,3.5,0.1,4.9,9.8,-0.5
2019,2,12,5.7,3.1,2.5,2.3,3.9,9,1
2019,2,13,5.6,2.3,4,2.3,4.8,10,-0.5
2019,2,14,4.7,0.9,0,1,3.6,8.8,-0.4
2019,2,15,4.6,2.6,0,1.6,1.9,10,-1.5
2019,2,16,6.8,4.1,15.5,0,3.3,10,2.1
2019,2,17,5,4.2,0.5,6,2.8,7.8,1.4
2019,2,18,5.7,7.4,0,7.9,2.5,7.8,3.1
2019,2,19,8.7,8.2,16,0,2.6,10,5.1
2019,2,20,9.8,9.6,7.5,0,4.8,10,6.7
2019,2,21,6.3,6.2,0.5,0.1,3.1,9.3,3.8
2019,2,22,5.8,5.8,0,8.5,3.8,8.5,1.5
2019,2,23,5.1,6.4,0,9.4,4.5,4.3,3.2
2019,2,24,5.4,6,0,10.5,2,0.8,0.8
2019,2,25,7.1,8.6,0,6.5,3.9,7.3,2.3
2019,2,26,5.6,6.5,0,10.5,3.7,3.3,3.4
2019,2,27,5.1,6.3,0,2.1,3.1,9,1.5
2019,2,28,8.4,7.6,4,0,3.2,10,6
2019,3,1,7.4,7.7,0,5.2,2.4,8,4.7
2019,3,2,4.7,7.4,0,10.6,3.5,5.3,2.1
2019,3,3,5.3,8.9,0,3.5,3.6,10,3.9
2019,3,4,8.6,7.2,17.5,0,4.6,10,6.1
2019,3,5,7.1,8.1,0,10,2.2,4.8,2.9
2019,3,6,7.7,10.5,4.5,0.3,2.7,10,6.3
2019,3,7,7.9,7.5,8,0.1,3.5,10,5.1
2019,3,8,5.1,5.5,0.5,6,2.4,6.3,2.3
2019,3,9,5,8.9,0,10.6,3.4,4.3,1.1
2019,3,10,6.9,10.9,0,1.4,3.2,10,5.3
2019,3,11,9.9,9.5,24.5,0,3.4,10,7.8
2019,3,12,8.2,8.8,7,1.4,4.4,7.5,6.8
2019,3,13,6.2,6.3,7.5,2,8.6,10,2.4
2019,3,14,5.4,5.7,3,3.2,5,9,3
2019,3,15,5.9,6.8,12,6.2,4,8.3,2.6
2019,3,16,6.7,5.5,1,4.2,3.3,7.5,2.2
2019,3,17,5.8,4,2,0.4,3.3,4.8,0.4
2019,3,18,4.4,6,0,10,2.1,5,0.6
2019,3,19,7.5,10.8,0,9.7,2.5,8,4.8
2019,3,20,8.5,11.9,0,9.4,2,5,5.7
2019,3,21,12,16.6,4.5,1.3,6.4,10,10.3
2019,3,22,7.6,8.8,0,0.2,5,10,6
2019,3,23,4.5,5.4,0,2.7,3,7.3,2.9
2019,3,24,5.1,5.6,4,7.1,3.2,7,0.8
2019,3,25,6.3,10.8,0,6,5.3,10,4.4
2019,3,26,7.8,10.3,4.5,8.6,3.7,10,5.1
2019,3,27,5.8,13.3,0,8.6,6.5,6,4.2
2019,3,28,6.5,7.7,5,3,4.8,10,4.4
2019,3,29,5.1,7.5,0,6.4,4.6,8.8,2.4
2019,3,30,8.5,9.9,9,0.3,5.3,10,7.1
2019,3,31,7.3,8.5,17,4.2,7.1,9.8,5.4
2019,4,1,6.1,6,7.5,4.9,3.3,9.8,1.9
2019,4,2,6.1,3.7,11.5,4.1,3.8,9.8,1.3
2019,4,3,5.3,6.1,0,5,3.2,6.8,2.2
2019,4,4,6.6,10.7,2.5,7.6,6.1,3.8,6.2
2019,4,5,6.8,15.1,0.5,9.9,7.7,6.8,11.3
2019,4,6,7.2,12,0,10.6,2.4,5,9.7
2019,4,7,8,12.4,0,0.2,3.7,10,9.7
2019,4,8,7.6,10.6,1,6.5,5,9.8,6.2
2019,4,9,6.4,9.3,0.5,9.3,2.9,5.3,5.5
2019,4,10,8.3,7.1,28,0,4.4,10,5.8
2019,4,11,6.6,9.1,0,6,4.4,10,6.5
2019,4,12,6.4,9.1,0,7,3.1,7.3,4.1
2019,4,13,6.4,10.4,0,11.1,3,5,4.1
2019,4,14,9,13.2,12,4,3.9,9.8,8.5
2019,4,15,7.6,11.9,0.5,6.9,5.4,5.5,8.3
2019,4,16,5.6,12.1,0,12.7,2,1,5.6
2019,4,17,7.4,15.8,0,7.6,2.1,9.8,8.5
2019,4,18,9,17,0,10.8,3.1,3.8,11.4
2019,4,19,9.8,13,2,0.5,3.6,9.8,10.2
2019,4,20,8.1,12.4,0,12.8,4.2,2.8,7.3
2019,4,21,11.1,14.5,0,0.8,2.5,9.3,10
2019,4,22,10.5,15.5,0,11.3,4.7,3.3,12
2019,4,23,11.1,18.1,0,10.8,2.8,7.5,10.6
2019,4,24,15.9,18.2,20.5,0,2.3,10,15.9
2019,4,25,16.2,15.2,20.5,0,3.8,10,12.5
2019,4,26,12.2,11.6,18.5,0,3.8,10,9.6
2019,4,27,7.6,9.4,11,4.5,5.3,7.5,6
2019,4,28,6.5,10.4,0,10.9,3.6,5,4.7
2019,4,29,8.9,13.9,1.5,3.5,2.6,7.5,7.5
2019,4,30,13.3,15,8.5,0,3.5,10,11.6
2019,5,1,14.2,14.3,0.5,0,2.7,10,13.2
2019,5,2,8.9,15.8,2,11,2.7,3.3,12.2
2019,5,3,11.2,16.6,0,12.5,4.6,1.8,12.6
2019,5,4,9.7,16.1,0,12.7,4.9,0,11.8
2019,5,5,8.2,19.1,0,12.9,2,10,10.5
2019,5,6,10.8,17.3,14,4.1,4.2,10,11.5
2019,5,7,6.6,12.6,0,13.3,3.4,4.3,9.3
2019,5,8,4.8,15.9,0,13.1,4.2,2.5,7.7
2019,5,9,8,18.6,0,10.6,4.6,6.3,12.6
2019,5,10,9,18.2,0,13,2.4,1.8,12
2019,5,11,10.8,18.1,0,11.8,2.9,3.5,12.7
2019,5,12,12.7,17.3,0,12.5,5.1,2,13
2019,5,13,12.5,18.6,0,11.8,4.1,5,13
2019,5,14,15.1,18.3,1.5,2.2,2.3,10,15.9
2019,5,15,13.4,18.8,0,12.5,3.5,5,14
2019,5,16,13.9,20.1,0,12.1,2.8,2,15
2019,5,17,13.8,21.3,0,11,2.9,5.3,15.7
2019,5,18,14.8,21.8,0,8.9,2.7,9.8,17.8
2019,5,19,12.8,22.4,0,12.8,2.7,6.5,17.4
2019,5,20,14.1,22,6.5,5.3,2.4,9.5,17
2019,5,21,13.6,18.2,39,7.6,3.5,7.3,14.9
2019,5,22,9.3,18.6,0,13.2,3.3,5,13
2019,5,23,8.3,21.2,0,13.4,3.2,2.3,13.7
2019,5,24,12.8,21.6,0,13.5,4,0,16.9
2019,5,25,10.8,24.4,0,13.4,2.1,0,16.8
2019,5,26,12.5,25.1,0,10.6,2.1,7.5,19.2
2019,5,27,14.9,24.9,0,9.5,2.2,10,20.3
2019,5,28,17.2,20.3,20,0,4.6,10,16.4
2019,5,29,12.6,18.4,0,12.5,4.1,2.5,14.9
2019,5,30,8.4,20.6,0,12.6,2.1,5,12.9
2019,5,31,14.4,19.3,0.5,0,2.7,10,17.1
2019,6,1,14,20.1,0,12.2,2.8,6.8,15.7
2019,6,2,14.6,22,0,5.1,2.2,8.5,16.4
2019,6,3,15.9,22.4,0,13.4,2.5,2.5,18
2019,6,4,17.7,24.7,0,12.4,2.1,9,18.8
2019,6,5,18.4,24,0,9.9,3.6,8,20.9
2019,6,6,18.3,21.8,0,7.5,3.2,8.8,19.4
2019,6,7,19.4,19.5,20,0,4.9,10,18.4
2019,6,8,18.5,19.2,22.5,0.2,5.1,10,17.7
2019,6,9,17.3,19.1,0,0.3,3.8,10,16.6
2019,6,10,19.4,19.5,6.5,1.6,2.1,8.5,18.4
2019,6,11,18.4,20.8,0,8,3.3,8.8,18.8
2019,6,12,16.9,20.7,0,9.1,2.7,5.8,18
2019,6,13,15.8,21,0,14,2.9,0.8,16.5
2019,6,14,16.9,23.3,0,8.5,2.7,8.5,17.8
2019,6,15,18.3,21.2,13.5,1.4,3.9,9.8,18.5
2019,6,16,17.2,18,15,0.1,8.1,10,16.6
2019,6,17,14.8,18.7,0,7.4,2.7,6.3,16
2019,6,18,15,21.7,0,12.1,2,7.5,15.8
2019,6,19,17.7,22.1,0,4.4,2.2,6.5,20.1
2019,6,20,19.3,21.9,0,10.1,2.3,1.8,18.6
2019,6,21,17.6,24,26,8.5,2.5,10,18.8
2019,6,22,20.7,21.6,7.5,3,3.3,8.5,20.1
2019,6,23,18.4,21,0,1.8,2.4,10,19.9
2019,6,24,18.1,21.2,0,7.4,2.7,9.5,18.9
2019,6,25,17.5,22.3,0,12.6,3.3,4,20
2019,6,26,18.9,25.6,0,12,2.2,5.8,19.1
2019,6,27,23.6,26.6,9,0.1,3,10,23.1
2019,6,28,24.5,23.5,52.5,0.9,4.9,9.5,22
2019,6,29,24.8,22.8,34,0.3,1.5,10,21.8
2019,6,30,25.5,23.1,39.5,0,6,10,21.3
2019,7,1,22.9,24.3,0,6.7,3.5,10,21.5
2019,7,2,23.3,24.2,0,4.1,3.4,9.8,22.5
2019,7,3,22.5,24.2,0,3.4,2.4,10,21.2
2019,7,4,24.4,24,12,4.8,3,9.8,22.3
2019,7,5,22.6,23.7,0,2.5,4.4,9.5,21.3
2019,7,6,22,24.2,0,6.4,4,7.3,22.2
2019,7,7,22.3,23.4,0,2.9,4.7,7.3,21.8
2019,7,8,21.7,24.1,0,6.1,3,9.5,22.2
2019,7,9,22.8,23.6,0,0.5,2.5,8,21.9
2019,7,10,22.6,24.8,0,11.1,2.9,5.3,20.8
2019,7,11,23.4,23.2,13,0,1.9,9.5,22
2019,7,12,23,23.3,0.5,0.1,4.5,10,21.7
2019,7,13,22,23.4,3,2.8,2.2,10,21.2
2019,7,14,23.4,23,2,0.2,3.4,10,21.4
2019,7,15,23,23.5,0,0.5,3.6,10,21.5
2019,7,16,23.6,23.8,0,2.3,3.1,9,22.1
2019,7,17,23.9,25.8,0,12.3,2.8,4.3,22.1
2019,7,18,25.4,24.8,30.5,0,2.3,10,23.4
2019,7,19,25.4,25.8,1,0,3.4,10,23.1
2019,7,20,25.7,26.7,0,0,2.7,10,24.4
2019,7,21,24.9,28.8,0,0.5,1.7,10,24.8
2019,7,22,26.2,28.6,3,4.8,3.4,7.3,25.3
2019,7,23,27.6,26.6,18.5,5.8,3.9,10,22.9
2019,7,24,26.8,27.2,0,10.2,4,3.3,24.8
2019,7,25,25.9,29.6,0,10.4,2.3,5,26.1
2019,7,26,26.2,30.5,0,11.9,2.8,5.5,26.4
2019,7,27,27.7,27.6,29.5,5.4,3,8,24.5
2019,7,28,27.2,28.7,13.5,8.2,2.8,5,24.4
2019,7,29,28.1,30,0,8.2,2.4,7.8,27.5
2019,7,30,26,29.8,0,9.3,2.9,4.8,26.6
2019,7,31,26.6,30.2,0,9.1,2.9,3,26.5
2019,8,1,26.1,29.9,0,10.3,2.5,3.8,27
2019,8,2,27.8,29.5,0,13.3,2.5,0.3,26.6
2019,8,3,29.6,29.5,0,11.6,3.5,2.5,26.1
2019,8,4,30.2,29.7,0,10.5,3,1.5,27
2019,8,5,30.1,30.4,0,11.2,3,2.5,28.1
2019,8,6,29.8,30.9,0,11.3,3.3,7.5,27.3
2019,8,7,27.9,31.1,0,10.3,2.6,7,27.8
2019,8,8,27.7,30.6,0,11.5,2.6,5.8,27.9
2019,8,9,26.2,30.4,0,13,2.3,7,27.2
2019,8,10,27.8,29.9,0,12.6,3.6,2,26.6
2019,8,11,28.9,29.8,0,11.1,5.1,4.3,26.8
2019,8,12,28.5,30.3,0,11.6,3.9,8.3,26.8
2019,8,13,30.3,30.9,0,12,4,9,27.6
2019,8,14,30.9,30.4,4.5,11,2.3,5,27.2
2019,8,15,24,33.7,1,2.6,6.9,10,29.7
2019,8,16,28.7,28.8,24,1.3,6.7,10,26.9
2019,8,17,26.7,28.4,0,10.2,3.5,5.5,26
2019,8,18,25.9,28.6,0,12.5,2.7,0,24.4
2019,8,19,27.5,28.4,1,2.3,2.4,9,26.2
2019,8,20,28.4,26,96,0.7,1.7,10,24.1
2019,8,21,28.6,26.4,24.5,0,2.6,10,25.2
2019,8,22,28.7,26,11.5,0,3.1,10,24.9
2019,8,23,25.7,26.1,8.5,0.3,5.7,10,24.3
2019,8,24,22.8,25.4,0.5,4.6,3.6,9.5,21.8
2019,8,25,21.4,25.6,0,9.5,3.8,7,22.8
2019,8,26,20.6,24.8,0,12.3,2.6,2,21.1
2019,8,27,21.4,24.6,7.5,2.3,2.1,7.5,20.9
2019,8,28,26.8,25.5,19.5,0,5.4,10,23
2019,8,29,27.1,24.5,48.5,0,2.8,10,23.3
2019,8,30,25.7,24.1,92,1.4,2.5,10,22.7
2019,8,31,22.2,25.1,0,6.9,3,9.8,22.3
2019,9,1,22.1,25,0,2.9,2.1,9.8,21.8
2019,9,2,25.5,23.7,6.5,0,2.4,10,22.5
2019,9,3,24.2,24.4,3.5,7.3,4.9,7,22.6
2019,9,4,25.3,25.2,16,4.7,4.3,9.8,22.7
2019,9,5,25.4,27.8,0,10.2,2.1,10,23.2
2019,9,6,24.1,29,0,12,2.7,5.5,24.3
2019,9,7,23.8,28.3,0,12,2.6,9.5,23.5
2019,9,8,25.2,29.3,0,12.2,2.9,4.3,25.3
2019,9,9,27.5,29,0,9.5,2.7,4.8,26.4
2019,9,10,27.9,28.9,0,11.7,2.7,2.5,25.8
2019,9,11,27.5,26.6,3,1.2,3.7,9.8,23.2
2019,9,12,17.6,23.8,0,6.9,5,10,21.2
2019,9,13,18.3,23.9,0,4.1,4.7,10,21.9
2019,9,14,21.1,25.3,0,7.9,2.5,3.8,20.9
2019,9,15,21.7,26.3,0,11.7,2.9,0.5,22.5
2019,9,16,23.8,24.7,0,4.1,2.4,7.3,22.6
2019,9,17,20.8,24.2,0,3,4.7,6.5,21.8
2019,9,18,17.9,23.3,0,2.6,3.9,10,21.5
2019,9,19,13.1,20.7,0,8.1,5.9,6.5,17.7
2019,9,20,14.2,20.7,0,4.8,4.8,10,16.1
2019,9,21,17.9,20.3,0.5,0,2.1,10,18.9
2019,9,22,19.7,21.9,1,0.5,7.7,10,19.6
2019,9,23,21.7,24.5,10.5,3.2,8.2,10,20
2019,9,24,20.8,20.6,10,0.7,2.3,10,19
2019,9,25,15.9,21.5,0,10.3,4.1,7,16.8
2019,9,26,16.1,22.5,0,11.3,5,5.5,17.8
2019,9,27,19.2,24.5,1.5,10,3.5,4.5,18.9
2019,9,28,21.7,23.5,0.5,0,2.5,10,21.7
2019,9,29,22.4,24,2.5,2.4,2,10,21.5
2019,9,30,23.3,23.8,0,5.8,2.9,7,20.9
2019,10,1,21.3,24.3,0,10.1,3.7,8.5,20.2
2019,10,2,21.8,25.1,0,2,2.2,10,22
2019,10,3,19.3,25.7,7,2.4,3.3,9.5,21.4
2019,10,4,20.7,21.2,45.5,0,8.8,10,20
2019,10,5,18.4,21.5,1,4.9,2.5,9,19.5
2019,10,6,16.1,19.2,6.5,2,4.3,9.3,16.9
2019,10,7,15.6,19.3,0.5,5,2,6.8,15.1
2019,10,8,18.4,19.6,36,0,4.6,10,17.6
2019,10,9,10,17.3,0,10.9,3.9,2,12.9
2019,10,10,13.4,19.6,0,11,4.2,0,12.3
2019,10,11,18.8,22,0,2.3,4.3,8,18.6
2019,10,12,21.4,20.7,99,0,8.7,10,19.1
2019,10,13,14.3,18,0.5,3.5,7.3,7.8,15.6
2019,10,14,15.8,16.6,9,0.3,1.5,9.5,15.2
2019,10,15,12,15.1,1.5,0.8,4.2,8.3,11.8
2019,10,16,11.4,15.2,0,5.1,3,8.8,11.6
2019,10,17,11.9,16,0,7.4,5.2,7.5,10.6
2019,10,18,14.9,17.1,40,2.7,5.8,8,15.6
2019,10,19,19,18,15.5,0,1.5,10,16.2
2019,10,20,16,18.2,0,4.1,3.5,10,15.9
2019,10,21,14.7,17.7,0,0,5.9,10,15.1
2019,10,22,15.9,19,0,2.8,3.9,9,16.7
2019,10,23,15.3,18.7,0,7.4,3.2,5.3,14.2
2019,10,24,17.1,19.3,3.5,0,3.1,10,17.6
2019,10,25,16.8,16.6,13,0,3.5,10,15.7
2019,10,26,16.2,18.3,0,3.2,3.5,8.3,15.5
2019,10,27,14.4,14.9,8,0.3,3.2,10,12.4
2019,10,28,11.3,15.3,0,10.4,2.7,6.5,10.2
2019,10,29,11.9,16.6,0,0.7,3.1,8.5,12.6
2019,10,30,12,17,0,7,2.1,4,13
2019,10,31,11.8,16.6,0,9,3.7,0.5,11.4
2019,11,1,11.1,16.4,0,4.7,5.3,3.8,10.9
2019,11,2,9,13.6,0,9.3,2.8,4.3,9
2019,11,3,11.6,14.3,0,2.4,2,8.5,10.4
2019,11,4,9.4,13.4,0.5,5.2,3,7.8,11.3
2019,11,5,8.8,13.3,0,8.5,2.3,2.8,9.7
2019,11,6,10.1,13.9,0,6.4,3,1.5,9.8
2019,11,7,9.7,14.5,19.5,6.8,4.5,8.3,8.8
2019,11,8,7.9,11.1,0,8.2,3.7,4.8,7.3
2019,11,9,8,11.5,0.5,5.9,2.3,5,5.4
2019,11,10,8.7,11.9,0,8.7,2.2,5.8,8.8
2019,11,11,10.4,14.8,18.5,4.1,6.7,7.5,8.3
2019,11,12,10.5,14.7,2,7.7,3.5,7,10.3
2019,11,13,9.9,14.6,0,9.1,3.5,4.3,7.7
2019,11,14,9.6,12.9,18.5,1.6,7.8,9,9.3
2019,11,15,8.2,11.5,7.5,5,5.4,8,7.7
2019,11,16,10.9,12.9,17.5,0.6,4.8,8.8,10.7
2019,11,17,9.6,12,0,4.3,4.3,8.5,8.7
2019,11,18,11.4,15.7,30,3.3,6.2,8.8,8.5
2019,11,19,8.7,12.2,3,1.3,8.5,9.5,8.6
2019,11,20,7.5,8.1,6.5,0.2,4,10,6.8
2019,11,21,7.2,8.8,0,8.9,3.7,1.8,4.2
2019,11,22,8.1,10.9,0,2.2,4.9,7.3,5.7
2019,11,23,10.5,12.7,0,9.6,2.1,0.3,7.3
2019,11,24,12.5,15.8,0,3,2.3,5.5,9.6
2019,11,25,11,11.4,7,0,5.1,10,8.3
2019,11,26,7.9,9.2,0,3.4,3.9,6.8,7.4
2019,11,27,9.2,11.2,0,0,1.4,10,8.3
2019,11,28,6.4,7.3,1,0.1,6.1,10,4.8
2019,11,29,5.4,6,6,7.8,2.9,5,1.8
2019,11,30,5.6,6.4,0,1.9,2.1,6,3.2
2019,12,1,6.5,9.8,0,4.9,2.3,7,1.6
2019,12,2,10.3,13.7,39,0,7,10,9.8
2019,12,3,7.2,8.9,4.5,1.6,6.7,10,6.8
2019,12,4,7.3,8.2,13.5,0.6,7.3,9.5,5.7
2019,12,5,7.1,6.8,11,1.4,5.2,9.3,4.2
2019,12,6,6.2,3.3,16,0.4,3,10,0.6
2019,12,7,6.3,6.3,1,0.5,3.2,10,2.2
2019,12,8,7.6,7.1,2,4.4,4.1,5,3.3
2019,12,9,6.3,7.2,0,9.2,2,0.3,1.5
2019,12,10,8.4,10,0,7.8,3.3,5.8,3.7
2019,12,11,7,11.3,0,3.5,2.6,6,5.6
2019,12,12,7.4,9.2,11,0.2,7.2,10,5.1
2019,12,13,5.5,7.3,0,4.5,2.5,9.8,5
2019,12,14,6.2,8,6,2,6,7,2.4
2019,12,15,5.3,6.3,0,5.3,3.1,6.3,2.4
2019,12,16,6.1,6.1,0,9.2,2.3,0.8,0.1
2019,12,17,10.4,12.5,0,1.3,2.5,10,5.8
2019,12,18,10.5,11.1,15,0.1,3.9,10,7.6
2019,12,19,7.4,9.3,1,4.7,4.9,9.3,5.1
2019,12,20,7.9,8.3,7,1.6,4.6,8.8,6.3
2019,12,21,7.7,8.5,3.5,2,4.8,10,6
2019,12,22,7.1,8.4,0,0.6,2.1,10,5.5
2019,12,23,8.2,8.9,4,4.7,3.5,8.8,6.3
2019,12,24,6.3,5.9,0,3.6,5.5,7.5,3.6
2019,12,25,5.6,7.9,0,6.5,3.2,3,0.2
2019,12,26,9.1,9.1,7.5,0,2.3,10,7.3
2019,12,27,7.1,8.2,15,1.1,7.6,8.8,4.5
2019,12,28,5.3,5.2,0.5,4.3,3.9,8,2.6
2019,12,29,5.9,7.2,0,5.4,2.3,5.5,1.1
2019,12,30,9.6,10.2,8,0,3,10,6.8
2019,12,31,7.3,7.4,5.5,0.6,7.2,9.5,2
2020,1,1,6.2,4.7,10,1.1,4.4,9.8,2
2020,1,2,7.7,6.2,9,2.7,2.5,9,4.5
2020,1,3,8,7.5,8,0.5,4.2,10,5.9
2020,1,4,6.6,5.8,5.5,3,3.6,9.3,2.1
2020,1,5,5.8,4.6,2.5,0.1,4.1,9.8,2
2020,1,6,5.3,5.6,0,5.5,2.9,8.3,1.9
2020,1,7,7.1,5,9,0,2.9,8.8,1.2
2020,1,8,10.3,12.1,22.5,0.1,9.4,10,7.9
2020,1,9,7.5,8.5,8.5,3.5,3.9,9.5,6.3
2020,1,10,6.6,7,0.5,7.4,2.9,7.3,5
2020,1,11,6.5,7.4,5,6.5,4.3,6.3,3.3
2020,1,12,8,6.7,13.5,0,3,9.8,4.8
2020,1,13,7.6,6.5,25,1.4,5,10,4.7
2020,1,14,7.1,6.9,3,0.5,4.5,10,4.7
2020,1,15,7.2,5.1,19.5,0.3,4.1,10,3.6
2020,1,16,6.1,5.3,0,3,2.5,8,2.3
2020,1,17,6.5,6.1,0,2.5,5,9.8,4.4
2020,1,18,6.1,4.7,0,1.1,4,6.8,2.3
2020,1,19,6,6.4,11,3.2,4,8.5,2.2
2020,1,20,7.2,7.4,7.5,1,6.3,10,5.5
2020,1,21,6,4.3,2,0,4,8.3,0.8
2020,1,22,5.4,5.3,0.5,3,2.3,7.5,-0.6
2020,1,23,10.4,8.8,13,0,1.5,10,7.1
2020,1,24,8.3,8.4,0.5,2.6,4.4,10,4.1
2020,1,25,4.8,5.2,0,3.9,5.4,9,2.1
2020,1,26,5.6,7.5,0,6.2,5.8,9.8,5.4
2020,1,27,6.1,6.5,8,0,5.3,10,4.6
2020,1,28,9.6,9.2,7,2.9,2.2,9.5,5.4
2020,1,29,10.3,10.1,14,0.5,4.5,10,8
2020,1,30,8.2,7.9,13,0.1,6.7,9.3,5.9
2020,1,31,6.2,4.1,16,1.7,3.6,9.8,1.6
2020,2,1,5.9,4.6,3.5,0.3,3.4,7.5,1.8
2020,2,2,5.5,6.2,0,7.5,2.2,8.8,1.7
2020,2,3,6,8,3,2.1,6.8,,3
2020,2,4,5.8,6.5,2.5,6.3,4.8,,2.5
2020,2,5,6.1,3.7,13,0.2,8.4,,0.3
2020,2,6,4,-0.4,3.5,3,5,,-2.9
2020,2,7,4.1,2,0,8.9,2.8,,-3.7
2020,2,8,6.3,3.5,7,0.3,5.2,,0.3
2020,2,9,4.9,0.8,4.5,2.2,3.3,,-0.6
2020,2,10,5.3,2.8,6.5,1.6,5.4,,-0.3
2020,2,11,5.4,3.9,4,8.2,2.4,,1
2020,2,12,5.6,7.7,1,4.2,2.4,,-0.1
2020,2,13,11.2,12.4,8.5,0.3,5.1,,8.7
2020,2,14,9.9,11.3,0,3.8,1.9,,8.4
2020,2,15,9.3,10.2,0,4.6,3.2,,7.2
2020,2,16,11.5,11.2,31,0,4.8,,8
2020,2,17,6.3,6,8.5,0.5,9,,1.1
2020,2,18,5.4,3.9,13,2.4,6.4,,0.8
2020,2,19,5.5,6.3,0,2.6,2.8,,3.3
2020,2,20,7.3,7,4.5,2.4,2.6,,3.5
2020,2,21,5.6,6.8,0,9.5,2.1,,1.3
2020,2,22,7.3,9.7,2.5,0,5.9,,5
2020,2,23,5.8,7.5,1.5,2.1,7.5,,5.2
2020,2,24,6.5,10,0,9.5,5.2,,6.8
2020,2,25,8,7.8,17,0,2.9,,5.8
2020,2,26,7.7,7.2,2.5,0.3,4.4,,5
2020,2,27,5.9,3.6,7.5,3.2,3.6,,1.1
2020,2,28,5.1,5,0.5,3.8,2.5,,1.6
2020,2,29,7.4,8.9,0.5,4,2.4,,4.7
2020,3,1,6.5,8.5,1.5,9.5,5.9,,5.7
2020,3,2,7.6,9.4,1,4.3,6.4,,5.9
2020,3,3,7.3,8,6.5,6.2,3.3,,6
2020,3,4,8.1,8,12,0.4,3,,5.1
2020,3,5,5.6,6.3,7,1.8,7.2,,3.2
2020,3,6,5.1,5.6,0,5.9,2.6,,2.6
2020,3,7,5.1,6.6,0,6.9,3,,0.1
2020,3,8,8.2,9.4,5.5,4.7,3.8,,6.9
2020,3,9,9.3,10.1,0,9.7,2.5,,4.7
2020,3,10,11.9,11.4,31,0,5.4,,10.2
2020,3,11,8.5,9,7,1.1,5.9,,5.9
2020,3,12,6,7.9,0,10.4,2.3,,4
2020,3,13,7.4,9.8,0,6,4.7,,3.1
2020,3,14,7.1,6.4,0,0,4.7,,3.7
2020,3,15,5.8,5.8,16.5,6.6,5.2,,1.4
2020,3,16,5.3,4.6,10,2,5.3,,1.5
2020,3,17,5.8,7.4,7.5,1.4,6.2,,1.3
2020,3,18,7,11,4,9.4,4.7,,7.4
2020,3,19,7.3,15.3,1.5,9.4,6.6,,4.9
2020,3,20,6.9,9.2,5,1.6,7.4,,5.9
2020,3,21,7.8,12,0,9.5,5.7,,6.1
2020,3,22,9.2,12.1,0.5,0,5.1,,7.8
2020,3,23,5.5,8.7,1.5,11.2,4.5,,5.1
2020,3,24,5.4,6.6,1,5.6,3.1,,4.2
2020,3,25,5.4,7.4,0,11.7,2.4,,3.2
2020,3,26,5.3,12.3,0,11.7,2,,4.9
2020,3,27,11.6,16.2,5.5,0,5.3,,10.6
2020,3,28,9.3,9,15,0,6.2,,5.6
2020,3,29,7,5.8,3.5,0,5.3,,3.8
2020,3,30,7.2,8.1,0,3.8,3.3,,4
2020,3,31,8.8,12.1,0,9.2,3.7,,5.8
2020,4,1,11.4,11.4,27.5,0,5.5,,8.1
2020,4,2,7.6,9.5,8,4.2,3.4,,6.8
2020,4,3,5.5,10.9,0,11.7,2.9,,5.1
2020,4,4,7.5,10.9,4,9,5.1,,5.7
2020,4,5,6.3,8,1,2.8,4.2,,5.7
2020,4,6,6,9.8,0,5.9,3.9,,6.3
2020,4,7,5.1,10.7,0,11.2,2.8,,5.9
2020,4,8,7.4,12.1,0,8.6,4.3,,6.9
2020,4,9,6.8,9.8,0,12.1,2.6,,7.2
2020,4,10,6.6,8.2,6.5,5.4,3.4,,6.1
2020,4,11,6.2,9.1,0.5,6.7,2.3,,5.5
2020,4,12,6.9,9.6,1.5,4.9,5.9,,4.4
2020,4,13,9.9,9.7,31,0,7.4,,8.8
2020,4,14,6.7,9.1,0,7.8,3.4,,6.4
2020,4,15,6.6,12.8,0,11.9,3.8,,4.8
2020,4,16,8,11.3,0,7.4,6.5,,8.1
2020,4,17,8,13.2,0.5,8.2,4,,6.6
2020,4,18,11.8,12.5,41,2.6,5.8,,11.1
2020,4,19,11,12.5,2,1.1,4.4,,11.2
2020,4,20,12.6,12.8,17,0,4.4,,10.7
2020,4,21,9.4,13.4,0.5,4,5.5,,12.2
2020,4,22,7.3,9,5,2.4,6.3,,6.2
2020,4,23,7.7,7.6,15.5,2.3,4.7,,6.2
2020,4,24,7.8,8.4,5.5,1.6,4.1,,5.7
2020,4,25,5.9,15.4,0,12.5,6,,6.1
2020,4,26,10.1,14.3,7.5,0.2,5.7,,10.8
2020,4,27,8.9,11.7,0,11.6,3.2,,8.9
2020,4,28,7.8,11.3,0,10.2,3.3,,6.9
2020,4,29,7.6,14.7,0,10.6,4.3,,6.8
2020,4,30,8.5,16.3,0,12.6,2.7,,10.1
2020,5,1,12.3,19.1,0,6.7,5.4,,12.4
2020,5,2,13.6,20.3,0,11.8,3.7,,14.4
2020,5,3,14.3,19.8,0,4.2,2.3,,16
2020,5,4,15.7,20.3,2,8.3,2.8,,14.5
2020,5,5,12.6,15.2,1.5,5.7,4.2,,12.4
2020,5,6,13,15.2,3,1.5,3.2,,12.6
2020,5,7,8.4,14.6,0,11.8,5.6,,10.1
2020,5,8,9.1,17.1,0,12.5,3.1,,10.6
2020,5,9,12.1,17.2,2,0,1.5,,14.5
2020,5,10,17.2,18.6,9.5,1.5,4.8,,15
2020,5,11,14.4,18.8,0,9.8,6.4,,15.3
2020,5,12,11,19.3,0,11,3.3,,12.9
2020,5,13,11.8,17.2,0,9.7,5.1,,13.4
2020,5,14,8.9,18.1,0,12.5,3.1,,11.7
2020,5,15,10.6,20.6,0,2.9,2.5,,15.3
2020,5,16,16.6,18.2,4.5,0.8,2.3,,15.7
2020,5,17,17.1,16.3,2.5,0,2.8,,15.1
2020,5,18,16,17.6,2.5,4.1,4.2,,15.2
2020,5,19,15.8,18.4,5.5,2.7,5.1,,15.7
2020,5,20,13.2,16.1,4.5,1.1,7,,13.8
2020,5,21,13.1,15.6,0.5,0.3,6.2,,13.5
2020,5,22,13.6,17.1,0,8.7,3.6,,14.4
2020,5,23,15.3,19.6,0,11.8,3.3,,15.1
2020,5,24,15,23.4,0,10.9,3.5,,16.2
2020,5,25,18.5,21.6,4,3.5,3.3,,18.4
2020,5,26,18.1,20.5,0.5,2.3,2.8,,18.8
2020,5,27,15.4,19.3,0,8,4.4,,16.9
2020,5,28,14,18.1,0,9.7,2.2,,14.6
2020,5,29,14.3,18.7,0,13.6,2.8,,14.5
2020,5,30,14.3,20.5,0,12.5,3,,14.7
2020,5,31,14.6,21.1,0,0.4,2.4,,17.7
2020,6,1,17.5,22.7,1,5,2,,19.5
2020,6,2,20,21.5,1,8.6,3.5,,19.6
2020,6,3,15.4,22.2,0,6.4,2.3,,18.9
2020,6,4,16.7,23.6,0,11.7,2.7,,17.6
2020,6,5,20,23.7,0,9.9,3.1,,20.6
2020,6,6,17.3,21.8,0,4.7,4.6,,18.4
2020,6,7,16.4,20.5,0,13.1,5,,16.8
2020,6,8,16.2,22.4,0,13.6,2.7,,16.4
2020,6,9,17,26.1,0,13.4,2.4,,19.3
2020,6,10,18.7,26.7,0.5,10.7,2.7,,21.8
2020,6,11,24.6,24.9,90,2.3,3.2,,22.4
2020,6,12,24.2,23.1,11,0.4,2.9,,21.4
2020,6,13,23.1,22.1,9,0.9,2.1,,20.6
2020,6,14,25.4,23.1,76,0,4.8,,20.5
2020,6,15,21.9,23.3,0,7,6.1,,21.6
2020,6,16,17.2,22.7,0,10,5.4,,19.3
2020,6,17,17,21.5,0,13.9,3.4,,16.6
2020,6,18,19.2,21.8,4,0.3,2.7,,19.4
2020,6,19,20.3,21,15,0.6,2.7,,18.9
2020,6,20,16.6,20.8,0,5.8,4.9,,18
2020,6,21,16.5,22,0,12.8,5.1,,16.7
2020,6,22,19.4,23.3,0,1.2,3.1,,20.3
2020,6,23,19.7,23.9,0,12,3.4,,20.5
2020,6,24,20.7,24.9,0,10.6,3.4,,21
2020,6,25,23.8,25.3,14.5,1.3,2.6,,22.8
2020,6,26,25.3,24.4,58,0,5.2,,22.9
2020,6,27,20.4,24.6,0,6.4,3.9,,21.5
2020,6,28,21.8,23.1,10.5,7,3.1,,21.1
2020,6,29,19.4,23.3,0,8,3,,20.3
2020,6,30,22.9,24.8,5.5,0.4,4.1,,21.9
2020,7,1,22.9,23.6,4,1.6,4.3,,21.9
2020,7,2,21.4,21.2,14.5,1.4,5.9,,19.6
2020,7,3,21.7,22.2,15,1.1,3.2,,20.1
2020,7,4,23.5,21.5,77.5,0,3.2,,20.2
2020,7,5,22.7,22.4,1,0.1,2.8,,21.1
2020,7,6,25.6,23.8,16.5,0,2.9,,21.8
2020,7,7,26.7,24.6,99.5,0,3.5,,21.9
2020,7,8,24.9,23.6,21.5,3.3,2.9,,21.9
2020,7,9,25.6,24.8,26,1.9,2.7,,22.2
2020,7,10,26.2,24.9,8.5,0,2.9,,22.6
2020,7,11,25.9,25.9,4,1.3,6.1,,23.6
2020,7,12,21.9,22.4,6,0.5,5.5,,21.4
2020,7,13,20.7,21,25,0.3,2.3,,19.6
2020,7,14,23.9,22.3,35.5,0,3.2,,20
2020,7,15,23.7,22,3,0.1,3.9,,21.2
2020,7,16,21.8,23.3,1,7.3,3,,20.8
2020,7,17,22.6,23.6,0.5,4.7,4.5,,21.6
2020,7,18,24,23.2,42.5,0.9,2.4,,21.4
2020,7,19,24.1,25.8,0,12.6,2.5,,21.4
2020,7,20,25.1,28.3,0.5,5.8,2.4,,24.3
2020,7,21,26.4,28,2,1.5,3.9,,25.2
2020,7,22,23.7,25.2,0,7.1,3.4,,23.8
2020,7,23,23.6,23.1,4,0.3,2,,21.8
2020,7,24,25.4,23.7,10,0.1,3.3,,21.5
2020,7,25,26.6,25.3,2.5,0,3.2,,22.8
2020,7,26,26.4,26.4,1,2.9,2.1,,23.6
2020,7,27,27,26.4,4.5,0.2,2.5,,23.8
2020,7,28,27.7,26.1,4.5,0,4.9,,23.3
2020,7,29,25.9,25,0,4.3,2.2,,23.2
2020,7,30,26.3,26.5,2.5,5.5,2,,24.3
2020,7,31,26.6,26.5,12,4.7,4,,24.7
2020,8,1,25,26.5,0,9.4,3.1,,24.3
2020,8,2,24,27.6,0,9.1,2.2,,23.2
2020,8,3,25.8,28.9,0,4.8,2.3,,25.8
2020,8,4,24.8,28.7,0,5.7,2.5,,25.9
2020,8,5,25.2,28.3,0,11.9,2.3,,24.1
2020,8,6,23.9,30.4,0,11.4,3.1,,24.7
2020,8,7,26.1,26.4,46,0,3.8,,23.5
2020,8,8,27.7,27,5,0,2.4,,23.7
2020,8,9,25.6,30.5,0,9.1,4.2,,27.1
2020,8,10,26.3,31.6,0,10.4,2.1,,26.4
2020,8,11,28.9,30.7,36,8.3,3.6,,26.6
2020,8,12,29.2,28.8,2.5,2,5,,26.4
2020,8,13,31,27.5,27.5,0.8,4.4,,25.6
2020,8,14,26.8,29.8,0,11,3.6,,25.6
2020,8,15,29.2,29,0,2.8,5.1,,27.3
2020,8,16,29.4,28.8,0,9.1,4.6,,26.4
2020,8,17,28.7,28.5,0,6.9,4.4,,26.2
2020,8,18,28.4,27.9,0,9.6,2.9,,26
2020,8,19,24.8,28.7,0,12.8,2.2,,23.8
2020,8,20,29,29.8,0,12.3,2.2,,26.4
2020,8,21,28.4,28.9,0,12.1,2.4,,26.2
2020,8,22,28.6,28.3,0,8.7,3.9,,26
2020,8,23,27.2,28,0,8.5,3.1,,25.2
2020,8,24,27.1,28.1,0,10.3,2.5,,25.3
2020,8,25,25.5,29.8,0,11.9,2.5,,24.6
2020,8,26,26.9,30.1,0,10.7,3.3,,26.6
2020,8,27,27.5,30.5,0,10.4,2.9,,26.3
2020,8,28,29.6,29.8,2.5,4.4,2.4,,27.5
2020,8,29,29.6,30.1,0,8.1,2.4,,26.9
2020,8,30,28.8,29.8,0,12.2,2.6,,27.1
2020,8,31,27.8,28.2,0,7.3,3.2,,26.5
2020,9,1,27.9,28.8,0,9.9,2.6,,26
2020,9,2,28.2,30.8,0,11.5,2.9,,26.1
2020,9,3,27.1,31.1,1,3,2.8,,26.6
2020,9,4,28.2,26.8,12.5,4.8,2.2,,24.8
2020,9,5,28.3,28.3,0,11.6,4.2,,24
2020,9,6,27.7,28.7,0,7.3,2.5,,25.8
2020,9,7,24.2,31,0,1.7,4.1,,26
2020,9,8,23.5,30.6,0,11.8,4.4,,26.1
2020,9,9,23.8,26.5,2.5,5.9,2.2,,23.6
2020,9,10,24.7,24,47,0.5,2.5,,21.8
2020,9,11,25.8,25.3,5,5.1,3.7,,21.7
2020,9,12,25.9,28.2,0,9.9,2.7,,23.9
2020,9,13,25.8,23.9,26,0,5,,20.9
2020,9,14,20.3,21.7,11,0.6,4,,19.7
2020,9,15,19.1,23.1,0,9.9,2.1,,19.3
2020,9,16,19.7,24.6,0,5,2.2,,19.7
2020,9,17,25.3,25.7,14.5,1.3,1.7,,23.2
2020,9,18,23.9,21.4,55,0,3,,20.5
2020,9,19,16.7,23.2,5.5,9.1,3.9,,19.9
2020,9,20,15.8,23.2,0,5.4,2.7,,19.8
2020,9,21,16.4,22.4,0,6.8,3.2,,19.6
2020,9,22,17.7,22.1,0,5,3,,18
2020,9,23,20.5,24,0,6.5,3.2,,20
2020,9,24,22.7,24.9,0.5,2.2,2.5,,22.2
2020,9,25,23.2,21.3,33,0,3.3,,20.8
2020,9,26,22.3,21.5,16.5,0.3,3.1,,19.2
2020,9,27,18.3,20.4,15.5,3.9,4,,18.2
2020,9,28,16.8,20,6,7.6,4,,16.9
2020,9,29,16.1,20.2,0,8,3,,15.9
2020,9,30,18,21.3,0,6.4,2.6,,17.8
2020,10,1,17.5,20.6,9.5,8.2,3.1,,17.5
2020,10,2,15.2,20.9,0,10.9,2.5,,15.4
2020,10,3,17,21.4,0,1.7,1.8,,17.7
2020,10,4,18.4,22.6,0,0.1,2.7,,19.2
2020,10,5,15.5,20,11,3,4.7,,15.9
2020,10,6,12.2,17.8,0,3.1,3.9,,14.7
2020,10,7,12.3,18.4,0,4.4,5.2,,14.5
2020,10,8,15.5,16.5,8,0,3.8,,15
2020,10,9,15.5,19,0,0,2.7,,17.3
2020,10,10,18.7,21.1,0,2.7,1.9,,17.3
2020,10,11,20,21.7,0,5.3,1.8,,18.6
2020,10,12,19.3,21.5,0,2.5,2.8,,18.8
2020,10,13,17.1,20.1,0.5,5.8,3.1,,17.9
2020,10,14,14.4,19,0,9.5,3.2,,15.4
2020,10,15,11.7,16,1,7.7,5.2,,12.3
2020,10,16,10.8,16.3,0,8.3,4.2,,12.1
2020,10,17,11.4,14.9,0,0.2,1.9,,11.4
2020,10,18,11.1,15.7,0,8,1.9,,10.6
2020,10,19,11.4,15.9,0,0.8,1.6,,13.1
2020,10,20,11.7,16.9,0,9.9,3.7,,11.8
2020,10,21,11.3,17.6,0,10,2.2,,11.9
2020,10,22,14.3,18.9,4,0,1.6,,16
2020,10,23,15,16.1,57.5,0.7,4.1,,12.9
2020,10,24,11,13.6,19.5,2.2,4.8,,11.7
2020,10,25,10,14.7,2,5.2,4.7,,11.3
2020,10,26,10.9,15.2,0,6.7,2.7,,11
2020,10,27,9.7,14.7,0,10.4,3.1,,9.9
2020,10,28,9.6,15,2,3.5,2.5,,9.5
2020,10,29,10.2,15,0.5,7.6,3.5,,11.2
2020,10,30,8.7,12,1,5.3,3.3,,9.1
2020,10,31,9,12.5,0,9.9,3.1,,6.9
2020,11,1,8.6,16.4,0,4,3.7,,8.5
2020,11,2,14.5,15.9,39.5,0,4.1,,13.6
2020,11,3,9.9,13.5,15.5,5.3,5.8,,7.5
2020,11,4,9.5,9.5,24.5,1.2,3.4,,7.6
2020,11,5,8.8,12.9,0,6.9,3.3,,9.3
2020,11,6,9.2,13.3,0,0,1.6,,10.1
2020,11,7,15.5,17.4,22,0,4,,13.5
2020,11,8,11.7,15.8,0,2.3,4.9,,12.3
2020,11,9,9,9.9,14.5,1.1,3.1,,8
2020,11,10,8.5,8.7,19.5,2.7,2.7,,6.6
2020,11,11,8,9.2,0.5,3.6,3.6,,7.1
2020,11,12,8.5,10.4,0,9.1,2,,5.2
2020,11,13,11.2,13.5,2.5,9.2,2.7,,7.6
2020,11,14,9,11.6,0,8,3.8,,7.2
2020,11,15,8.8,14.6,0,9.4,3.1,,5.1
2020,11,16,11.8,16.6,0,5.6,3.9,,10.8
2020,11,17,10.7,13.7,0,9.3,3.2,,9.3
2020,11,18,12.3,17.2,0,9.2,2.2,,10.8
2020,11,19,12.6,22.1,0,7.6,5.8,,14.6
2020,11,20,15,20.3,11.5,0.7,6.9,,15.1
2020,11,21,9,12.4,0,5.9,4.9,,8.6
2020,11,22,11.1,13.7,12.5,6.1,4.8,,6.2
2020,11,23,9.7,11,14,0.2,4.2,,7.9
2020,11,24,7.2,9.5,0,7,2.8,,5.1
2020,11,25,8.1,11.6,0,8,2,,6.3
2020,11,26,9.4,10.6,1,0.5,3.4,,9.4
2020,11,27,8.6,11.8,5.5,5.7,4.8,,8.1
2020,11,28,8.4,7.8,22.5,0,4.2,,5.6
2020,11,29,7.9,8.8,1.5,5.1,2.8,,5.7
2020,11,30,8.7,9.9,29,2.7,3.8,,7.8
2020,12,1,8.6,8.9,0.5,3.4,3.4,,6.6
2020,12,2,8,10.3,1,7.7,5.3,,7.4
2020,12,3,9.4,10.4,24.5,0.3,5.8,,6.4
2020,12,4,6.6,7.4,0.5,5.1,4.2,,5.3
2020,12,5,7.7,8.2,6.5,1.2,3.5,,4.1
2020,12,6,6.9,9.5,0,5.9,2.8,,5.7
2020,12,7,9.3,12,2,1.2,4.1,,8.2
2020,12,8,9.4,8.6,11,0.5,4.3,,6.2
2020,12,9,7.7,8.2,0,7.8,3.7,,5.9
2020,12,10,8.5,9.5,7.5,0.7,3.4,,4.4
2020,12,11,9.3,10.9,2,1.2,2.5,,7.8
2020,12,12,10.3,9.9,14,0,3,,8
2020,12,13,7.9,8.7,7.5,0.8,6.6,,7.1
2020,12,14,6.8,4.1,19.5,0,5.2,,0.7
2020,12,15,5.4,3.9,6.5,1,8.3,,1.3
2020,12,16,5.3,3.3,8,0.1,7.4,,0.8
2020,12,17,5.3,2.9,13,0.4,5.1,,1
2020,12,18,7,5,34.5,1,6.3,,1.8
2020,12,19,6.1,2.8,19.5,0.2,3.9,,0.4
2020,12,20,5.6,1.6,12,0.1,4.2,,0.6
2020,12,21,6.1,3,0.5,2.3,2.2,,0.3
2020,12,22,7,5.5,11.5,0.6,5.1,,2.7
2020,12,23,7,7.9,9.5,2.3,4.7,,3.7
2020,12,24,5.8,9.8,15,3.1,6.3,,3.7
2020,12,25,7.3,6,28.5,1.2,5.8,,3
2020,12,26,6.9,5.7,8.5,0.7,4.1,,3.3
2020,12,27,7.6,7.9,1.5,2.9,2.9,,4.7
2020,12,28,8,9.4,2,1.1,3.6,,6.7
2020,12,29,7.1,9.4,0,4.5,2.6,,4
2020,12,30,7.4,5,47.5,0,7.6,,-0.6
2020,12,31,5.2,0.4,16.5,0.1,5,,-1
2021,1,1,5.6,3.5,8.5,2.5,8.3,,1.5
2021,1,2,6.1,2.2,22,0,5.2,,0.5
2021,1,3,5.9,2.4,1.5,1.4,3.5,,0.5
2021,1,4,6.5,5.1,11,0.8,5.3,,2.9
2021,1,5,6.9,5.6,8,0.4,5.2,,3.7
2021,1,6,6.3,4,7.5,3.2,4.9,,1.4
2021,1,7,5.2,1.4,33,1.3,9.4,,-1.4
2021,1,8,4.8,0.5,16.5,0.7,7.6,,-1.4
2021,1,9,5.1,-0.4,37,0,5.6,,-2
2021,1,10,5.5,0.5,18.5,2.1,3.2,,-1.3
2021,1,11,5.5,2.1,4,4.7,3.5,,0.5
2021,1,12,6.1,3.2,10,0,4.4,,1.1
2021,1,13,6.2,4.9,15,3,6.4,,1.6
2021,1,14,7.2,6.6,4.5,0.7,4.7,,2.9
2021,1,15,5.5,6.1,0,8,3.1,,0.8
2021,1,16,7.2,6.1,37,0,4.8,,1.4
2021,1,17,5.8,1.9,4.5,0.5,3.7,,0.5
2021,1,18,6,1.9,44.5,0.3,6.3,,0.4
2021,1,19,4.6,0.7,5.5,1,6.2,,-1.8
2021,1,20,4.2,0.8,0,7.7,3.3,,-1.3
2021,1,21,5.4,3.9,0,9.2,2.2,,-1.8
2021,1,22,8.5,6.7,4.5,0,3,,3.7
2021,1,23,7.4,6.4,2.5,0,6.6,,4.3
2021,1,24,8.1,5.5,4.5,0,2.8,,3.9
2021,1,25,7.5,6.2,0,7.7,3,,2.2
2021,1,26,7.2,8,9.5,3.8,2.2,,1.9
2021,1,27,8.3,8.5,20,0.4,5,,4.5
2021,1,28,5.9,6.1,3.5,0,5.2,,3.8
2021,1,29,4.6,2.4,9,2.1,10.8,,-0.2
2021,1,30,4.9,2.4,6,1.3,5.5,,-0.3
2021,1,31,5.8,4.4,0.5,5.3,3.8,,0.7
2021,2,1,5.9,7.4,6.5,2.2,4.9,,-0.8
2021,2,2,7.3,5.8,31,0,6.1,,0.6
2021,2,3,5.3,3.5,3,2.6,7.4,,1.5
2021,2,4,5.3,4,4.5,0,8,,1.4
2021,2,5,5.5,5.7,1,2.9,3.9,,1
2021,2,6,6.3,10.5,0,6.7,6,,4.8
2021,2,7,7.1,7.7,2,0.9,4.8,,4.4
2021,2,8,5.2,1.2,15,2.2,4.9,,-0.9
2021,2,9,5,1.6,3,1.2,4.5,,-1.1
2021,2,10,6,6,1.5,2.3,4.6,,2.7
2021,2,11,6.2,7.5,0,7.7,2.9,,3.9
2021,2,12,5.9,7.4,0,4.8,3.4,,3
2021,2,13,7.5,10.8,0,9.7,2.1,,3.2
2021,2,14,7.6,12.3,0,8.7,1.6,,5.2
2021,2,15,9.8,9.9,39,0,5.5,,6.7
2021,2,16,5.8,4.1,9.5,1.3,9.7,,0.8
2021,2,17,5.2,0.9,24.5,0.2,8,,-1.3
2021,2,18,4.6,1.4,4,1.2,6.8,,-1.3
2021,2,19,5.3,4.6,1.5,2,5.4,,0.8
2021,2,20,6.9,11.3,0,4.8,8.8,,6
2021,2,21,7.9,15.2,0,8.6,7,,10.5
2021,2,22,7.7,15.9,0.5,6.5,6.4,,10.5
2021,2,23,6,5.5,0,3.3,4.9,,1.4
2021,2,24,4.9,2.6,0.5,6.8,3.2,,0.3
2021,2,25,4.4,4.2,0,8.2,2.9,,-0.9
2021,2,26,5.4,6,0,0.2,4.7,,3.1
2021,2,27,3.7,3.3,0,9,5.8,,0.8
2021,2,28,5.7,7.7,0,9,3.4,,-0.3
2021,3,1,6.9,13.1,0,8.7,3,,4.5
2021,3,2,8,9,33.5,0,5.4,,1.5
2021,3,3,4.3,3.6,0,8.2,4.7,,0.6
2021,3,4,6.3,9.1,0,7.2,2.4,,1
2021,3,5,9.2,10.2,2,0,2.3,,7.8
2021,3,6,8.7,7.1,4.5,0,4.6,,2.5
2021,3,7,5.4,4.9,0,5.9,4.4,,2.1
2021,3,8,6.2,5.7,0,0.1,4.9,,3.9
2021,3,9,6.5,6.7,0,8.8,2.2,,0
2021,3,10,6.2,7.8,0,7.2,4.3,,3.6
2021,3,11,6,6.9,0,10.6,2.1,,1.1
2021,3,12,7.6,10.2,8,0,3.1,,4.9
2021,3,13,10.2,9.6,21,0,5.4,,8.2
2021,3,14,6.2,8.9,0,6.3,4.4,,6.2
2021,3,15,6.8,9.3,0,9.2,2.8,,4.7
2021,3,16,9.2,11.6,3.5,0.1,4.9,,6.1
2021,3,17,6,7.7,0,7.2,4.5,,4.6
2021,3,18,6.2,7.3,0,10.9,4.2,,2.3
2021,3,19,6.6,9.2,0,9.3,5.4,,5.6
2021,3,20,8.9,11.3,7.5,4.5,4.4,,6.4
2021,3,21,12.1,11.3,27.5,0,3.2,,7.8
2021,3,22,6.7,8.1,4,5.7,3.7,,4.5
2021,3,23,5.9,9.7,0,10.2,3.9,,4.8
2021,3,24,6.8,11.6,0,10.6,2.8,,4.2
2021,3,25,9,12.9,0,3.2,3.8,,9
2021,3,26,8.2,10.9,0,6.3,4.4,,7.2
2021,3,27,8,11.7,0,7.9,2.7,,5.7
2021,3,28,11.7,14.5,2.5,0,3.2,,10.6
2021,3,29,11.9,16.1,0,7.2,5.2,,13.5
2021,3,30,10,14.1,0,3.8,2.6,,10.2
2021,3,31,7.5,12.1,0,11.3,4.8,,6.9
2021,4,1,7.7,12.1,0,11.4,6.7,,7.6
2021,4,2,9.4,16,0,10.8,4.2,,9.5
2021,4,3,10.7,17.4,0,9.8,2.2,,11.5
2021,4,4,13.6,14.6,49,0,2.5,,9.9
2021,4,5,8,9.4,2,5.8,5.9,,6.8
2021,4,6,8.1,10.1,0,8.4,3.2,,5.6
2021,4,7,8.2,11.2,0,11.6,2.9,,8.3
2021,4,8,7.3,10.1,0,7.7,3.5,,5.9
2021,4,9,5.7,7.6,0.5,8.2,3.4,,4.6
2021,4,10,5.6,8.1,0,11.3,4.4,,3
2021,4,11,6.9,10.4,0,12.3,3.5,,3.7
2021,4,12,7.4,14.9,0,9.5,2.5,,7.2
2021,4,13,11,17.6,4,0,4.7,,11.8
2021,4,14,10.1,8.8,7,0.1,4.2,,4.6
2021,4,15,6.1,9.2,0,11.6,4.3,,2.3
2021,4,16,8.5,15.5,0,6.4,3.1,,7.1
2021,4,17,13.7,13.4,39.5,0,2.6,,11.2
2021,4,18,8.4,11.3,7.5,3.9,8.4,,7.5
2021,4,19,7.4,13.8,0,10.4,5,,9.8
2021,4,20,9.7,16.2,0,12.2,6.1,,12.7
2021,4,21,8.7,14.2,0,12.3,2.7,,10.1
2021,4,22,7,14.4,0,12.6,4.8,,8
2021,4,23,9,13.9,0,11.6,6.5,,9.6
2021,4,24,11.5,15.9,0,9.1,2.5,,10.4
2021,4,25,9.8,12.8,0,5.4,5.1,,7.9
2021,4,26,5.1,10,0,12.2,5.6,,5.4
2021,4,27,6.4,13.3,0,12.6,2.1,,4.8
2021,4,28,13,16.7,19,0.8,3.6,,12.8
2021,4,29,14,13.3,78,0,3.6,,11.7
2021,4,30,11.1,15.3,2,6.6,5.7,,11.4
2021,5,1,11.2,14.8,9.5,2.4,5.1,,12
2021,5,2,10.5,11.2,30.5,0,6.6,,9.4
2021,5,3,10.5,13.6,0,9,6.1,,8.4
2021,5,4,8,17.5,0,11.3,3.4,,8.9
2021,5,5,13.6,17,7.5,0,4.5,,14
2021,5,6,11.7,16.7,0,11.9,2.9,,11.2
2021,5,7,10.7,18.3,0,1.9,2.4,,14.2
2021,5,8,12.4,20.5,0,5.9,5.2,,16.1
2021,5,9,11.3,18.5,5,8.8,6.9,,13.6
2021,5,10,8.3,15.6,0,6.5,3.8,,11.4
2021,5,11,10.9,15.6,0,9.8,3.9,,12.8
2021,5,12,10.5,17.3,0,10.6,4.9,,12.3
2021,5,13,12.6,19.8,0,4.5,3,,14.1
2021,5,14,13.8,20.1,0,9.8,2.7,,15.5
2021,5,15,14.9,23.7,0,10.5,3,,16.1
2021,5,16,18.7,22.8,12.5,0,3.7,,18.2
2021,5,17,19.9,18.9,94.5,0,4.2,,16
2021,5,18,17.4,17.3,4,1.4,2.1,,14.5
2021,5,19,18.4,18.1,0.5,0.4,2.2,,15.9
2021,5,20,16.2,17.3,17.5,0.5,3,,13.1
2021,5,21,18.4,19.8,34.5,0,5.4,,17.5
2021,5,22,15.7,17.5,2.5,2.1,6.7,,16.4
2021,5,23,15.7,17.7,2,8.1,4.3,,15.9
2021,5,24,15.7,19.6,4,3.1,2.5,,14.7
2021,5,25,15.7,18.6,7,7.5,4.3,,15.8
2021,5,26,11.1,17.8,0,7.4,4.2,,15
2021,5,27,14.1,16.3,8.5,0,3.6,,14.5
2021,5,28,16.2,20.7,0,10.8,4.8,,17.6
2021,5,29,15.4,18.7,2,6.2,5.7,,15.8
2021,5,30,14.5,18.1,0,9.7,3,,14.8
2021,5,31,14,18.3,0,9.5,4.5,,14.2
2021,6,1,14.7,19.9,0,12.7,4.2,,15.2
2021,6,2,15.2,22.3,0,9.8,2.6,,16.8
2021,6,3,16.6,23,0,8.7,2.2,,18
2021,6,4,18.8,18.8,63,0.1,3.5,,16.7
2021,6,5,12.8,20.4,0,8.8,3.3,,14.8
2021,6,6,12.5,21.5,0,6.2,2.2,,17.1
2021,6,7,15.4,23.4,0,11.7,2.1,,19.2
2021,6,8,16.1,21.7,0,3.3,2.4,,18.7
2021,6,9,18.1,21.2,0,12.3,3.4,,17.6
2021,6,10,16.8,25.1,0,13.4,3.3,,18.4
2021,6,11,17.7,24.9,0,9.5,2.5,,21.4
2021,6,12,17.8,24.7,0,3.4,2.1,,22.1
2021,6,13,21.1,23.1,0,0.3,2.8,,20.9
2021,6,14,21.8,22.2,10,5.6,3.8,,20.5
2021,6,15,21,22.9,0,8,4,,19.9
2021,6,16,21.3,22.6,0,0.6,3.3,,20.8
2021,6,17,20.2,22,0,7.8,2.8,,20.2
2021,6,18,19.6,22.9,3,2.1,2,,19.1
2021,6,19,22.5,21,63,0,1.8,,19.5
2021,6,20,18.8,21,0,6.4,2.7,,18
2021,6,21,15.5,23,0,10.3,2.2,,16.2
2021,6,22,18.7,21.9,0,2.7,4.4,,20.2
2021,6,23,18.4,21.5,0,6.4,2.5,,19.7
2021,6,24,18.3,22.3,0,9.5,2.8,,20.1
2021,6,25,20.6,23.3,6,6.5,3.1,,19.6
2021,6,26,20.6,24.6,0,9,2.4,,20
2021,6,27,22.2,23.2,5,1.8,2.7,,20.5
2021,6,28,21.8,23.7,0,8.9,3.4,,19.8
2021,6,29,22.9,22.8,14,2,2.4,,21.1
2021,6,30,21.9,24.6,0,6.5,2.7,,22
2021,7,1,24.1,25.1,1.5,5.6,2.5,,23.1
2021,7,2,25.1,26.5,4,8.8,3.3,,22.6
2021,7,3,25.6,25.6,0,8,2.8,,23.5
2021,7,4,26.2,26.7,20.5,0.3,3.2,,23.6
2021,7,5,26.6,24.7,39,0.7,6,,22.9
2021,7,6,27.2,24.8,25.5,0,3.3,,23
2021,7,7,26.2,24,7,1.7,4,,22.6
2021,7,8,27.3,24.1,21,0,2.2,,22.9
2021,7,9,28.2,24.4,20,0.7,3.3,,23
2021,7,10,26.6,26.3,3.5,1.2,4.6,,23.3
2021,7,11,26.3,26.3,1.5,4,4,,23.9
2021,7,12,24.4,26.5,0,3.3,3,,24.7
2021,7,13,25.4,26.5,0,10.1,2.4,,23.4
2021,7,14,25.5,26.8,0,7.9,2.3,,23.5
2021,7,15,24.5,26.1,3.5,5.6,2.4,,23.6
2021,7,16,24.2,27.2,0,4.2,3.5,,22.6
2021,7,17,26.8,27.9,0,12.9,2.4,,24.1
2021,7,18,27.4,28.4,0,11,2.6,,25.1
2021,7,19,26,29.5,0,13.6,3.9,,25.5
2021,7,20,26.8,29.4,0,13.2,3.3,,26.1
2021,7,21,27.5,28.9,0,11.8,3.5,,25.7
2021,7,22,27.3,29,0,12.4,3.1,,25.8
2021,7,23,27.3,29,0,13.4,3.5,,26
2021,7,24,26.7,29.2,0,12,3.3,,25.6
2021,7,25,26.3,29.3,0,8.6,2.8,,26.5
2021,7,26,27,29,2,11.6,3,,26.1
2021,7,27,27.3,26.6,1.5,1.5,2.4,,24.3
2021,7,28,26.9,26.2,9,3.2,3.3,,23.2
2021,7,29,26.5,27.6,0,7.6,3.4,,24.7
2021,7,30,26.7,28.4,0,12.2,2.6,,25.2
2021,7,31,26.5,28.1,0,11.9,2.8,,24.7
2021,8,1,26.7,29,0,12.3,2.5,,25.1
2021,8,2,25.5,30.1,0,11.8,2.9,,25.5
2021,8,3,28.4,30,0,6.1,2.3,,26.8
2021,8,4,26.7,30.5,0,13.5,2.4,,26.8
2021,8,5,30.1,30.5,0.5,11.6,3.1,,27.1
2021,8,6,29.3,30.1,0,11.3,2.1,,26.8
2021,8,7,29.7,30,0.5,9.6,2.7,,27.6
2021,8,8,29.4,29.7,0,7.4,3.5,,26.1
2021,8,9,27.7,28.8,40,4.1,8.7,,23.7
2021,8,10,26.9,25.3,22.5,1.8,6.2,,23.5
2021,8,11,24.5,25.6,2.5,6.7,3,,23
2021,8,12,26.3,24.9,33.5,0,2.2,,23.1
2021,8,13,24.8,22.3,71.5,0,3.5,,21.3
2021,8,14,24.8,22.2,37.5,0,3.4,,20.7
2021,8,15,23.8,23.6,15,2.9,3.8,,20.6
2021,8,16,23.5,24.5,0,2.2,2.9,,20.7
2021,8,17,25.7,23.4,32.5,0,3.3,,22.1
2021,8,18,26.9,24.7,2.5,1.7,3.5,,23.3
2021,8,19,24.5,26.2,0.5,3.1,2.8,,23.4
2021,8,20,23.9,27.2,0,8.7,,,22.7
2021,8,21,25.1,27.9,0,3.8,2,,24.4
2021,8,22,26.8,28.8,3,5.6,4.3,,24.3
2021,8,23,28.2,27.1,1,6.8,4.1,,24.8
2021,8,24,26.4,26.2,15.5,0,2.6,,24.2
2021,8,25,27.2,28.8,11.5,0.2,4.9,,25.7
2021,8,26,27.9,29.1,0,7.1,4.3,,25.8
2021,8,27,26,27.1,0,9.2,3.4,,25.2
2021,8,28,24.8,26.4,1.5,4.5,5,,24.4
2021,8,29,24.8,27,0,11.6,2.7,,23.3
2021,8,30,25.2,26.9,2.5,3.3,3.3,,24.5
2021,8,31,23.7,25.9,0,3.4,2.2,,24.2
2021,9,1,22.6,22.4,21.5,0,4.1,,21
2021,9,2,22.7,22.7,20.5,0,4.4,,21
2021,9,3,23.2,22.9,3,1,2.1,,21.3
2021,9,4,24.3,22.8,13,0.3,2.3,,21.3
2021,9,5,22.3,24.3,0,9.1,2.3,,20.9
2021,9,6,20.3,23.7,0,8.4,3.4,,20.6
2021,9,7,18.7,23.2,0,6.4,2,,18.5
2021,9,8,22.3,22.2,21.5,0,2.1,,21.1
2021,9,9,23.1,24.1,12,10.1,3,,21.3
2021,9,10,22.5,24.1,0,5.2,2.5,,20.1
2021,9,11,21.8,24.1,2,6.9,2.6,,20.7
2021,9,12,21.4,23.9,0,1.3,2,,20.1
2021,9,13,18.5,23.2,0,7.5,4.4,,20.4
2021,9,14,18.3,22.5,0,1.7,2.2,,19
2021,9,15,19.3,23.1,0,9.2,4.6,,20.4
2021,9,16,18.9,23.7,0,9.9,2.3,,19.1
2021,9,17,21.4,24.2,0.5,0.3,2.4,,21.4
2021,9,18,24.6,23.1,10.5,0.3,3.4,,21.8
2021,9,19,19.7,23.4,0,8.9,5.5,,19.7
2021,9,20,20.1,24.9,0,9.6,4.9,,22.2
2021,9,21,20.7,25.3,0,11.6,2.1,,21.3
2021,9,22,21.5,22.8,49.5,0.4,3.1,,19.4
2021,9,23,18.9,23.6,0,7.2,4.7,,19.2
2021,9,24,18.1,22.5,0,6.7,3.6,,19.8
2021,9,25,17.8,22.4,0,9,5.2,,19.1
2021,9,26,21,21,5.5,0.2,2.5,,19.9
2021,9,27,20.2,22.7,0,9.1,2.5,,19.2
2021,9,28,19.5,23.9,0,2.6,2.1,,20.5
2021,9,29,18.9,25.1,0,5.1,2.1,,21.9
2021,9,30,19.5,24.2,0,6.3,3,,20
2021,10,1,22.8,22.9,1,0,4.5,,21.6
2021,10,2,18.6,22.2,0,6.9,2.9,,18.9
2021,10,3,17.2,22.2,0,10.9,2.1,,17.4
2021,10,4,17.3,24.1,0,10,2.4,,17.9
2021,10,5,16.1,24.5,0,10.2,4,,18.9
2021,10,6,18.5,21.1,10,4.9,5,,18.7
2021,10,7,18.8,22.9,0,11,2.3,,17.2
2021,10,8,21.2,24,0,8,3.2,,21.6
2021,10,9,21.2,23.5,0,6.8,5.3,,21.6
2021,10,10,19.4,24.7,0,10.8,2.4,,19.8
2021,10,11,18.5,22.2,0,6.5,4.7,,18
2021,10,12,19.2,18.3,16,0,4.7,,16.7
2021,10,13,19.4,19.4,12,0.2,3.5,,17.9
2021,10,14,15.6,19.7,0,10.1,2.1,,15.6
2021,10,15,15.4,19.6,0,7,2.2,,15.4
2021,10,16,17.2,19.8,27,4.2,3.2,,16.3
2021,10,17,11.4,13.4,20,0.6,5.7,,11.2
2021,10,18,9.6,13,0,7.1,3.5,,8
2021,10,19,11.4,16.2,7.5,7.1,3.8,,11.9
2021,10,20,9.9,14.1,9,1,5.6,,11.5
2021,10,21,9.1,12.1,2.5,5.1,2.8,,9.4
2021,10,22,9.3,13.6,0,8.4,5.4,,8.9
2021,10,23,8.6,13.2,0,2.3,3,,11.2
2021,10,24,8.7,14.2,0,9.5,2.9,,9.3
2021,10,25,11.7,14.1,4.5,0,2.4,,11.2
2021,10,26,13,15.3,1,6.1,2.4,,12.1
2021,10,27,12.1,16.4,0,5.2,3.4,,11.1
2021,10,28,10.4,16.2,0,5.4,3.5,,12.5
2021,10,29,8.8,14.2,0,8.5,4.2,,10
2021,10,30,10.2,14.6,0,9,1.9,,9.4
2021,10,31,12.7,16.6,0,3.9,1.6,,13.1
2021,11,1,13.5,16.7,0,3.5,2.3,,11.9
2021,11,2,12,16.1,0,5.8,2.9,,13
2021,11,3,11.9,14.6,0,6.6,2.7,,11.4
2021,11,4,10.3,14.3,0,7.9,2.1,,9.6
2021,11,5,10,14.7,0,8.1,2.4,,11
2021,11,6,9.7,13.9,0,9.8,3.1,,8.7
2021,11,7,10.8,14.5,0,9.9,4.7,,9.1
2021,11,8,11.4,16.5,0,6.9,2.1,,10.4
2021,11,9,13.1,14,34,0,3.4,,12.4
2021,11,10,10.3,10.5,111,0,7.3,,8.3
2021,11,11,10.1,11,46,0,7.3,,9.4
2021,11,12,9.1,9.4,55.5,0.5,6.4,,7.3
2021,11,13,8.3,11.4,1.5,5.5,4.5,,8.1
2021,11,14,8.8,12.8,0,2.3,4.4,,7.7
2021,11,15,11.3,13.7,6.5,2.8,3.7,,9.6
2021,11,16,10.2,12.4,1.5,5.5,3.2,,10
2021,11,17,9.1,12.2,0,8.5,2.3,,7.5
2021,11,18,8.6,14.3,0,7.7,4.3,,10.6
2021,11,19,9.4,14.5,0,7.8,3.1,,10.2
2021,11,20,10.5,13.4,0,7.8,4.2,,10.4
2021,11,21,10,12.8,0,3.8,2.4,,8.4
2021,11,22,11.5,12.6,59,0,4.2,,10.7
2021,11,23,7.3,8.8,11,0.4,8.3,,6.1
2021,11,24,7.6,8.9,26,1.1,9.3,,5.8
2021,11,25,9.1,11.2,24,1.1,7.2,,8.7
2021,11,26,8.7,10.3,16.5,3.2,4.7,,6.2
2021,11,27,6.9,7.1,11.5,2.5,4.1,,5.1
2021,11,28,6.6,7.6,0.5,8,2.1,,4.2
2021,11,29,6,8,0,9,2.1,,2.6
2021,11,30,7.2,12,0,7,2.4,,4
2021,12,1,8.6,9.5,35,0.5,10,,4.7
2021,12,2,6.4,7,3,1.9,4.5,,4.2
2021,12,3,6.9,9,20.5,6.6,6.4,,3.8
2021,12,4,7.3,7.1,12.5,0.1,6.6,,4.8
2021,12,5,5.8,5.1,0,3.6,3,,2.5
2021,12,6,8.7,7.4,2.5,0.1,2.1,,2.4
2021,12,7,11.5,10.5,22.5,0,3.9,,9
2021,12,8,9.9,11.4,2.5,0.2,5.8,,8.9
2021,12,9,8.7,10.1,0,6.9,3.3,,6.4
2021,12,10,8.4,10.6,0,6.8,2.5,,6.6
2021,12,11,9.6,12,0,5.5,2.6,,6.6
2021,12,12,9.3,12.7,15,0.1,6.1,,8.7
2021,12,13,6.8,5.1,5,0,3.8,,3.4
2021,12,14,5.8,7.2,0,9.2,2.9,,2.6
2021,12,15,8.1,10,6,1.5,5.2,,8
2021,12,16,9.3,11.9,11,0,3.8,,8.2
2021,12,17,9,7.7,46,0.2,6.7,,0.9
2021,12,18,4.9,1.5,4,1.4,5.2,,-0.2
2021,12,19,6.4,4.3,23.5,0.5,6.6,,0.3
2021,12,20,7.2,6.9,5,0.9,5.4,,3.8
2021,12,21,8.3,10.9,5,4,6.8,,9.3
2021,12,22,6.2,6.1,0.5,0.2,4.5,,2.8
2021,12,23,5.5,5.8,1,7.5,3.7,,0.1
2021,12,24,7.7,11.1,4.5,3.9,5.2,,8.8
2021,12,25,6.9,3.4,21.5,0.2,5.6,,-1.4
2021,12,26,4.3,0.1,5.5,0.2,6.2,,-1.4
2021,12,27,5.2,1.6,10.5,0,4.7,,-0.5
2021,12,28,5.4,2.1,2,0.5,3.5,,0.9
2021,12,29,6.3,4.7,16,2.4,4.8,,0.1
2021,12,30,7,4.5,37.5,0.2,6.6,,0.5
2021,12,31,4.7,0.4,20,0.4,6.3,,-1.1
2022,1,1,4.5,1.3,2.5,0.5,4.5,,-1.1
2022,1,2,5.4,4.5,7.5,5.8,5.1,,0.8
2022,1,3,6.3,4.9,6,2.9,4.8,,1.7
2022,1,4,5.7,4.7,4,0,7.3,,1.6
2022,1,5,5,1,3,1.1,2.8,,-0.6
2022,1,6,4.8,3.3,1,8.1,3.1,,-0.8
2022,1,7,4.9,3.4,0.5,1.6,3.9,,1.3
2022,1,8,4.9,5.6,0,6.5,2.9,,1.8
2022,1,9,7.6,6.8,9,0,4.8,,5
2022,1,10,6.4,5.7,0,6.9,4,,2.5
2022,1,11,6.9,6,25,0,6,,2.3
2022,1,12,4.8,2.2,5.5,1.2,7.3,,-0.3
2022,1,13,5.7,1.6,32.5,0.1,6.4,,0
2022,1,14,4.5,2.8,3,2.3,7.1,,0.1
2022,1,15,5.2,3.4,0,0.5,2.3,,1.1
2022,1,16,6.5,4.7,16,0.5,5.1,,-0.3
2022,1,17,6.4,3.7,18,0.3,5.4,,1.3
2022,1,18,5.1,1.4,8.5,1.3,5.2,,-0.1
2022,1,19,5.8,0.9,10.5,2.2,2.6,,-0.4
2022,1,20,5.7,0.9,23,0.3,4,,-0.4
2022,1,21,4.7,0.8,1,1.1,4.2,,-0.1
2022,1,22,5.1,2.5,0,0,2.1,,0.3
2022,1,23,5.3,3.5,0.5,0.9,2.2,,0.3
2022,1,24,5.5,3.9,0,3.4,4.7,,2.3
2022,1,25,5.1,3.4,0,4.4,2,,-1.2
2022,1,26,6.1,6,2.5,3,4.5,,1.2
2022,1,27,5,4.9,0,5.9,3.3,,1.3
2022,1,28,5.5,2.4,0.5,0.2,3.4,,0.6
2022,1,29,6.2,3.4,5,0.9,4.3,,1.1
2022,1,30,5.4,2.2,0,1.8,5.3,,1.1
2022,1,31,4.6,2.8,0.5,3.6,3.5,,0.6
2022,2,1,6,3.5,9,0.9,5.8,,0.8
2022,2,2,5.6,4.1,11,2.1,5.1,,1.7
2022,2,3,6.1,4,7,1,5.2,,1
2022,2,4,6.1,2.4,14.5,1.4,4.7,,0.3
2022,2,5,5.1,0.5,24.5,0,4.4,,-1
2022,2,6,5.4,0.4,17.5,0.6,3.6,,-0.4
2022,2,7,5.2,1.4,3,5,2.2,,-0.8
2022,2,8,5.7,2.6,0,1.7,3,,0.2
2022,2,9,5.4,3.1,0,5.3,4.2,,0.1
2022,2,10,5.9,2.5,0,0.5,3.4,,0.4
2022,2,11,5.5,3.7,0,9.2,2.9,,-0.7
2022,2,12,5.5,4.7,0,7.4,2.5,,-0.1
2022,2,13,6.2,4.8,0,0,5.5,,2.6
2022,2,14,5.2,5,0,6,5.5,,2.3
2022,2,15,5.9,5.5,10.5,0,6.4,,-0.1
2022,2,16,5.5,2.6,6.5,1.3,8,,0.5
2022,2,17,4.8,1.4,5.5,0.6,6.6,,-1
2022,2,18,5.5,3.3,2.5,2.6,3.5,,0.7
2022,2,19,5.5,3.6,10,1.2,2.3,,-0.6
2022,2,20,6.1,3,23.5,0.6,6.4,,-0.9
2022,2,21,4.8,0.6,7.5,2.5,5.4,,-1.5
2022,2,22,5.4,0.7,28,1.6,4.1,,-1
2022,2,23,5.2,0.5,12,0.8,3.2,,-0.8
2022,2,24,4.9,1.6,2,3.6,2.7,,-1
2022,2,25,5.2,5,0,4.4,4.8,,0.9
2022,2,26,5.2,7.7,0,8.9,5.3,,4.5
2022,2,27,5.5,7.5,5.5,3.3,6.9,,5.4
2022,2,28,6.4,8,0,5.8,4.3,,4
2022,3,1,6.7,7.1,3.5,0.2,3.7,,2.3
2022,3,2,6.7,7.9,0,2.6,2.2,,4.6
2022,3,3,6.4,6.8,1,1.5,4.5,,2.7
2022,3,4,4.7,6.2,0,8,1.9,,0.6
2022,3,5,5.3,9.4,0.5,3.4,8.7,,4.5
2022,3,6,5.3,4.3,1.5,2,6.7,,1.6
2022,3,7,4.9,4.8,0,1.3,2.7,,2.7
2022,3,8,4.9,4.6,0,8.8,2.9,,0.1
2022,3,9,5.2,6.3,0,9.7,1.8,,0.4
2022,3,10,6.4,7.4,0,9.1,1.7,,2.1
2022,3,11,5.3,11.1,0,8.9,4.2,,2.7
2022,3,12,8.7,12.2,0,9.6,3.3,,8.7
2022,3,13,9.1,16.4,0.5,1.1,4.9,,9.3
2022,3,14,12.2,12.5,4.5,1.4,4,,9.9
2022,3,15,9.7,11.7,8,5.6,5.7,,7.3
2022,3,16,8.7,10.4,0,10.2,3.4,,4.4
2022,3,17,7.8,9,0,1.9,4.7,,7.2
2022,3,18,8.1,6.5,33,0,7.6,,6
2022,3,19,8.1,6.5,14,0,3.5,,4.5
2022,3,20,6.3,6.2,4,4,2.2,,3.7
2022,3,21,6.5,6.8,0,8.9,3.1,,2.8
2022,3,22,6.4,6,0,4.1,4.5,,3.3
2022,3,23,6.1,5.7,3.5,1.2,2.3,,1
2022,3,24,8,9.2,0,6.1,3.8,,5.3
2022,3,25,7,11.5,0,9.4,2.5,,5
2022,3,26,10.6,15.7,3.5,0,6.5,,9.7
2022,3,27,10,11,0.5,5.4,3.8,,8.5
2022,3,28,5.9,9.3,2.5,8.3,5.2,,6.9
2022,3,29,6.7,9.7,0,2,2.5,,6.3
2022,3,30,8.9,14.4,0,11.4,2.8,,5.6
2022,3,31,10,9.7,14,0,4.7,,5.7
2022,4,1,5.1,6.9,0,8.5,5.1,,3.8
2022,4,2,5.4,6.7,0,11.9,3.7,,0.9
2022,4,3,7,9.7,0,8.9,3.9,,3.1
2022,4,4,9.5,11.1,0,7.7,4.6,,8.8
2022,4,5,9.4,10.7,0,10.2,2.1,,6.2
2022,4,6,9.1,12.7,0,9,3.8,,8.7
2022,4,7,9.7,13.3,5.5,9.1,4,,9.1
2022,4,8,7.1,10.6,0,11.4,3.1,,7.5
2022,4,9,6.9,16,0,12.2,3.5,,6.5
2022,4,10,8.6,18.1,0,11.6,2.6,,11.8
2022,4,11,10,18.2,0,6.6,1.9,,12
2022,4,12,11.1,19.6,0,12.2,2.4,,12.3
2022,4,13,13.9,17,0,5.5,3.8,,12.8
2022,4,14,12.4,11.9,34.5,0,6.4,,11.1
2022,4,15,,11.8,12,0.4,3.9,,9.6
2022,4,16,,10.5,6,5.4,5.1,,6.4
2022,4,17,,10.6,0,12.7,1.9,,3.8
2022,4,18,,13.3,0,4.2,1.8,,7.8
2022,4,19,9.2,12.8,0,11.7,3.2,,8.6
2022,4,20,7.2,15.7,0,12.4,2.3,,7.4
2022,4,21,11.3,16.9,15,3,2.3,,12.2
2022,4,22,13.8,16.5,2,4.8,4.6,,14.1
2022,4,23,12.9,15.7,0,0.1,4.1,,12.9
2022,4,24,12.9,16.9,0,1.4,2,,11.9
2022,4,25,15.2,19.2,0,11.4,2.3,,13
2022,4,26,18.7,20.9,15,0.1,5.4,,16.6
2022,4,27,13.8,15.4,22,0,5.7,,10.7
2022,4,28,9.2,13.7,0,12,7.4,,10
2022,4,29,10.8,10.9,38.5,0,7.2,,8.5
2022,4,30,8.8,11.8,0,11.6,4.5,,7.4
2022,5,1,11.7,11.2,27.5,0.4,1.9,,8.4
2022,5,2,9.4,12.2,0,10.1,4.2,,6.4
2022,5,3,8.8,12.5,0,11.8,2.8,,8.3
2022,5,4,6.8,17.3,0,12.8,3.7,,8.9
2022,5,5,9.4,19.3,0,13.2,2.5,,11.4
2022,5,6,9.9,19.4,0,13.3,2.5,,13.6
2022,5,7,13.1,18.4,0,9,3.7,,13.3
2022,5,8,8.6,14.6,0,10.8,5.5,,11.3
2022,5,9,9.1,14.5,0,4.7,3.6,,10.9
2022,5,10,9.4,15.7,0,12,4.9,,9.5
2022,5,11,13,18.6,0,1.2,2.2,,13.4
2022,5,12,15.5,20.4,0,3.8,2.5,,16.5
2022,5,13,18.9,19.6,13.5,1.5,3.6,,16.8
2022,5,14,16.1,16.1,16.5,0.9,3.4,,12.9
2022,5,15,10.5,14.7,0,1,2.1,,11.1
2022,5,16,11.2,15.7,0,5.3,2.1,,11.5
2022,5,17,11.9,16.7,0,3.4,1.8,,13.8
2022,5,18,9.1,19.2,0,13.2,2.3,,11.4
2022,5,19,9.4,21.2,0,9.1,4.9,,13.8
2022,5,20,9.7,21.9,0,2,3.3,,17.2
2022,5,21,13.4,20.2,0,1.3,2,,17.4
2022,5,22,15,19.6,1,10.5,3.2,,15.5
2022,5,23,15.6,18.8,0,13.2,3.7,,15.9
2022,5,24,13.3,20.2,0,13.7,3.1,,14
2022,5,25,15.3,23.2,0,13.5,2.5,,16.7
2022,5,26,16.9,22.7,0.5,4.4,2.1,,18.3
2022,5,27,17.2,20.6,27,8.3,4,,17.8
2022,5,28,13.3,21.8,0,13.1,4.9,,18.6
2022,5,29,11.9,23.1,0,13.5,4.3,,19.1
2022,5,30,14.3,23.4,0,9,2.2,,16.6
2022,5,31,17.1,19.7,1.5,3.4,5.6,,17.2
2022,6,1,13.9,19.4,0,9.1,2.1,,14
2022,6,2,14.9,21.7,0,13.4,4,,16.4
2022,6,3,17.3,20.3,0,7.7,3.5,,17.7
2022,6,4,14.6,19,0,11.2,5.2,,15.9
2022,6,5,15.7,19.3,0,7.6,6,,16.5
2022,6,6,18.3,18.1,36.5,0,5.3,,16.4
2022,6,7,16.6,17.1,6.5,2.6,4.9,,15.7
2022,6,8,15.8,17.5,10,7.7,2.6,,15
2022,6,9,15.9,19.1,0,12.6,3,,14
2022,6,10,18.5,21,0,9.5,2.7,,17.5
2022,6,11,20,20.8,0,0,4.7,,18.8
2022,6,12,15.8,19.4,0,7.6,5.4,,16.5
2022,6,13,15.1,18.9,0,9.5,6.9,,15.1
2022,6,14,18.3,19.4,3,0,2.9,,17.5
2022,6,15,20.4,20.2,8.5,0.3,2.7,,17.8
2022,6,16,21,22.8,2.5,7.7,3.5,,19.3
2022,6,17,19.6,24.3,2,11,4.6,,20.9
2022,6,18,18.8,25.3,0,4.4,1.9,,19.9
2022,6,19,22.4,25.5,0,11.7,3.5,,22.1
2022,6,20,23.8,25.5,0,10,2.9,,22.4
2022,6,21,24.4,25.5,0,4.9,3.1,,22.5
2022,6,22,25,25.1,0,7.3,2.6,,22.2
2022,6,23,24.8,28.3,0,9.9,3.2,,23.2
2022,6,24,23.7,30.1,34,2.7,8.4,,23.2
2022,6,25,24.8,27.8,4,11.7,5.1,,23
2022,6,26,22.2,29.3,0,6.7,5.6,,25.3
2022,6,27,25,29.9,0,6.3,4.8,,26.4
2022,6,28,23.8,30.3,0,12.1,3.1,,25.6
2022,6,29,23.3,30.1,0,13.4,3.6,,25.5
2022,6,30,23.9,29.7,0,13.2,3.3,,26.6
2022,7,1,23.9,28.4,0,14.1,2.8,,24.7
2022,7,2,26.1,28.3,0,13.8,2.8,,24.2
2022,7,3,26.9,27.8,0.5,1.6,2.5,,25.9
2022,7,4,27.4,27.7,35,3.9,2.5,,24.2
2022,7,5,26.6,27.5,0,2.6,3.2,,25
2022,7,6,27.7,27.8,0,9.1,3.8,,24.8
2022,7,7,25.7,26.1,0,8.3,3.1,,23
2022,7,8,25.7,27.2,0,9.7,2.4,,23.7
2022,7,9,25.3,26.8,7,5.9,2.8,,24
2022,7,10,28.2,26.5,3,2.7,2.1,,23.5
2022,7,11,27.4,28.2,0,7.8,2.1,,24.2
2022,7,12,27.9,26.6,7.5,2.8,3.9,,23.9
2022,7,13,26.2,26.2,8.5,5.2,3.4,,23.7
2022,7,14,26.7,25.5,16,0.6,2.3,,23.5
2022,7,15,26.6,25.9,24,3.7,3.2,,22.6
2022,7,16,25,26.5,2.5,7.9,3.3,,23
2022,7,17,26.6,25.9,3.5,7.6,3.6,,23
2022,7,18,24.5,27.1,0,3.3,3.5,,24
2022,7,19,28.5,26.5,33,0.7,5.7,,23.5
2022,7,20,26.7,26.1,0.5,5.6,3.1,,24.4
2022,7,21,26.6,25.5,17.5,2.1,1.9,,23.2
2022,7,22,27.1,25.4,19,3,6.8,,23
2022,7,23,24.9,24.3,8.5,6.8,3.8,,22.1
2022,7,24,24.5,26.1,0,10.6,2.6,,21.6
2022,7,25,26.9,28.2,0,3.8,2.4,,25.6
2022,7,26,28.7,27.9,0,8.9,2.9,,25.6
2022,7,27,29.9,28.4,0,5.2,2.7,,26.2
2022,7,28,30.4,29.7,0,10.4,3.4,,26.5
2022,7,29,29.3,30,0,12.2,3.3,,26.2
2022,7,30,28,30.8,0,13.2,3.1,,26.8
2022,7,31,27.4,31.5,0,13.6,3,,27.1
2022,8,1,28.5,31.6,0,12.3,2.3,,27.8
2022,8,2,27.9,30.9,0,12.1,2.7,,28.3
2022,8,3,28.7,29,21.5,2,4.7,,26
2022,8,4,28,24.4,112.5,0.1,3.4,,22.7
2022,8,5,28.8,27.4,0,11.3,2.6,,23.2
2022,8,6,28.2,29.2,0,11.1,2.5,,25.2
2022,8,7,28.4,30.1,0,10.4,2.4,,26.1
2022,8,8,29,30.9,0,9.9,3.8,,26.9
2022,8,9,27.9,31.1,0,8.3,4.9,,28.6
2022,8,10,28.2,30.8,0,1.8,3.6,,26.8
2022,8,11,28.2,31.1,0,7.9,3.2,,26.6
2022,8,12,28.7,31,0,6.5,3.5,,28.2
2022,8,13,30.7,29.3,0,6,2.9,,26.8
2022,8,14,28.5,27.1,31.5,0.4,5,,25.1
2022,8,15,28.8,29.6,6.5,4.7,3.9,,25.3
2022,8,16,27.3,28.5,38,1.9,6.6,,24.2
2022,8,17,26.6,24.4,9.5,0,2.2,,22.9
2022,8,18,26.6,26.1,12.5,5.5,4.5,,23.8
2022,8,19,23.7,26.7,0,12.2,2.9,,22.1
2022,8,20,29.1,26.6,83,0,3.9,,25.3
2022,8,21,27.7,26.1,9,6.6,4.9,,23.5
2022,8,22,29.4,29.1,0,9.4,2.4,,24.3
2022,8,23,29.3,29.8,0,6.3,3.3,,27.9
2022,8,24,23.8,25.4,0,3.4,5.4,,22.5
2022,8,25,26.3,24.2,6.5,0.3,3,,23.3
2022,8,26,26.8,25.4,3.5,2.1,1.9,,23.1
2022,8,27,25.2,26.3,0,2.9,2.5,,23.7
2022,8,28,20.3,23.3,15,6.6,4.7,,20.2
2022,8,29,20,24.7,0,9.9,3.9,,18.9
2022,8,30,26,25.9,20,1.3,2.2,,23.7
2022,8,31,28.4,28.6,13.5,7.8,3.9,,23.8
2022,9,1,29,24.9,89.5,0,2.6,,23.8
2022,9,2,24.8,24.5,2,0.2,5,,23.2
2022,9,3,26.6,24.6,3,2.3,4.1,,23.1
2022,9,4,27.1,27.2,0,10.6,3.4,,22.7
2022,9,5,26,29.1,0,11.3,2.7,,24.5
2022,9,6,24.1,28.2,7.5,9.3,4.4,,22.1
2022,9,7,24.1,24,1.5,1.3,3.5,,21
2022,9,8,23.6,24.6,0,0,4.5,,22.9
2022,9,9,25.1,24.2,2.5,0.7,3.8,,22.4
2022,9,10,25,25.5,0,10,4.5,,21.9
2022,9,11,27,27,0,11.4,2.2,,23.7
2022,9,12,27.6,26.8,0,7,2.1,,24.2
2022,9,13,28.6,27.2,0,7.8,3.9,,25
2022,9,14,25.5,26.5,0,8.6,6,,24.5
2022,9,15,26.1,26.5,0,8.4,3.6,,24.1
2022,9,16,26.9,26.5,0,7.4,2.7,,23.7
2022,9,17,24.7,27.9,0,10.3,3.3,,23.1
2022,9,18,27.3,28.5,0,4.7,3.3,,25.1
2022,9,19,25,29.9,15,0.6,5,,24.5
2022,9,20,17.3,19.4,57,0.3,5.9,,17.1
2022,9,21,14.9,18.5,0,4.3,4.6,,16.3
2022,9,22,18.1,20.3,1.5,0,3.4,,17.2
2022,9,23,24.5,22.2,7.5,0,2.6,,20.4
2022,9,24,20.5,21.9,3.5,4.2,2.6,,18.3
2022,9,25,17.5,21.3,0,9.4,3.4,,15.3
2022,9,26,20.8,23.8,0,6.2,2.5,,20.5
2022,9,27,21.7,21.2,8.5,0,3.5,,18.6
2022,9,28,19.7,20,0,1.1,3.8,,18.3
2022,9,29,17.5,21,0,11.2,2.8,,16
2022,9,30,17.5,21.1,0,11.4,2.3,,15.7
2022,10,1,19.3,22.4,0,11.3,2,,17.6
2022,10,2,19,22.8,0,10.4,2.2,,17.4
2022,10,3,18,24.4,0,0.8,2.5,,20.5
2022,10,4,19.5,25.3,23.5,2.1,6.2,,18.2
2022,10,5,15.2,16.9,9.5,0.6,5.1,,14.1
2022,10,6,12.9,16.2,0,2.4,4.1,,14
2022,10,7,15,15.9,26.5,0,3.7,,13.3
2022,10,8,14.6,16.7,1,0.7,4.1,,14.9
2022,10,9,15.5,16.6,8,1.1,2.8,,13.1
2022,10,10,17.3,17.2,46.5,0,5.3,,15.9
2022,10,11,13.2,17.2,0,3.3,5.7,,14.7
2022,10,12,14.1,16.8,0,0.1,4,,14.5
2022,10,13,14.4,18,0,9.3,5.4,,14.2
2022,10,14,16.5,18.9,0,8.8,2.8,,13.3
2022,10,15,18.1,19.7,0,3,2.9,,16.4
2022,10,16,18.1,20.8,0,10.3,2,,16.1
2022,10,17,19.2,19.3,15,0,3.4,,15.5
2022,10,18,12.1,14.5,0,0.8,4.2,,11.1
2022,10,19,9.2,13.8,0,10.8,4.1,,9.2
2022,10,20,9.8,14.5,0,10.8,2.2,,8.6
2022,10,21,11.3,16.9,0,10.6,2.9,,10.5
2022,10,22,14.8,19.6,0,0,4,,14.3
2022,10,23,14.8,17.4,9,5.2,5,,12.9
2022,10,24,11.2,13.6,3.5,7.2,4.1,,12
2022,10,25,10.1,12.3,0.5,5.4,4.2,,9.2
2022,10,26,9.4,13,0,9.9,3.1,,7.9
2022,10,27,9.9,13.7,0,8.4,1.9,,8.2
2022,10,28,11.8,15.7,0,9.6,2.5,,11.7
2022,10,29,10.4,13.9,0,5.6,2.1,,11.2
2022,10,30,9.9,14,0,6.1,3.3,,10.4
2022,10,31,10.6,14.7,0,10.2,3.6,,8.9
2022,11,1,13.6,15,1.5,0,1.8,,13.7
2022,11,2,14.5,16.5,0,7.4,2,,12.4
2022,11,3,13,16.8,0,9.5,4.4,,11
2022,11,4,11.2,11.4,2.5,0.5,4.7,,8.3
2022,11,5,9.3,10.9,0,3.6,3.4,,7.6
2022,11,6,8.5,12,0,9.1,2,,6.8
2022,11,7,9,12.9,0,9.3,2.3,,7.6
2022,11,8,11,13.6,4,3.9,2.9,,9.7
2022,11,9,9.1,13.4,0,9.6,1.7,,8.7
2022,11,10,10.1,14.5,0,9.8,2.7,,8.7
2022,11,11,12.3,15.9,0,9.3,2.8,,11.5
2022,11,12,11.5,16.9,0,9.8,1.6,,10.9
2022,11,13,13.9,16,20.5,0.1,4.6,,11.9
2022,11,14,9.9,12.4,0,1.2,3.2,,10
2022,11,15,9.8,12.3,6.5,5.7,3.5,,8.7
2022,11,16,9.6,11.2,8.5,4.9,3.6,,9
2022,11,17,10.5,11.5,3.5,3.9,2.4,,9.2
2022,11,18,9.1,12.7,0,9.6,2.9,,7.2
2022,11,19,10,12.7,0,8.2,4.4,,8.7
2022,11,20,12.4,13.1,10,0,2.9,,10.6
2022,11,21,13.6,14.7,3,6,2.4,,11.9
2022,11,22,12.1,13.6,3,1.2,4.3,,10.8
2022,11,23,12.5,12.3,35,0,4.3,,11.1
2022,11,24,11.3,14,3.5,1.7,4.1,,9.8
2022,11,25,9.3,11.8,0,9.4,2.2,,7
2022,11,26,11.7,15.6,0.5,6.3,5.1,,9.4
2022,11,27,9.1,11.9,0,7.5,3.6,,8.3
2022,11,28,10.3,13.1,0,6.3,2.9,,7.9
2022,11,29,15.4,17.7,11,0.4,4.3,,11.3
2022,11,30,11.7,11.5,13,0.5,4.2,,6.5
2022,12,1,8.4,7.1,22.5,0,3.6,,5.4
2022,12,2,7.5,5.6,12,1.5,2.9,,4.5
2022,12,3,6.6,9.3,0,8,5.3,,3.8
2022,12,4,9.6,9.7,16.5,0.1,4.4,,5.9
2022,12,5,8.7,7.5,2,0.5,4.4,,5.5
2022,12,6,8.1,9.3,4,0.7,7.1,,6.8
2022,12,7,8.1,7.8,29,1.5,6.6,,5.4
2022,12,8,8.5,9.5,2,2.8,4.7,,6
2022,12,9,8.1,10,2.5,6.2,3.8,,5.6
2022,12,10,8.9,10.7,0,8.7,2.6,,5.9
2022,12,11,8.5,8.1,16.5,0.3,4.7,,6.4
2022,12,12,6.7,7.6,0,8.1,3,,4.3
2022,12,13,8.9,10.4,8,0.6,7.4,,6.3
2022,12,14,6.6,5.8,13.5,1.2,10,,3.1
2022,12,15,6.6,4.5,18,0.4,7,,2
2022,12,16,7.5,4.9,35,0,4.8,,3.2
2022,12,17,7,5,25.5,1.5,5.7,,2.3
2022,12,18,5.4,3,,0.8,10.5,,0.4
2022,12,19,6,2.1,,0.3,7,,0.3
2022,12,20,6.7,3.4,,2.1,3.7,,1.4
2022,12,21,6.6,5,0,2,1.9,,1.6
2022,12,22,7.6,6,23,0,6.4,,2.2
2022,12,23,5.4,-0.3,56.5,0.1,12.5,,-1.9
2022,12,24,6.7,4.2,22,0.5,6.6,,2.1
2022,12,25,6.1,5.3,2,0.9,5.4,,3
2022,12,26,6.1,4.1,5.5,0.1,4.9,,1.9
2022,12,27,6.9,4.1,2.5,0.1,2.9,,1.8
2022,12,28,6.6,6.3,4.5,1.7,5.2,,1.7
2022,12,29,7.1,5.5,11.5,0.5,5.4,,3.4
2022,12,30,7,3.6,13.5,1,2.6,,2
2022,12,31,7.2,4.6,11,0.4,3,,2.3
2023,1,1,7.6,6.5,18.5,1.2,6.2,,4.9
2023,1,2,6.5,3.6,4.5,0,3.7,,2
2023,1,3,6.3,2.9,3,3.6,2.6,,1
2023,1,4,6.2,2.2,7,1,3,,1.1
2023,1,5,6.2,2.9,6,1.2,2.7,,1
2023,1,6,6.6,4.6,2.5,4.3,2.1,,1.5
2023,1,7,7.1,6,0,2.9,3.5,,4.2
2023,1,8,7.6,6.7,2,4.9,3,,4.1
2023,1,9,7.9,8.1,13.5,0.6,6.3,,4.8
2023,1,10,5.1,4.2,1,0.8,4.8,,1.9
2023,1,11,5.2,5,0,9.4,2.5,,1.1
2023,1,12,6.3,7.6,0,8.9,3.3,,0.7
2023,1,13,8,10.7,2.5,3.5,2.7,,3.6
2023,1,14,12.2,13.5,4.5,0,5.3,,8.5
2023,1,15,9.1,7.4,0,0,4,,6.5
2023,1,16,7.1,4.7,4,0,4.9,,3
2023,1,17,4.9,4.1,0,4.5,3.5,,2.2
2023,1,18,7,4.6,11,0.5,3.5,,2.4
2023,1,19,7,4.9,3,3.1,3.3,,0.6
2023,1,20,6.6,6.3,9,0.9,7.5,,2.4
2023,1,21,4.6,2,1.5,1.6,3.6,,0.1
2023,1,22,5.5,4.6,1,5.3,3.1,,1
2023,1,23,7.2,6.7,6.5,4.4,3.5,,4.1
2023,1,24,5.6,0.7,27.5,0.2,7.3,,-4.5
2023,1,25,3.8,-2.3,5,1.2,6.4,,-5.1
2023,1,26,5.8,0.8,11,0.1,5.5,,-3.2
2023,1,27,6,0.7,16.5,0,3.8,,-0.4
2023,1,28,5,-0.6,9,2.7,3.2,,-1.9
2023,1,29,5.6,0.8,11.5,4.4,4,,-1.7
2023,1,30,5.4,2.2,14.5,0.4,5.9,,0.5
2023,1,31,4.5,2.7,1,8.4,3.3,,-0.7
2023,2,1,6,6.4,6.5,5.1,8,,4.2
2023,2,2,4.8,3.2,0,3.2,3.8,,1.4
2023,2,3,5.1,2.7,0,0.3,4.5,,0.4
2023,2,4,6.5,4.2,7.5,0.6,5,,0.9
2023,2,5,6.2,4.7,0.5,9,2.8,,1.6
2023,2,6,6.3,6.5,0,5.8,3,,1
2023,2,7,6.9,7.9,0,7.9,2.9,,4.3
2023,2,8,7.1,5.9,2.5,1.3,2.6,,3.1
2023,2,9,4.4,4,0,6.8,4.8,,2.4
2023,2,10,6.3,3.4,17.5,0,4.4,,2.1
2023,2,11,7.4,6.6,0,6.4,3.2,,2.9
2023,2,12,7.6,7.2,0,4.6,1.7,,1.8
2023,2,13,8.1,6,8,0,4.2,,3.9
2023,2,14,5.3,1.9,4.5,0.6,4.8,,0
2023,2,15,5,-0.8,16.5,1.3,3,,-2.1
2023,2,16,4.9,1.6,0,0.1,1.7,,-0.9
2023,2,17,5.2,5.6,0,7.9,4.3,,0.9
2023,2,18,8.3,7.2,5,0,2.1,,2
2023,2,19,10.8,10.4,24.5,0,6.2,,7.8
2023,2,20,6.4,3.6,10.5,0.5,4.3,,0.6
2023,2,21,5.2,0.5,8.5,2.1,4.2,,-1
2023,2,22,4.9,2.5,0,7.3,2.2,,-0.2
2023,2,23,6.8,6.6,0,3.7,3.6,,0.8
2023,2,24,7.9,7.9,0,0.3,4,,4.9
2023,2,25,4.9,3.7,2,2.8,5.4,,0.1
2023,2,26,5.6,3,0.5,1.4,3.1,,0.9
2023,2,27,5.6,5.3,0,10.9,2.1,,0.5
2023,2,28,5.8,9.2,0,11,4.6,,0.1
2023,3,1,7.9,12.9,14,4.9,6.1,,7.9
2023,3,2,6.9,5.8,18,1.2,5.7,,2.9
2023,3,3,5.4,6.1,0,7.3,3.3,,3
2023,3,4,6.6,7.1,0,5,3.8,,3.4
2023,3,5,6.3,6.5,0,9.3,4,,1.9
2023,3,6,7.3,7.6,0,10.9,2.1,,2.5
2023,3,7,6.7,9.8,0,10.3,3.3,,2.9
2023,3,8,6.3,13.1,0,8.8,4.2,,5.3
2023,3,9,8.4,13.6,0,7.3,2.4,,7.2
2023,3,10,11.2,12.2,15.5,4.5,4.1,,8.8
2023,3,11,9.4,12.2,0,10.4,3.1,,5.5
2023,3,12,8.8,15.8,0,6.2,3.7,,8
2023,3,13,7.8,7.9,23.5,0,6.5,,4.7
2023,3,14,6.2,7.6,0,11,2.5,,3.4
2023,3,15,6.6,12.1,0,11.4,2.5,,3.8
2023,3,16,9.1,11.2,3.5,2.1,3.8,,7.2
2023,3,17,7.8,8.1,0,0.9,4.9,,6.2
2023,3,18,8.1,7,7.5,0,4.3,,3.7
2023,3,19,6.1,7.3,0,11.7,1.8,,1.9
2023,3,20,5.8,10.6,0,11.4,2.1,,2.4
2023,3,21,9,13.4,0,5,2.4,,6.6
2023,3,22,11.6,17.1,0,11.4,3.6,,12.6
2023,3,23,14,15.4,9.5,0,2.9,,11.5
2023,3,24,13.3,12.5,12.5,0,5.3,,10.2
2023,3,25,9.7,10.9,0,0.7,4.7,,9.3
2023,3,26,10.6,9.1,27.5,0,3.3,,8.6
2023,3,27,8.6,9.5,0,7.2,4.3,,6.7
2023,3,28,7.2,9.7,0,11.4,4.4,,4.1
2023,3,29,7,9.7,0,11.4,3.1,,4.3
2023,3,30,6.5,11.1,0,11.3,1.6,,5.1
2023,3,31,8,13.9,0,10.6,2.4,,8.1
2023,4,1,8.9,12.9,0,11.8,5.6,,8.7
2023,4,2,8.8,11.7,0,11.9,7.6,,9
2023,4,3,9.8,12.1,0,10.1,4.9,,9.3
2023,4,4,9.1,12.6,0,11.5,2.4,,6.6
2023,4,5,11,15.5,0,0,1.8,,11.8
2023,4,6,13.8,19.4,3.5,0.2,5.2,,13.2
2023,4,7,14.9,14,49,0,3.2,,11.5
2023,4,8,8.1,10.3,9,5,6.1,,6.1
2023,4,9,5.8,10.4,0,11.3,2.9,,6.7
2023,4,10,7.6,13.6,0,12,3.1,,6
2023,4,11,10.1,18,0,10.7,4.2,,9
2023,4,12,10,14.3,17.5,4.7,5.8,,9.5
2023,4,13,7.1,13.4,0,11.7,2.9,,6.9
2023,4,14,8.2,16.4,0,6.5,2.5,,10.1
2023,4,15,13.2,14.3,11.5,0,3,,12.7
2023,4,16,11.8,13.7,5.5,5.8,6.1,,11.5
2023,4,17,8.7,11.5,0,3.2,3.6,,9.7
2023,4,18,9.7,10.2,5.5,0.4,2.6,,7.5
2023,4,19,15.1,16.4,0.5,4,3.6,,11.6
2023,4,20,15.4,19,0,9,3.1,,11.8
2023,4,21,11,14.9,0,0.1,4.5,,10.1
2023,4,22,5.9,11.4,0,12.3,5.7,,7.9
2023,4,23,6.5,11.5,0,11.3,5.7,,6.5
2023,4,24,5.5,11,0,3.7,4.6,,8.1
2023,4,25,7.8,11.3,2.5,3.9,3.8,,7.1
2023,4,26,12.2,11.3,26.5,0,2.5,,10.1
2023,4,27,10.8,13.1,3,11.4,2.9,,8
2023,4,28,9.8,16.8,0,12.4,2,,8.9
2023,4,29,12.2,19,3.5,6.1,3.1,,11.1
2023,4,30,13.3,16,34,4.4,6.2,,12.8
2023,5,1,9,15,0,8.4,4.2,,10.7
2023,5,2,9.9,14.6,0,12.9,2.5,,10.9
2023,5,3,9,16.8,0,11.8,2.5,,8.8
2023,5,4,11.7,18.9,0,12.7,2.5,,12.7
2023,5,5,12.9,20.5,0,8.6,2,,14.3
2023,5,6,16.2,23.6,12,0,5.8,,17.5
2023,5,7,15.6,14.5,102,0,5.5,,12.8
2023,5,8,11.7,13.3,33,3.2,5.2,,10.9
2023,5,9,10.6,14.3,0,12.4,2.4,,8.2
2023,5,10,11.4,16,0,12.3,3.2,,10.5
2023,5,11,10.1,15.3,0,13.4,5,,11.4
2023,5,12,8.7,15.2,0,12.6,3.7,,8.3
2023,5,13,13.2,17.4,1,4.9,2.4,,12.8
2023,5,14,15.5,16.5,2.5,2.3,2.9,,14.7
2023,5,15,15.1,18.7,0,9.9,3,,15.6
2023,5,16,11.4,20.2,0,12.9,2.1,,13.2
2023,5,17,13.8,22.8,0,12.8,3.9,,16.4
2023,5,18,13.7,23.6,0,9.6,2.1,,17.3
2023,5,19,17.7,18.9,9,1,4.2,,17.5
2023,5,20,17.5,18.3,0,3.5,4.1,,16.6
2023,5,21,17.4,21,0,12.1,4.4,,16.7
2023,5,22,16.4,18.5,0.5,0.7,3.3,,15.3
2023,5,23,13.6,16.5,1,8.7,4.4,,14.1
2023,5,24,11.5,15.9,0,12.8,4.4,,11.5
2023,5,25,12.3,18.5,0,3.3,2.6,,11.9
2023,5,26,14.3,20.7,0,0.9,2.5,,16.3
2023,5,27,16.1,22.4,0,10.8,2.4,,18.4
2023,5,28,17.7,22.5,0,2.9,3,,19.5
2023,5,29,21.9,19.9,70,0,3.9,,18.2
2023,5,30,18.1,19.2,0,6.1,3.7,,17.2
2023,5,31,12.7,19.6,0,10.5,5.8,,16.8
2023,6,1,16.3,21,15.5,8.5,2.2,,15
2023,6,2,22.8,20.4,80.5,0,3.3,,18.7
2023,6,3,16.3,19.2,0,9.6,4.1,,17.4
2023,6,4,13.7,21,0,13.1,5.4,,15
2023,6,5,12.4,22.6,0,13.9,4.2,,18.3
2023,6,6,14.8,22.1,0,3.8,3.2,,17.6
2023,6,7,17.8,21.2,0,12,2.4,,17.7
2023,6,8,18.9,21.5,9,0.7,2.4,,17.6
2023,6,9,20.2,20.5,20.5,5.3,4.2,,18.1
2023,6,10,19.9,22.6,0,6,3.1,,18.4
2023,6,11,22.4,21.9,4.5,1.2,2.7,,20.5
2023,6,12,22.5,22.7,0,0.3,2,,20.7
2023,6,13,23.1,23.3,0,6.6,2.2,,20.7
2023,6,14,24.1,23.2,4,0.2,2.3,,21.4
2023,6,15,22.2,22.6,1,0.1,3.4,,20.6
2023,6,16,19.9,20.7,64,7.4,4.6,,17.3
2023,6,17,18.3,23.3,0,13.6,2.7,,18
2023,6,18,16.9,24.5,0,10.4,2.6,,19.4
2023,6,19,18.3,22.4,0,11.3,5.3,,19.2
2023,6,20,17.2,22.7,0,11.3,4.9,,17.5
2023,6,21,17.8,25,0.5,3.7,2,,20
2023,6,22,21.4,20.7,29.5,0,2.3,,18.8
2023,6,23,22,22.9,0,8.2,4,,19.5
2023,6,24,21.9,23.3,0,6.9,3.3,,21
2023,6,25,22.2,23.5,0,8,2.5,,20.6
2023,6,26,22.8,25.1,0.5,8.2,2.8,,21.1
2023,6,27,26.4,27.6,17,4.6,3.6,,22.9
2023,6,28,26.9,26.7,2.5,4.2,3.5,,23.9
2023,6,29,26.1,26.7,0.5,6.7,5.1,,23
2023,6,30,26.7,26.9,6,0.6,6.3,,24.1
2023,7,1,27.7,23.7,14,0,2.6,,22.6
2023,7,2,25,24.9,1,5.6,3.7,,22.1
2023,7,3,25,25,0,8.4,3.3,,22.6
2023,7,4,23.5,25.2,0,11.6,4.8,,21.7
2023,7,5,22.9,25.2,6,0,2.5,,21.2
2023,7,6,23.6,27.3,0,9.9,4.7,,23.2
2023,7,7,19.5,28.8,2,6.4,2.7,,22.7
2023,7,8,27.1,25.9,66.5,0,5.7,,21.9
2023,7,9,29.2,26.1,1.5,0.7,3.2,,23.6
2023,7,10,28.2,28.9,0,2.4,4.4,,25.6
2023,7,11,26.8,28.6,11,2.8,4.5,,24.1
2023,7,12,27.1,26.7,49.5,2.7,5.7,,23.7
2023,7,13,26.6,26.2,25,4.5,4.9,,23.5
2023,7,14,27,28.3,15.5,0,4,,23.4
2023,7,15,24,31.3,0.5,3.3,6.8,,24
2023,7,16,27,31.2,0,11.5,4.2,,28
2023,7,17,26.8,29.6,0,13.2,2.4,,26.1
2023,7,18,26.9,28.8,0,7.2,2.4,,26
2023,7,19,27.9,26,10,0.3,3.4,,22.9
2023,7,20,25.3,25.7,0,8.5,3.1,,23.1
2023,7,21,25.4,26.1,0,9.1,3.9,,23
2023,7,22,26.4,28.1,0,13.3,2.9,,23.7
2023,7,23,25.5,29.4,0,12.7,2.6,,25.3
2023,7,24,24.3,30,0,13.4,2.4,,25
2023,7,25,26.2,29.8,0,13,2.7,,26.3
2023,7,26,28.5,30,0,13.2,2.5,,26.8
2023,7,27,29.8,30,0,13.5,2.6,,27
2023,7,28,29,30.4,0,13.3,3,,26.9
2023,7,29,29.2,30.8,0,11.4,2.6,,27.5
2023,7,30,25.7,30.8,0,13.5,2.7,,27.4
2023,7,31,28.2,30.3,0,6.4,2.5,,27.2
2023,8,1,27.8,30.9,0,10.6,2.4,,27.7
2023,8,2,27,30.8,0,8.7,2.8,,27.4
2023,8,3,26.4,31.9,0,11.2,3.1,,27.8
2023,8,4,26.9,31.6,0,13.1,2.6,,27.5
2023,8,5,28.4,31.4,0,13.3,2.9,,27.6
2023,8,6,29.6,31.3,0.5,11.6,3.8,,27.2
2023,8,7,30.1,29.7,18,3.5,2.6,,26.6
2023,8,8,29.2,30.7,0,4.6,2.4,,27.2
2023,8,9,31.8,31.3,1,6.3,2.1,,27.9
2023,8,10,26.5,32.5,0,13.4,3.2,,28.4
2023,8,11,26.7,30.8,0,12.6,3,,26.7
2023,8,12,29.8,29.9,0,12.8,2.8,,26.5
2023,8,13,29.3,29.8,0,11,3.1,,26.5
2023,8,14,31.8,30.1,0,4.8,3.2,,27
2023,8,15,29.2,30.5,2.5,0.9,4.6,,28.1
2023,8,16,28.8,29.2,9,4.6,6.8,,25.5
2023,8,17,31.3,28.8,7.5,3.8,2.1,,26.4
2023,8,18,27.9,29.8,0,3.4,2.2,,26.1
2023,8,19,30.1,30.4,0,10.1,2.5,,26.9
2023,8,20,31.9,30.1,0,11.4,2.6,,27.2
2023,8,21,31.3,30.5,0,12.5,3,,26.8
2023,8,22,31.4,31.1,0,11.2,3,,28
2023,8,23,31.2,30.8,1.5,7.4,2.6,,28.2
2023,8,24,30.4,30,0,6.5,2.3,,27.5
2023,8,25,29.1,30.6,0,9.9,2.3,,26.7
2023,8,26,27.7,29.9,0,11.7,2.9,,26.7
2023,8,27,27.7,29,0,8.3,2.7,,25.4
2023,8,28,28.3,29.2,0,11,2.7,,25.6
2023,8,29,28.3,30.1,0,12.4,2.7,,26.2
2023,8,30,24.7,30.2,0,4.6,2,,26.2
2023,8,31,23.7,31.1,0,4.3,1.8,,27.1
2023,9,1,24.3,29.5,0,3.1,2,,25.9
2023,9,2,25.4,28.5,0,3.1,2.5,,26.1
2023,9,3,27.1,28.9,0,10.9,4,,24.6
2023,9,4,30.1,29.6,0,4.1,3.1,,26.4
2023,9,5,30.5,28.8,1,3.9,3.1,,26.7
2023,9,6,26.8,25.4,6.5,1.8,2.9,,23.3
2023,9,7,24.4,25.9,0,9.2,5.1,,21.8
2023,9,8,25.7,26.9,0,1.7,3.2,,24
2023,9,9,26.2,27.3,0,7.7,3.5,,24.1
2023,9,10,27.8,27.8,0,7.5,2.1,,24.5
2023,9,11,27.7,28.3,0,4.6,1.9,,25.4
2023,9,12,26.6,26.8,5.5,5,2.2,,24.3
2023,9,13,27.1,27.6,0,6.7,2.9,,23.7
2023,9,14,26.1,27.8,0,2.8,2.4,,24.5
2023,9,15,28.7,27,1,4.4,2.3,,24.6
2023,9,16,28.5,28.7,0,10.6,2.5,,25.2
2023,9,17,27.8,29.4,0,11.6,2.1,,25.3
2023,9,18,29.7,28,21.5,5.9,2.6,,23.6
2023,9,19,26.7,28.3,0,8.6,3.9,,25
2023,9,20,25.7,26.6,4.5,3.8,3,,23.2
2023,9,21,25.8,26.6,17.5,0.5,4.9,,22.7
2023,9,22,22.7,23.7,0.5,0.1,3.2,,21.3
2023,9,23,18.7,22.5,0,5.7,4.3,,19.2
2023,9,24,17.2,23,0,11.3,5,,18.2
2023,9,25,20.6,24.1,0,4.6,2.1,,19.5
2023,9,26,22.1,24.2,1,0,2.1,,22.3
2023,9,27,24.6,24.3,3.5,0,4.1,,22.2
2023,9,28,26.2,23.6,33,0,4.9,,22.4
2023,9,29,22.8,24.1,0,10.7,2.5,,20.3
2023,9,30,21.4,23.6,12.5,2.9,3.3,,19.3
2023,10,1,20.3,22.3,7.5,3.8,3.8,,19.1
2023,10,2,13.7,20.8,0.5,10.4,3,,17.2
2023,10,3,13.4,20.6,0,6.8,4.2,,16
2023,10,4,18.1,22.2,1,4.7,3.9,,18
2023,10,5,14.3,19.8,10,1.8,6.5,,15.4
2023,10,6,11.5,19,0,5.2,4.8,,15.8
2023,10,7,11.9,18.1,0,6.1,3,,15.2
2023,10,8,13.8,17.6,2.5,0.2,3.5,,13.6
2023,10,9,18.4,17.8,8.5,0,1.9,,15.4
2023,10,10,18,19,9,2.4,3.5,,15.7
2023,10,11,13,17.6,0,7,3.1,,13.2
2023,10,12,12.9,17.4,0,9.6,2.8,,12.5
2023,10,13,12,17.1,0,10.1,2.9,,12.6
2023,10,14,13.6,17.8,1,6.9,1.8,,13.1
2023,10,15,16.1,17.1,21,1.3,4,,15.6
2023,10,16,16.2,19,1,5.9,3.7,,15.3
2023,10,17,12.8,17.6,0,10.2,2,,13.4
2023,10,18,12.2,18,0,10.4,1.6,,13
2023,10,19,13.3,20.5,0,8.8,4.3,,15.6
2023,10,20,14.2,18.6,41.5,2,6.7,,14.5
2023,10,21,11.1,13,17.5,0.6,4.5,,9.9
2023,10,22,9.8,14.2,0.5,10.2,3.4,,9.4
2023,10,23,13.3,17.1,0,5.9,2.5,,12.9
2023,10,24,13.3,18,0,9.4,2.4,,12.3
2023,10,25,13.2,17.1,0,6.2,2.1,,13.7
2023,10,26,12.6,17.3,0,9.7,2.5,,12.7
2023,10,27,12.7,16.8,0.5,5.5,3.3,,14
2023,10,28,13.4,14.8,38.5,0.2,3.7,,12.2
2023,10,29,12.4,13.8,13,5.3,2.6,,11
2023,10,30,12,14.8,0,4.9,2.3,,10.5
2023,10,31,12.6,16.3,0,8.5,2.4,,10.8
2023,11,1,12.3,16.8,0,10.1,3.1,,11.1
2023,11,2,15.8,20,0,7.8,4.8,,13.7
2023,11,3,12,19.9,0,9.9,2.5,,13.9
2023,11,4,14.9,18.7,0,2.8,2.2,,13.4
2023,11,5,17.7,19.6,1,9.3,4.7,,16.8
2023,11,6,16,22,0.5,0.7,3.8,,15.9
2023,11,7,13.1,18.1,42,0.8,7.6,,16.2
2023,11,8,11.8,15.5,0,8.1,3.7,,12.3
2023,11,9,12.1,17.6,0,9.3,2.8,,11.3
2023,11,10,15,15.8,33,0,3.6,,10.2
2023,11,11,8.6,10.3,1,1.7,5.6,,8.7
2023,11,12,9.5,9.8,42,0.4,5,,6.5
2023,11,13,8,7.8,10.5,1.3,3.9,,6.5
2023,11,14,9.8,9.7,6.5,3.4,2.3,,6.8
2023,11,15,9.9,11,5,1.4,2.9,,7.1
2023,11,16,10.1,13,0,5.5,2.3,,7.5
2023,11,17,11.2,11.6,44.5,0,5,,8.9
2023,11,18,8,8,40,0,8.8,,4.2
2023,11,19,10.4,12.1,10.5,0.5,7.2,,10.1
2023,11,20,8.7,10.9,9.5,1.4,5.3,,6.3
2023,11,21,7.7,9.4,0,9.6,1.7,,4.6
2023,11,22,9.4,12.2,0,9.7,2.5,,5.5
2023,11,23,10,16.5,0,6.6,5.4,,8.5
2023,11,24,10.3,12.3,37,0.6,7.1,,5.4
2023,11,25,7.7,6,10,1.9,4.2,,4.2
2023,11,26,8.2,8.6,1,8.1,3.4,,2.3
2023,11,27,10.5,13.8,0,3.3,3.7,,9.8
2023,11,28,9.3,11.8,25,0.6,8.4,,8.6
2023,11,29,8.1,9.2,9.5,0.1,7.1,,6.7
2023,11,30,7.7,6.7,16,1.2,6.2,,4.4
2023,12,1,7.5,5.6,12.5,1,3.8,,3.7
2023,12,2,7.8,6.4,1,3,3.1,,4.5
2023,12,3,7.7,7.9,20.5,0.9,6.3,,5.9
2023,12,4,6.9,8.5,0,8.3,2.2,,4.9
2023,12,5,6.6,7.8,0,0.1,1.9,,4.2
2023,12,6,7.5,10.7,0,8.2,2.1,,4.7
2023,12,7,7.9,11.4,9,0.8,7.8,,8.3
2023,12,8,8,11.5,0,8,3,,6.6
2023,12,9,8.9,12.9,0,8.3,4,,4.6
2023,12,10,11.5,13.6,0,3.5,4.4,,10.6
2023,12,11,9.1,9.9,5,0.2,5.8,,8.4
2023,12,12,11,9.8,17.5,0,5.1,,8
2023,12,13,7.4,8.4,0,7.1,3.6,,6.4
2023,12,14,7.4,8.9,0,4.9,4.4,,3.9
2023,12,15,12.7,15,22.5,0,6.1,,8.5
2023,12,16,12.9,13.5,33.5,0.4,8.2,,7.2
2023,12,17,5.5,4.6,6,0.5,10.1,,1.1
2023,12,18,6.7,3.1,10.5,0,3.5,,1.6
2023,12,19,7.2,5.7,1,0.2,3.3,,3.1
2023,12,20,7.8,5.8,38.5,0,5.4,,3.6
2023,12,21,6.2,3.1,34.5,1.2,8.7,,0
2023,12,22,5.9,1.1,44.5,0,5,,-0.3
2023,12,23,6.3,2,12.5,0.7,3.2,,0.1
2023,12,24,6.7,3.7,18,0.7,4.5,,1.5
2023,12,25,7.1,4,27.5,0.2,4.8,,2.9
2023,12,26,7.2,6.4,9,0.5,5.5,,3.3
2023,12,27,7.7,5.6,1.5,0.4,3.7,,3
2023,12,28,6.7,7.2,1,7.5,3.7,,1.2
2023,12,29,8.2,8.3,0,2,3.8,,4.9
2023,12,30,6.7,8.3,0,8.6,2.5,,3.3
2023,12,31,9.9,8.8,37.5,0.1,2.9,,6.3
2024,1,1,6.3,5.9,1,3.5,4,,2.1
2024,1,2,6,6.1,0,9.2,3.5,,1
2024,1,3,8.7,8.3,7.5,0,2.5,,6.3
2024,1,4,7.4,7.8,24.5,7.6,3.6,,4.7
2024,1,5,7,8.8,0.5,8,5.6,,2.5
2024,1,6,9,9.9,7,0.4,5.9,,8.5
2024,1,7,6.5,3.8,38,0.6,6.7,,1.3
2024,1,8,5.2,2.8,10.5,0.9,4.6,,0.5
2024,1,9,6.4,5.5,6,4.4,5.4,,0
2024,1,10,7,5,10,0,5.4,,2
2024,1,11,5.9,4.8,0,7,4.3,,1.4
2024,1,12,7.5,7.4,17,0,6.5,,4.7
2024,1,13,6.2,2.4,15.5,0,4.2,,0.6
2024,1,14,5.1,5,0,8.9,4.6,,-1.1
2024,1,15,5.8,4,22.5,0.8,5.7,,1.6
2024,1,16,5.2,2.3,3,0.6,5.7,,0.4
2024,1,17,5,5.8,0,8.2,3.1,,-0.9
2024,1,18,9.5,9.2,22,0,3.8,,7.5
2024,1,19,7.8,6.8,0.5,0.7,5.2,,5.4
2024,1,20,7.4,5.6,13.5,0,6.5,,4.5
2024,1,21,9.8,8.6,26,0,4,,5.8
2024,1,22,9,8.4,9,0.1,4.5,,6
2024,1,23,6.1,2.5,44.5,0,6.4,,0
2024,1,24,4.6,1.2,2.5,0.1,7.9,,0
2024,1,25,4.9,2.2,4,1.2,6.9,,-0.1
2024,1,26,5.3,3.5,0.5,0.1,4.1,,1.5
2024,1,27,6.3,3.4,1,1.7,2.6,,1.9
2024,1,28,6.6,3.3,1,0.9,2.3,,1.2
2024,1,29,5.7,5.1,0,8.4,2.1,,2
2024,1,30,6.2,5.5,0,2.4,2.3,,0.7
2024,1,31,7.2,7.2,1,0.1,2,,1.8
2024,2,1,7.3,4.8,1,0,5,,0.2
2024,2,2,4.5,2.2,0,0.2,2.2,,-0.1
2024,2,3,4.9,4.5,0,5.4,4,,2.5
2024,2,4,5.8,4.9,0,3,4.8,,2.8
2024,2,5,5.9,2.6,22.5,0,4.6,,0.4
2024,2,6,6.6,3.8,0.5,2.8,1.9,,1.3
2024,2,7,7,4.3,6.5,2.5,3.1,,3.1
2024,2,8,6,4.9,0,0,2.6,,3.6
2024,2,9,5.8,4.9,0,5.7,3.5,,2
2024,2,10,6.5,3.8,11,0.9,3.8,,0
2024,2,11,6.1,4.8,5,7,2.9,,2.2
2024,2,12,6.4,6.5,5,6.7,3.6,,2.4
2024,2,13,5.9,8.4,0,10.3,3.8,,0.8
2024,2,14,8,13.6,0,2.6,5.4,,4.7
2024,2,15,10.5,15.9,18.5,3,7.6,,6.1
2024,2,16,5.6,4.8,3.5,3.1,5.6,,2
2024,2,17,6.4,5.7,0,7.1,2,,0.5
2024,2,18,9.2,11.8,0,10,2.2,,4.4
2024,2,19,11.6,16,2,0.3,5.9,,8.5
2024,2,20,11.1,9.9,8.5,0,6.3,,6.2
2024,2,21,8.3,5.8,46.5,0,6.9,,5
2024,2,22,7.1,4.7,3.5,0.6,6.5,,3.8
2024,2,23,6.6,3.4,4,0.2,4,,2
2024,2,24,5.3,4.1,0,5.6,4.6,,1.2
2024,2,25,7,4.2,9.5,0,3.1,,2.8
2024,2,26,6.4,4.6,0.5,2.9,4.8,,1.6
2024,2,27,5.6,3.8,2.5,4.3,4.6,,0.8
2024,2,28,5.5,5.3,0,4.3,4.1,,2.2
2024,2,29,6.3,5.4,21.5,2.6,4.3,,1.3
2024,3,1,7.5,5.8,10,1.2,5.7,,1.3
2024,3,2,5,1.6,3.5,2.7,5.5,,-0.5
2024,3,3,6,4.8,7,2.8,6.9,,0.9
2024,3,4,6.8,6,11,4.6,4.3,,2.3
2024,3,5,6.5,4.6,14,0,5.4,,2.5
2024,3,6,6.9,4.8,3.5,0,5.9,,3.1
2024,3,7,5.1,5.2,0,2.2,3.9,,3.2
2024,3,8,6.1,4.9,2.5,3,4.1,,1
2024,3,9,5.2,3.5,12.5,4.6,6.6,,0.5
2024,3,10,5.4,3.7,5.5,2.2,2.5,,0.5
2024,3,11,5.6,6.8,0,8.8,2.6,,0
2024,3,12,7.9,6.1,35.5,0,2.5,,3.5
2024,3,13,6.1,6.4,2.5,3.1,4.4,,4.4
2024,3,14,7.1,9.9,0,8.5,5.9,,4
2024,3,15,7.4,11.8,0,10.6,7.2,,6.9
2024,3,16,8.2,10.9,0,10.3,2.9,,7.6
2024,3,17,8.2,10,3,0,4.7,,5.6
2024,3,18,4.6,6,0,6.6,4.7,,2.8
2024,3,19,5.6,6.3,2.5,4,3.5,,1.3
2024,3,20,6.7,4.8,14,0.2,8.4,,2
2024,3,21,5,3.3,1.5,5.3,4,,1.2
2024,3,22,5.1,4.5,0,7.1,2.5,,1.8
2024,3,23,9.3,9.1,12,1.6,3.7,,3.6
2024,3,24,10.1,11.7,0,6.7,3.9,,8.7
2024,3,25,10.3,10.2,3.5,0,6.8,,8.6
2024,3,26,9,6.9,47,0,6.4,,4.3
2024,3,27,6.9,7.7,0,10.1,3.8,,4
2024,3,28,8.1,10.4,5.5,3.4,2.1,,3.3
2024,3,29,11.7,14.6,12,5.4,5.4,,10.6
2024,3,30,9.5,14.6,0,7.5,5.3,,12.2
2024,3,31,9.8,12.9,0,1.7,3.9,,9.7
2024,4,1,8.4,10.9,0,7.5,4,,7.6
2024,4,2,7.1,11.6,0,6.9,2.2,,5.1
2024,4,3,11.4,12.2,42,0,4.1,,10.1
2024,4,4,11.2,12,3.5,1.8,4.5,,9.1
2024,4,5,8.3,11,0,10,4.9,,7.3
2024,4,6,10,12.9,0,9.7,2.7,,7.4
2024,4,7,10.7,15.2,0,11.4,2.4,,10.2
2024,4,8,12.7,16.3,18.5,6.1,2.2,,11.6
2024,4,9,10.7,10.2,47.5,0,5.8,,5.5
2024,4,10,6.8,9.1,0,12,4.6,,3.7
2024,4,11,8.6,13.9,0,8.8,2.2,,6.6
2024,4,12,9.6,15.9,0,12,3.8,,11.1
2024,4,13,10.3,16.2,0,11.8,3.5,,10.9
2024,4,14,10.9,16.4,0,11.7,2.6,,10.2
2024,4,15,12.4,18.8,0,9.5,2.6,,13.5
2024,4,16,14,19.7,9.5,4.3,3.8,,15.1
2024,4,17,14.8,16.3,5,8.9,3.3,,14
2024,4,18,11.9,15.2,0,4.9,4.6,,12.2
2024,4,19,10,14.2,0,10.6,2.3,,9.7
2024,4,20,11,15.7,0,7.1,4,,9.7
2024,4,21,11.9,14.5,1.5,0,6.8,,12.2
2024,4,22,13,14.6,0,0,5.4,,12
2024,4,23,14.8,15.3,1.5,0.6,3.5,,12.6
2024,4,24,16,15.3,20,0,2.7,,13.6
2024,4,25,13.6,16.4,0,11.3,3.9,,13.7
2024,4,26,12.1,17.9,0,8.5,2.4,,11.7
2024,4,27,12.7,19.5,0,4.6,2.1,,15
2024,4,28,13,18.8,0,11.7,2.6,,13.1
2024,4,29,16.1,19.9,2,9.3,3.1,,15.7
2024,4,30,17.8,17.2,9,0.2,2.7,,14.9
2024,5,1,12.2,13.3,0.5,0,5,,11.8
2024,5,2,11.3,14,0,10.6,4.1,,9.2
2024,5,3,12.3,16.5,0,12.9,2.6,,10.5
2024,5,4,12.3,19,0,12.8,2.5,,12.8
2024,5,5,11.9,22,0,12.3,2.2,,15.1
2024,5,6,12.3,22.7,1.5,0.7,4.3,,18
2024,5,7,16.8,17.4,17,0.2,4.8,,14.3
2024,5,8,11.9,11.3,6.5,0,4.6,,10.1
2024,5,9,8.9,12.2,0,8.6,3.5,,9.8
2024,5,10,9,16.9,0,12.9,2,,8
2024,5,11,11.4,21.3,0,12.5,3.2,,13
2024,5,12,15,19.6,12.5,0.5,3.2,,16.9
2024,5,13,14.1,14.5,34.5,1.4,2.1,,10.8
2024,5,14,12.4,15.9,0,13.5,3.6,,8.9
2024,5,15,14.7,20.1,0,7.1,2.5,,13.5
2024,5,16,13.7,17,5.5,1.9,6.1,,13.1
2024,5,17,11.5,18.3,0.5,10.7,6.7,,14
2024,5,18,8.4,21.4,0,13.4,3.3,,13.5
2024,5,19,13.4,20.2,2,1.2,2.1,,16.6
2024,5,20,16.8,18.3,8,5.7,3.6,,15.4
2024,5,21,14.7,16,0,0,4.3,,13.1
2024,5,22,14.1,17.9,0,13.8,2.1,,11
2024,5,23,15.6,22.1,0,,2.2,,15.7
2024,5,24,16.5,19.7,0,1.8,4,,16.5
2024,5,25,13,16.9,0,12.1,4.7,,13.5
2024,5,26,14.7,20.2,0,12.4,2.2,,13
2024,5,27,18.2,23.2,3.5,4.1,6.1,,16.5
2024,5,28,16,15.2,92.5,0,4.1,,13.7
2024,5,29,14.8,16.2,8.5,7.2,2.7,,13.7
2024,5,30,13.6,19.6,0,8.2,2.9,,12.1
2024,5,31,16.4,19.1,0,0.5,3,,16
2024,6,1,15.6,18.8,0,9.9,3.3,,14.5
2024,6,2,16.8,18.5,8.5,2.3,2.4,,15.9
2024,6,3,15.3,18.2,0,11.6,2.8,,15
2024,6,4,15.5,18.6,0,5.4,2.7,,14.9
2024,6,5,16,19.2,0,11.5,4.5,,16.1
2024,6,6,16.3,20.4,0,5.2,3.5,,15.6
2024,6,7,17.2,22.6,0,11,3.4,,18.2
2024,6,8,17.1,23.6,0,10.8,2.7,,19.3
2024,6,9,17,23.1,0,0.2,2.2,,21
2024,6,10,19.5,22,0,7.9,2.2,,19.3
2024,6,11,19,24.4,0,13.1,2.5,,18.5
2024,6,12,19.4,26.1,0,13.4,2,,20.9
2024,6,13,20.6,24.9,0,12.2,2.2,,21.6
2024,6,14,20.8,25.4,0,13.9,3,,20.2
2024,6,15,19.6,26.7,0,8.9,2.7,,22.4
2024,6,16,22.7,25.1,0.5,4.3,4.8,,21.7
2024,6,17,18.3,24.5,0,6.2,3.2,,21.2
2024,6,18,20.1,22.1,5.5,5.9,2.6,,19.2
2024,6,19,19.9,23.4,0,14,2.6,,18.7
2024,6,20,19.8,26.4,0,10.8,2.1,,20.4
2024,6,21,21.5,25,0,6.9,3.1,,22.6
2024,6,22,21.8,24.8,6.5,2.5,2.1,,20.3
2024,6,23,26.7,23.4,115,0,5.3,,19.9
2024,6,24,26.4,25.2,5.5,5.4,5.3,,22.7
2024,6,25,24,25.4,0,2.2,5.2,,24.1
2024,6,26,20.1,23.7,0,6.2,3.5,,21.1
2024,6,27,17.6,23.8,0,8.2,1.9,,19
2024,6,28,22.1,22.7,2,0.1,2.3,,21.1
2024,6,29,23.2,24.4,0,13.6,2.3,,20.2
2024,6,30,24.7,26.9,13,0,6.9,,23.7
2024,7,1,25.4,24,77,0.4,4.4,,22.6
2024,7,2,25.4,23.9,5,1.4,2,,21.6
2024,7,3,27.6,28.9,3.5,8.4,4.6,,22.4
2024,7,4,28.2,27.2,10,8.3,7.1,,25.2
2024,7,5,26.4,29.6,1,9.1,4.5,,25.9
2024,7,6,28.7,27.3,2.5,3.6,5,,25.5
2024,7,7,25.8,30.1,0,11.2,5.8,,24.8
2024,7,8,28.6,28.2,1.5,0.1,5.3,,27.2
2024,7,9,28.2,26.5,5,0.1,6.1,,24
2024,7,10,27.5,26.1,26,0,4.6,,23.5
2024,7,11,25.8,24.3,17,1.1,3.3,,22.2
2024,7,12,26.2,25.2,2,4.6,3.2,,23.1
2024,7,13,25.3,25.8,0,7.4,3.2,,22.8
2024,7,14,27.1,24.5,13.5,0,2.4,,23.3
2024,7,15,27.6,25.9,37.5,5.2,2.8,,22.6
2024,7,16,27,26.6,0,5.3,2.4,,24
2024,7,17,28.5,26.8,5,0.3,3.6,,24.7
2024,7,18,26.9,29.9,0,9.6,2.2,,25
2024,7,19,27.7,29.5,13.5,3.7,3.8,,25.4
2024,7,20,29.6,27.7,40.5,3.7,4,,24.4
2024,7,21,27.8,30.8,0,11.2,3.6,,26.8
2024,7,22,28,30.5,0,7.3,4.7,,28.2
2024,7,23,27.5,30.9,0,10.9,3.7,,26.3
2024,7,24,28.6,27.5,40,1.1,4.2,,23.6
2024,7,25,28.7,30.1,0,7.2,3.7,,25.4
2024,7,26,29.2,30.8,0,8.5,2.2,,26.5
2024,7,27,30,31.1,0,12.1,2.5,,28.2
2024,7,28,29.9,30,0,2.1,3.5,,28.1
2024,7,29,28.6,29.6,0,5,6.3,,26.7
2024,7,30,32.1,27.3,25.5,0,5.4,,26.4
2024,7,31,29.4,27.5,0,9.1,3.3,,25.6
2024,8,1,26.2,28,0,13.4,2,,24.2
2024,8,2,28,29.5,0,13.6,2.1,,25.3
2024,8,3,29.8,30.5,0,12.9,2.4,,27.2
2024,8,4,32.4,30.4,0,8.5,2.4,,27.6
2024,8,5,32.8,29.8,0,9,3,,27.3
2024,8,6,30.8,28.8,0,7.4,4.4,,26.4
2024,8,7,29.1,28.2,0,5.4,3.1,,26.2
2024,8,8,28.2,27.9,0,6.8,2.9,,26
2024,8,9,27.8,28.6,0,11.5,3.8,,25
2024,8,10,27.5,27.9,0,4.7,4.3,,25.4
2024,8,11,29.2,28.3,0,8,4.4,,25.8
2024,8,12,29.6,27.9,0,3.4,3.4,,25.4
2024,8,13,31.1,29.2,0,9.3,3.7,,27.1
2024,8,14,31.2,29.2,0,7.4,4.4,,27.1
2024,8,15,30.1,29.3,0,9.2,4.3,,26.5
2024,8,16,30.4,27.9,0,2.7,5.5,,26.2
2024,8,17,31.7,28.5,0,3.6,3.8,,26.6
2024,8,18,30.5,28.7,0,3.8,3.9,,26.4
2024,8,19,30.9,29.7,0,7.1,2.1,,26.5
2024,8,20,30.5,29.3,0,8.2,2.3,,27.5
2024,8,21,29.3,29.5,0,11,2.7,,26
2024,8,22,30.4,31.2,0,2.9,2.3,,27.3
2024,8,23,28.7,32.1,0,12.3,2.9,,27.7
2024,8,24,30.2,30.3,0,9.4,2.4,,27.9
2024,8,25,30.3,28.6,4,3.4,2.4,,26.1
2024,8,26,29.4,29.3,2,9.1,2.6,,26.1
2024,8,27,27.7,29.8,0,6.2,3.6,,26.5
2024,8,28,28.3,28,16.5,7.6,4,,22.3
2024,8,29,27.2,26,3.5,0,3.6,,24.8
2024,8,30,27.8,30,0,8.2,2.3,,24.6
2024,8,31,29.1,26,57,0.1,3.2,,23.7
2024,9,1,29,27.1,0,4.2,3.8,,24.3
2024,9,2,29.3,25.8,29,0.3,2.3,,23.3
2024,9,3,26.1,26.1,0,2.9,2.9,,24
2024,9,4,25.7,26.6,0,8.5,3.6,,22.7
2024,9,5,25.9,27.6,0,11.2,2.5,,23.6
2024,9,6,22.9,28.2,0,11.5,2.6,,24.1
2024,9,7,26.7,28.7,0,7.1,2.3,,26
2024,9,8,29,27.4,23,5.1,2.6,,24.8
2024,9,9,27.6,27.8,0,11.7,4.2,,24.9
2024,9,10,28.1,29.8,0,11.7,2.4,,25
2024,9,11,28.9,29.8,0,9.5,2.4,,26.5
2024,9,12,30.7,29.3,0,8.9,2.3,,27
2024,9,13,30.8,29.4,0,11.8,2.5,,26.5
2024,9,14,29.8,30,0,11.2,2.1,,26.2
2024,9,15,29.9,28.6,15,0.9,2.7,,25.3
2024,9,16,29.4,27.6,0,8.9,4.3,,25.3
2024,9,17,30.3,28.6,0,5.5,2,,25.8
2024,9,18,31,28.9,0,2.1,1.9,,26.9
2024,9,19,29.4,27.5,23,0.8,2,,23.5
2024,9,20,27.3,29.7,2,8.9,3.2,,24.9
2024,9,21,28,28,22,0,4.6,,24.3
2024,9,22,24,23.5,10,0,4.6,,20.1
2024,9,23,18.9,21.8,5.5,7.7,4.5,,18.5
2024,9,24,20.2,23,0,8.6,2.7,,18.3
2024,9,25,21.6,24.2,0,10.9,2.6,,20.5
2024,9,26,21.6,24.3,0,10,3.3,,20.6
2024,9,27,23.1,24.8,0,7.5,5.9,,22.5
2024,9,28,21.7,24.1,0,1.4,5,,22.2
2024,9,29,20.1,23.3,0,3.2,4.9,,21.4
2024,9,30,22,23.6,0,4.2,2.1,,20.9
2024,10,1,21.7,24.2,0,10.9,2.8,,20.2
2024,10,2,18.6,22,1,3.1,5.2,,16.9
2024,10,3,19.9,18.7,48.5,0,4.7,,17
2024,10,4,21.4,20.2,31,0,3,,18.9
2024,10,5,19.1,20.3,0,1.7,3.9,,18.1
2024,10,6,21.3,22.1,0,1.8,2.5,,19.8
2024,10,7,22.7,20.5,55.5,0.2,2.2,,19.3
2024,10,8,18.5,17.9,13.5,0,4.3,,16.3
2024,10,9,17,19.2,0,6.6,4.4,,16.3
2024,10,10,14.7,18.8,0,8.2,2.6,,14.9
2024,10,11,15,19.5,0,8.6,3.2,,15.5
2024,10,12,16.3,19.8,0,10.7,2.2,,15.5
2024,10,13,16.3,19.8,0,10.7,4.4,,15
2024,10,14,16.7,21.4,0,9.4,2.2,,16.5
2024,10,15,17.4,22.6,0,3.1,1.7,,18.3
2024,10,16,21.8,22.3,0.5,0.4,2.3,,20.6
2024,10,17,19.7,21.7,0,8.9,4.5,,18.3
2024,10,18,20.7,22.9,0,2.5,2.6,,18.9
2024,10,19,20.6,21.1,29,0,5.5,,15.3
2024,10,20,10.5,14.8,0,5,6.2,,11
2024,10,21,12.1,17,0,10.5,2.4,,10.4
2024,10,22,14,19.1,0,0.5,2.2,,15.5
2024,10,23,19.4,21.1,8,0.9,4.1,,17.4
2024,10,24,16.4,19,0,1.8,2.7,,16
2024,10,25,15,18.2,0,5.7,4.8,,15.1
2024,10,26,15.9,18.3,0,3.7,4.8,,15
2024,10,27,18.9,19.1,22,4.1,1.7,,15
2024,10,28,16.1,16.9,31.5,1.8,3,,15.1
2024,10,29,13.9,15.6,4.5,1.4,4.5,,13.9
2024,10,30,13.9,16.1,3.5,4.5,3,,12.3
2024,10,31,12.1,15.6,0,7.8,3.3,,9.9
2024,11,1,16.6,18.2,9,1.5,1.8,,13.9
2024,11,2,18.1,17.2,82.5,0,4.8,,15.7
2024,11,3,12.4,16.1,0,9.6,4.9,,11.9
2024,11,4,13.9,18.2,4,8.6,4.7,,11.1
2024,11,5,13,15.1,6.5,1.4,5.6,,13.1
2024,11,6,11.8,13.3,23.5,5.6,4.5,,10.4
2024,11,7,8.2,9.9,13.5,0.1,4.2,,8.9
2024,11,8,7.7,10.5,0,10,3.3,,6.2
2024,11,9,8.5,11.7,0,9.9,4.7,,6.9
2024,11,10,9.4,14.1,0,8.2,2.7,,6.9
2024,11,11,13.6,16.7,0,6.8,3.3,,12.6
2024,11,12,12.8,15.6,3.5,9.4,2.1,,10.5
2024,11,13,12,14.4,0,7,4.6,,11.4
2024,11,14,11.5,14.2,0,8.3,3,,9.9
2024,11,15,14.5,16.5,0,0.9,3,,14
2024,11,16,15.6,17.2,0,4.6,2.2,,12.8
2024,11,17,16.3,16.2,23,0.7,4,,12
2024,11,18,8.8,9.3,4.5,1.2,6.1,,6
2024,11,19,7,6.8,0.5,3.2,4.1,,4.7
2024,11,20,7.9,9.2,0,6.7,1.5,,4.7
2024,11,21,10.1,10.7,10,2.1,2.8,,6.6
2024,11,22,10.7,10.9,51.5,0.8,4.7,,8.2
2024,11,23,8.5,8.5,8.5,1.1,3.2,,7.4
2024,11,24,8.6,8.5,1,3.2,2.6,,5.1
2024,11,25,7.5,8.6,0,9.3,3.8,,3.9
2024,11,26,11.2,12,31,2.6,3.5,,5.3
2024,11,27,11.4,11.9,50,0.2,6.2,,8.6
2024,11,28,8.1,7.8,36,0.5,8.9,,6
2024,11,29,8.2,7,60,0,5.9,,5.2
2024,11,30,8.8,9.7,11,1,6.6,,7.1
2024,12,1,10,10.3,5,0.7,4.3,,7.8
2024,12,2,9.2,12.3,0.5,6.8,3.5,,8.6
2024,12,3,10.4,13.8,2.5,0,6,,9.5
2024,12,4,7.9,11.4,3,0.7,5.3,,7.8
2024,12,5,8.3,9.1,17,0.6,5.9,,7.5
2024,12,6,8.1,8.9,10,0,7.4,,7.2
2024,12,7,7.7,5.2,9,0,3.6,,4
2024,12,8,7,5.8,14.5,0.4,6,,3.2
2024,12,9,7.4,5.2,3,0.1,2.5,,3
2024,12,10,7.5,7.1,0,4.9,2.7,,3.1
2024,12,11,7.8,5.9,5.5,0,3.9,,2.7
2024,12,12,5.7,3.7,0.5,4.4,2.8,,1.4
2024,12,13,7.4,5.6,39,0.2,4.5,,1.4
2024,12,14,6.5,3.8,10.5,1.1,3.4,,2.5
2024,12,15,6.9,5.9,12,0.4,7.7,,2.9
2024,12,16,7.8,5.9,36.5,0.7,5,,3.9
2024,12,17,7.7,5.8,39.5,0.4,5.9,,4.1
2024,12,18,6.8,4,14.5,0,5.3,,2.4
2024,12,19,6.4,3,5.5,0.8,2.7,,1.6
2024,12,20,5.9,5,0,6.8,2.1,,1.5
2024,12,21,7.4,7.3,21,0.7,6.2,,0.9
2024,12,22,5.8,3.4,21.5,0.2,6.9,,1
2024,12,23,6.5,2.9,24.5,1.1,4.2,,0.6
2024,12,24,6.4,3.6,15,0.2,3.3,,1.3
2024,12,25,6.1,6.7,0,3.5,3.1,,3.9
2024,12,26,8.4,8.6,21.5,0.5,7,,5.3
2024,12,27,6.8,4.3,16,0,5.1,,1.1
2024,12,28,6.5,2.5,21.5,0,4.1,,1.1
2024,12,29,6.6,4.3,3.5,0.3,5.4,,1.5
2024,12,30,6.6,6.4,0.5,4.5,4.3,,1.7
2024,12,31,7,7.4,12,0.9,8.2,,5.5
2025,1,1,6.3,6.5,0,4.2,4.7,,3
2025,1,2,8.1,6.7,12,1.4,3.7,,3.9
2025,1,3,6.8,4.3,10,0.8,4.5,,2.3
2025,1,4,6.2,3,2.5,3.6,3.4,,0.9
2025,1,5,6.3,4.8,2,3.1,4,,1.4
2025,1,6,8.1,5.7,22,0,2.9,,0.7
2025,1,7,6.9,6.4,15.5,1.1,8.5,,2.9
2025,1,8,6.1,3.3,15,0.4,8.2,,1.2
2025,1,9,5.4,2.5,12.5,0.6,9.8,,0.1
2025,1,10,5.8,2.3,8.5,0.6,5,,-0.3
2025,1,11,6.4,3.2,6,3.4,3.1,,0.9
2025,1,12,5.8,4.3,4,6.7,3.5,,0.7
2025,1,13,6.3,5.1,13.5,6.1,3.6,,2.3
2025,1,14,7.6,5.8,25.5,0.8,7.1,,4
2025,1,15,6.7,4.2,13.5,0.3,5.9,,1.4
2025,1,16,6,3.2,8.5,2.8,5.4,,0.6
2025,1,17,4.8,3.3,0.5,1.6,4.1,,1.6
2025,1,18,4.8,4.1,0,9.4,2.5,,1.1
2025,1,19,6,6.5,0,8.2,2.5,,-0.1
2025,1,20,7.8,7.1,4.5,3.5,2.4,,4.1
2025,1,21,6.2,6.4,0,8.9,2.4,,3
2025,1,22,6.4,6.3,0,2.6,2.4,,3
2025,1,23,8,7.3,4,0,3.4,,3.7
2025,1,24,6.6,5.7,0,4.9,4,,2.5
2025,1,25,6.3,4.1,1.5,3.6,2.1,,2.4
2025,1,26,6.9,4.7,2,7.2,2.1,,1.8
2025,1,27,6.3,5.9,0,3.2,2.5,,0.7
2025,1,28,6.7,4.6,24.5,1.1,7.8,,1.9
2025,1,29,6.3,2.9,38.5,0.7,8.8,,0.5
2025,1,30,5.9,3.1,13.5,0.8,8.6,,1.1
2025,1,31,6.6,2.5,24.5,0.9,3,,0.6
2025,2,1,6.7,5.3,0,4,3.4,,2.3
2025,2,2,5.8,6,0,4.8,5.9,,2.7
2025,2,3,6.7,5.3,12,0.3,6,,1.8
2025,2,4,5.9,1.1,37,0.2,4.5,,-0.2
2025,2,5,5,0.4,9.5,0.3,10,,-1.3
2025,2,6,5,1.7,3,1.8,9.1,,-0.9
2025,2,7,5,1.6,23,1.2,8.6,,-1
2025,2,8,5.1,2.1,5,2.2,7.7,,-1.3
2025,2,9,5.7,2,12,1.2,3.4,,0.3
2025,2,10,6.3,2.2,14,0.7,4.2,,0.3
2025,2,11,5.5,2.5,8,3.7,4.1,,-0.4
2025,2,12,5.9,3.5,0.5,1.1,2.7,,-1.6
2025,2,13,6.1,4.1,8.5,1.4,6.7,,1.5
2025,2,14,6.3,5.4,1.5,4.1,4,,2
2025,2,15,6,6.6,0,8.8,2,,2.1
2025,2,16,7.9,8.9,1.5,7.6,4.3,,5.5
2025,2,17,6.3,4.8,4,0.6,7.1,,0.4
2025,2,18,5.2,0.9,10.5,1.6,4.3,,-0.3
2025,2,19,5,0.8,6.5,1.5,5.3,,-1.5
2025,2,20,5.7,0.3,26.5,0.3,3,,-0.6
2025,2,21,5.4,0.3,2,0.6,2,,-1.1
2025,2,22,5.1,0.5,8.5,1.1,3.1,,-1.7
2025,2,23,5.8,0.7,18.5,3.1,2.4,,-0.8
2025,2,24,5.9,1.2,3.5,2.2,2.9,,-0.7
2025,2,25,5.6,4.9,0,8,3.5,,1.6
2025,2,26,6.4,6.5,7,1.2,6.5,,3.7
2025,2,27,6.3,7,0,8.7,4.4,,2.4
2025,2,28,6.7,7.8,0,1.7,2.7,,1.2
2025,3,1,7.8,9.2,0,9.2,2.3,,2.8
2025,3,2,10,8.9,6.5,0,2.9,,7.5
2025,3,3,6.8,3.8,20,0.1,6.7,,1.7
2025,3,4,5.8,3.5,14.5,0,6.6,,1.7
2025,3,5,9,6.5,9.5,0,2.2,,3.7
2025,3,6,6.6,5.7,1.5,1.7,5.3,,2.3
2025,3,7,5.2,3,9.5,6,3.7,,0.4
2025,3,8,5.3,3.8,0,3.2,3.8,,-0.5
2025,3,9,6,6.3,0,9.5,2.6,,3.4
2025,3,10,5.8,7.4,0,10.8,3.3,,1.1
2025,3,11,8.4,10.1,0,0.5,2.5,,5.6
2025,3,12,9.4,11.8,0,4.6,2,,5.3
2025,3,13,9.1,11.3,0,7.3,4.1,,5.9
2025,3,14,6.3,8,0,10.8,3,,3.2
2025,3,15,5.7,6.2,0,0.1,5.6,,2.4
2025,3,16,8.6,6.5,18.5,0,4,,4.6
2025,3,17,6.8,5.9,7,1.3,5.6,,3.5
2025,3,18,5.9,5.6,4.5,10.6,4,,1.2
2025,3,19,6.2,4.7,4,0.4,6,,2.1
2025,3,20,5.5,6.7,0,2.6,4.8,,2.5
2025,3,21,6.8,12.4,0,9.6,7.8,,8.4
2025,3,22,7,16.4,0,10.5,8.7,,13.4
2025,3,23,9.9,14.3,0,10.6,5.4,,10
2025,3,24,8.2,14.9,1,3.6,4.7,,7.8
2025,3,25,9.1,19.8,0,9,7.4,,16.4
2025,3,26,9.7,13,0,5.5,5.7,,9.7
2025,3,27,11.6,19.6,10.5,8.5,6.7,,8.2
2025,3,28,11.5,10.4,25.5,0,3.7,,7.4
2025,3,29,6,7.7,0,6.5,3.9,,4.9
2025,3,30,6.1,5.4,4.5,0.9,4.2,,1.5
2025,3,31,5.8,5.5,0.5,8.1,3.7,,1.1
2025,4,1,7.7,7.6,0.5,0,4.6,,3.4
2025,4,2,9.7,10.1,0,4.7,3.1,,6.6
2025,4,3,10,10,7.5,2.3,4.1,,8.3
2025,4,4,8.2,8.8,4.5,5.7,4.1,,6.9
2025,4,5,7.5,9.9,0,8.7,2.8,,4.1
2025,4,6,9.9,13.1,4.5,1.9,4.1,,9.4
2025,4,7,8.3,11.3,0,10.5,2.5,,6
2025,4,8,7.9,12.9,0.5,4.2,5.8,,6.9
2025,4,9,9.6,11.6,0,8.6,3.5,,9.1
2025,4,10,10.9,12.4,26,0.1,2.8,,8.3
2025,4,11,12.3,12.3,0.5,1.6,2.4,,10.6
2025,4,12,11.3,12.9,0,8.4,3.9,,10.3
2025,4,13,11.3,11.1,10,0,3.4,,7.1
2025,4,14,8.6,11.3,0.5,9.7,3.5,,6.6
2025,4,15,9.1,9.5,19,1.6,7.7,,7.2
2025,4,16,8.7,12.1,1.5,8,6.7,,6.4
2025,4,17,8.2,19.6,0,9.7,4,,9.8
2025,4,18,13.9,20.8,8.5,5.4,4.6,,14.8
2025,4,19,16.6,21.7,0,8.5,2.7,,17.8
2025,4,20,14.5,15.7,6,0.2,3.9,,10.4
2025,4,21,10,14,0,12.5,6,,9.7
2025,4,22,12.2,18.3,1,9.4,2.3,,10.5
2025,4,23,16.6,15.4,11,0,2.7,,12.1
2025,4,24,12.4,12.3,0.5,0.1,3.5,,11
2025,4,25,10.7,13.3,0,7.1,4.9,,10
2025,4,26,7.5,12.7,0,12.8,3.8,,6.4
2025,4,27,6.7,17.9,0,9.1,5.7,,7.8
2025,4,28,10.8,17.3,0,2.1,2.7,,14.1
2025,4,29,9.4,12.2,0.5,3.7,5.6,,10.1
2025,4,30,8.4,13.4,0,12.8,3.1,,6.9
2025,5,1,10,18.5,0,12.9,2.9,,10.9
2025,5,2,12.9,15.2,4.5,0.1,3.2,,12.1
2025,5,3,11.4,14,0,6.9,3.2,,10.8
2025,5,4,11.5,14.9,3,9.1,5.6,,11
2025,5,5,9.6,15.4,0,8.4,4.2,,10.3
2025,5,6,13,14.6,18.5,0,3.9,,12.2
2025,5,7,10.6,14,6.5,10.1,3.4,,10.5
2025,5,8,8,15.9,0,13.2,3.9,,8.8
2025,5,9,13.4,17.7,9,2.2,2.5,,13.2
2025,5,10,16.4,19.6,2,4,6.8,,15.4
2025,5,11,13.2,16,4.5,5.1,4.1,,13.3
2025,5,12,13.9,16.2,5,6.1,4.6,,12.9
2025,5,13,11.1,17.8,0,12.8,2.5,,11.2
2025,5,14,12.3,20.6,0,9.3,2.2,,15.1
2025,5,15,14.5,21.7,0,7.4,2.7,,16.3
2025,5,16,15.3,22.5,0,4,2,,17.9
2025,5,17,19.2,21.6,13.5,2.4,5.3,,17.9
2025,5,18,17.6,18.7,0,2.4,3.1,,16.7
2025,5,19,14.9,19.6,0,11.8,2.7,,15.5
2025,5,20,17.2,24.3,0,7.5,4.5,,21.3
2025,5,21,21.2,25.2,0,9.4,2.6,,19.6
2025,5,22,18.8,18.9,0,0.1,4.6,,15.3
2025,5,23,13.4,17.2,0,9.1,6.9,,14.3
2025,5,24,15.9,16.2,15,0,5.1,,15.2
2025,5,25,16.3,15.7,20,0,3.4,,14.3
2025,5,26,13,15.2,0,3.4,3,,12.2
2025,5,27,14.3,18.8,0,10.2,3.9,,12.5
2025,5,28,15.5,19.9,0,13.6,3.4,,16.4
2025,5,29,15.4,20.1,0,5.3,3.7,,16.2
2025,5,30,15.1,20.3,0,10.6,4.6,,17
2025,5,31,16.4,17.2,6,0,3.3,,15.5
2025,6,1,16.4,16.7,3,0.2,2.6,,15.4
2025,6,2,16.1,18.4,0,6.1,2.9,,15.4
2025,6,3,18.8,18.3,12,0,3.4,,17.7
2025,6,4,16.2,19.7,1,11.2,5.9,,16.6
2025,6,5,13.6,20.1,0,13.5,4,,15.3
2025,6,6,14.1,22.4,0,5.6,2.3,,15.9
2025,6,7,14.1,23.9,0,12.5,2.9,,18.8
2025,6,8,14.4,22.9,0,7.6,2.1,,19.1
2025,6,9,17.1,23.3,0,6.3,2.3,,19
2025,6,10,22.5,22.1,28,0,1.7,,20.9
2025,6,11,23.2,22.2,3,0.3,4.8,,19.5
2025,6,12,17.1,20.9,0,6.7,2.9,,16.9
2025,6,13,17.6,21.9,0,8.4,3,,16.6
2025,6,14,22.5,23.1,14,0,3.2,,20.5
2025,6,15,24.8,22.4,23,0,4.4,,20.7
2025,6,16,24.7,27.3,0.5,3.7,5.6,,19.6
2025,6,17,21.8,26.5,0.5,12,3.4,,22.9
2025,6,18,21,27.1,0,10.5,2.1,,21.3
2025,6,19,21.8,25.8,0,12.6,2.5,,23.3
2025,6,20,21.5,27.5,0,13.4,2.4,,21.8
2025,6,21,21.9,29.1,0,10.1,3,,23.7
2025,6,22,22.9,29,0.5,6.6,5.7,,22.5
2025,6,23,25,22.4,66.5,0.2,2.5,,21
2025,6,24,25.7,25.3,0,1.1,3.3,,22.5
2025,6,25,27,26.4,2.5,2.4,3,,23.3
2025,6,26,22.4,24.3,41.5,6,3.8,,19.5
2025,6,27,22.5,24.3,0,3.2,4.3,,22.4
2025,6,28,23.4,23.7,0,3.3,2.2,,22.4
2025,6,29,23.5,26.4,0,11.5,2,,21.8
2025,6,30,23.9,28.8,0,13.1,1.9,,23.8
2025,7,1,25.2,29.2,0,7.2,2.4,,26.1
2025,7,2,26.2,29.3,0,4.4,2.1,,26.7
2025,7,3,28,29.2,0,11.1,2.4,,25.8
2025,7,4,27,29.4,0,12.1,3.8,,26.2
2025,7,5,27.1,27.8,0.5,1.2,4.8,,26
2025,7,6,27.2,28,0,4.1,5.2,,25.7
2025,7,7,28.3,27.9,0,11.9,3.3,,25.6
2025,7,8,28.9,28.5,22,6.4,3.6,,24.6
2025,7,9,28.4,28.4,0.5,4.8,4.2,,24.9
2025,7,10,27,28.2,0,12,5.1,,24.9
2025,7,11,26.9,27.5,0,12.8,4.2,,24.5
2025,7,12,26.4,27.3,0,8.6,3.3,,25
2025,7,13,26.8,28.8,0,13.3,3,,24.1
2025,7,14,24.4,29.5,3,11.1,2.5,,24.7
2025,7,15,28.5,27.8,11.5,7.7,2.8,,23.7
2025,7,16,25.1,30.1,0,3.8,2.4,,25.5
2025,7,17,27.3,28.7,0,0.6,2.2,,26.6
2025,7,18,24.5,30.5,0,8.9,2.4,,26
2025,7,19,23.5,30,0,13.2,2.7,,25.9
2025,7,20,25.1,29.9,0,10.6,2.3,,25.2
2025,7,21,27.5,30.5,0,12.1,2.3,,27.1
2025,7,22,28.8,30.2,0,13.4,2.6,,27.1
2025,7,23,30.1,30.1,0,12.7,2.7,,27.2
2025,7,24,30,30.3,0,12.2,2.9,,27
2025,7,25,27.6,30.9,0,12.5,3,,26.9
2025,7,26,28.5,30.9,0,13.2,2.7,,27.2
2025,7,27,25.6,30.8,0,12.6,2.1,,26.8
2025,7,28,28,30.5,0,13.7,2.6,,27.4
2025,7,29,28.9,30.6,0,13.6,4,,27.1
2025,7,30,30.7,30.8,0,13.2,3.6,,27.2
2025,7,31,32.1,30.7,0,12.7,3.2,,28
2025,8,1,32.2,30.4,0,10,3.2,,28.2
2025,8,2,30.4,29.8,0,9.4,3.4,,27.7
2025,8,3,31.3,30.2,0,9.4,2.9,,27.3
2025,8,4,29.3,31.7,0,10.3,3.9,,27.6
2025,8,5,29.5,31.2,3.5,3.6,6.5,,27.2
2025,8,6,30,30.4,9.5,3.1,6.6,,27.3
2025,8,7,28.8,26.6,332,5.6,5.6,,22.8
2025,8,8,25.2,27.1,0.5,11.7,3.8,,23.7
2025,8,9,24.2,27.3,0,8.5,2.6,,23.3
2025,8,10,27.9,25.4,39,0,4.3,,22.3
2025,8,11,30.3,26.2,49.5,0.2,3.6,,24.5
2025,8,12,28.6,25.5,45.5,0,4.3,,23.1
2025,8,13,27.6,27.1,0,2.4,2.9,,23.8
2025,8,14,28.7,29.2,0,12.6,2.8,,25.1
2025,8,15,28.7,28.5,0,10.7,3,,25.6
2025,8,16,28.4,28.8,0,12.4,2.1,,25.2
2025,8,17,28,29.4,0,12.2,3.4,,25.3
2025,8,18,28,29.1,0,10.1,2.5,,25.7
2025,8,19,27.1,29.6,0,7.7,3.2,,25.3
2025,8,20,27.9,30,0,10.9,3.7,,26.5
2025,8,21,29.1,29.8,0,11.2,2.7,,27
2025,8,22,27.3,30.2,0,12.5,2.1,,25.5
2025,8,23,29.3,30.5,0,9.2,2.7,,27.4
2025,8,24,30.4,30.2,0,12.4,2.5,,26.9
2025,8,25,30,30.2,0,11.4,2.3,,27.3
2025,8,26,30.4,31,0,10.8,3.1,,27.9
2025,8,27,28.5,28,96.5,4.5,4.1,,23.2
2025,8,28,26,27.3,0,11.2,2.9,,23.6
2025,8,29,27.3,29.2,0,10.1,2.9,,25.3
2025,8,30,28.6,29.8,0,11.7,3,,26.2
2025,8,31,29.3,29.7,0,12,2.6,,26
2025,9,1,26.4,30.8,0,12.5,3.4,,27.1
2025,9,2,27.1,30.7,1,10.8,4.2,,27
2025,9,3,27.9,28,2,5.7,3.6,,25.1
2025,9,4,28.6,27.3,17.5,8.4,3.6,,24.7
2025,9,5,28.6,26.5,7,3,4.3,,24.3
2025,9,6,22.6,26.2,0,10.7,2.2,,22.4
2025,9,7,24.6,29,3,7.5,5.2,,22.9
2025,9,8,30,27.6,22.5,3.7,3.6,,24.7
2025,9,9,27.7,27.8,0,6.3,2.6,,24.9
2025,9,10,27.9,26.1,34,3.1,4.8,,23.9
2025,9,11,27.6,26.1,2.5,4.2,4,,23.7
2025,9,12,27.4,25.5,20.5,1.8,2.8,,23.7
2025,9,13,26,28.9,0.5,1.5,5.4,,23.4
2025,9,14,29.1,25.7,41.5,1.4,4,,24.3
2025,9,15,28.9,27.7,8.5,7.3,2.9,,24.2
2025,9,16,26.1,27.8,5,9,1.8,,23.8
2025,9,17,28.9,29.3,1,10.3,4.5,,25.7
2025,9,18,25.8,24.7,24.5,0,4.3,,21.6
2025,9,19,20.1,23.3,0,5.3,4.3,,20.3
2025,9,20,23.5,26.2,87.5,3.4,5,,21.5
2025,9,21,19.6,23,2.5,5.6,4.1,,19.8
2025,9,22,17.1,22,0,6.7,3.3,,17.5
2025,9,23,18.3,23,0,3.6,1.8,,20.4
2025,9,24,18.5,24.9,0,8,1.7,,19
2025,9,25,23.9,25.4,7.5,1,3.5,,22.3
2025,9,26,23.8,25.1,14,9,3.2,,21.1
2025,9,27,18.1,22.8,0,10.3,3.7,,18.7
2025,9,28,20.1,24,0,8.6,1.8,,18.2
2025,9,29,22.4,24,14.5,0.4,5.3,,20.2
2025,9,30,20,22.4,2.5,8.8,2.8,,18.8
2025,10,1,19.8,22,9,5.7,2.6,,19.4
2025,10,2,17.2,22.1,0,9.2,3,,18.2
2025,10,3,17.7,22.2,0,2.6,2.6,,17.5
2025,10,4,21,21.6,11.5,0,1.8,,20.6
2025,10,5,24.5,22.1,22.5,0,3.3,,20.7
2025,10,6,20.3,22.9,2.5,7.8,5.5,,20.6
2025,10,7,19.7,23.5,0,2.2,3.1,,20.5
2025,10,8,22.3,22.6,3,0.1,3.1,,20.3
2025,10,9,15.6,20.9,0,6.7,5.6,,17.3
2025,10,10,15,20,0,6.3,3.4,,15.4
2025,10,11,17.4,20.9,0,0,3.4,,19.4
2025,10,12,24.3,23.9,2,5.1,3.1,,19.8
2025,10,13,20.6,21.2,3.5,2.8,4.4,,19
2025,10,14,18.3,18.7,41,0,3.9,,16.5
2025,10,15,18.7,21,0,6.1,4.9,,18.1
2025,10,16,21.4,20.7,48.5,0,2.7,,19
2025,10,17,17.1,20.8,0,9.5,4.1,,16.5
2025,10,18,18.8,22.3,23.5,3.2,4.9,,17.6
2025,10,19,16.8,17.9,0.5,0,4.3,,17
2025,10,20,14.4,16.3,0,1.9,4.7,,13.7
2025,10,21,9.8,13.8,0,0.3,4.5,,12.4
2025,10,22,10.7,13.9,0,0,4.7,,11.6
2025,10,23,10.9,14.3,0,10.4,4.3,,9.1
2025,10,24,10.9,14.9,0,10.4,4.9,,10.5
2025,10,25,12.7,15.7,3,6.1,3.9,,10.5
2025,10,26,17.6,16.5,40.5,0,2.8,,14.9
2025,10,27,13.6,16.1,19.5,3.7,4.8,,12.2
2025,10,28,9.6,13.3,4,2.9,4,,11.1
2025,10,29,9.6,12.6,0,9.3,3.9,,9.1
2025,10,30,10.2,13.6,0,9.9,1.9,,7.7
2025,10,31,12.1,13.6,14,0,2.5,,12.1
2025,11,1,13.9,14.9,24.5,2.6,5.6,,12.8
2025,11,2,12.6,13.8,44.5,2.5,5.7,,10.4
2025,11,3,10.3,11.2,15,1.7,3.9,,7.2
2025,11,4,9.8,11.4,0,9.6,2,,5.7
2025,11,5,11.2,13.9,0,3.7,3.1,,10.2
2025,11,6,12.4,15.5,0,6.1,3.2,,11.9
2025,11,7,10.5,14.5,0,8.3,3.9,,11.2
2025,11,8,9.5,12.6,0,7.7,3.6,,7.2
2025,11,9,14.4,15.3,16,0,3.1,,12.7
2025,11,10,11,13.5,8,1.6,4.4,,10.2
2025,11,11,9.4,11.3,0,4.9,2.9,,8.7
2025,11,12,8.5,11.2,0,8.9,3.3,,6.3
2025,11,13,10.7,13.6,0,1.3,3,,10
2025,11,14,9.9,12.6,0,6.1,4,,8.8
2025,11,15,8.8,11.7,0,9.4,4,,7.7
2025,11,16,9.3,12.8,0,7.9,2,,7.1
2025,11,17,10,14.8,3.5,5.4,7.2,,8.4
2025,11,18,8.4,7.7,27.5,0.4,3.9,,4.8
2025,11,19,7.3,8.2,0.5,2,2.3,,5
2025,11,20,7.3,11.2,1.5,8.3,4,,5.2
2025,11,21,10.5,12.2,33,0.2,5.8,,9.7
2025,11,22,8.5,11.4,1.5,4.6,2.5,,7.9
2025,11,23,8.5,11.8,0,9.1,3,,5.8
2025,11,24,10.4,13,4,3.1,3.1,,7.7
2025,11,25,10.6,11.9,14.5,0.5,3.5,,9.3
2025,11,26,11,10.6,14,0.2,2.6,,8.6
2025,11,27,8.8,13.5,1.5,7.2,4.5,,6.6
2025,11,28,10,10.9,42,0.5,6,,6.9
2025,11,29,7.5,9.1,0,9.4,3,,6
2025,11,30,8.3,12.9,0,9.2,3.9,,5.4
2025,12,1,11,16,0.5,2.9,5.9,,12.3
2025,12,2,11.1,13.7,0,4.3,4.2,,11.1
2025,12,3,7.7,8.1,13.5,0.1,7.9,,4.3
2025,12,4,6.2,3.6,18.5,0.8,6.3,,1.7
2025,12,5,7.2,4.8,21,0.7,4.5,,2.8
2025,12,6,6.4,7.9,0,8,3.7,,3.1
2025,12,7,8.4,11.8,2,5,6.5,,8
2025,12,8,8.7,11.2,15.5,0,6.2,,6.8
2025,12,9,6.7,8.1,2.5,5.2,3.1,,6.2
2025,12,10,8.2,7.2,11.5,2.2,2.8,,4.7
2025,12,11,7.7,10.1,17.5,5.2,6.4,,4.6
2025,12,12,5.6,3.5,2.5,0.8,5.3,,1.9
2025,12,13,5.7,5.2,0.5,8.4,3.7,,1.5
2025,12,14,8.7,8.8,27,0.1,7.7,,5.4
2025,12,15,6.3,7.5,1,0.4,5.4,,5.3
2025,12,16,8,7.6,4,1.5,3.7,,4.2
2025,12,17,8.9,8.6,15.5,2.3,4.5,,6.3
2025,12,18,6.3,6.8,0,7.9,3.2,,3.8
2025,12,19,6.4,7.7,0,9,1.9,,1.6
2025,12,20,10,14.7,0,8.6,3.3,,5.8
2025,12,21,11.1,12.4,20,0.4,4.3,,7.4
2025,12,22,6.1,6.2,0,0.5,4.9,,4.3
2025,12,23,6.5,6.3,0,7.3,3,,0.9
2025,12,24,11.8,11.6,7.5,0,1.9,,7.1
2025,12,25,10.5,9.6,36,0,5.6,,8.4
2025,12,26,5.8,2.1,25,0,7.4,,0
2025,12,27,6,2.5,9.5,1.4,3.6,,-0.4
2025,12,28,6.5,6,4.5,8,2.4,,2.9
2025,12,29,6.5,8.4,6,6.7,5.6,,1.5
2025,12,30,8,9.7,8.5,2.2,6.6,,7.8
2025,12,31,6.6,5.4,11.5,1.1,6,,3.3
2026,1,1,6.1,3.7,15,2.4,3.6,,0.7
2026,1,2,6.1,0.7,28,0,2.5,,0.3
2026,1,3,5.9,2.2,17,0.2,3.8,,-0.1
2026,1,4,6.6,4.7,5,0.4,5.3,,2.2
2026,1,5,7.2,5,18,0.2,6.5,,0.5
2026,1,6,5.6,2.8,1,1.4,3,,0.6
2026,1,7,6.4,5.4,22,3.6,5.2,,0
2026,1,8,5.8,3.3,5.5,0.1,6.6,,0.9
2026,1,9,5.2,4.1,0.5,2.2,3.2,,0.9
2026,1,10,6.2,9.1,19,7,9.1,,2.7
2026,1,11,5.6,3.8,9,0.1,12.6,,-0.5
2026,1,12,5.6,2.7,3.5,1.1,6.4,,0.1
2026,1,13,6.6,6.6,8,0.4,10,,4.3
2026,1,14,6,3.3,7.5,0.2,5.6,,1.6
2026,1,15,7.1,9.5,7,2.1,6.6,,3
2026,1,16,8,9.3,0,4.7,3.9,,3.9
2026,1,17,7.2,8.2,0,3.6,4.5,,2.1
2026,1,18,6.1,5.8,0,7.1,5.1,,3.7
2026,1,19,7.9,8.4,14.5,1.5,4,,2.4
2026,1,20,5.4,1.9,10,0.4,5.7,,-1
2026,1,21,5.1,-0.2,21.5,3.2,3.5,,-1.7
2026,1,22,4.7,-0.2,10,0.2,4.8,,-1.6
2026,1,23,5.8,1.1,25.5,1,5.1,,-0.9
2026,1,24,6.1,1.7,24,0.2,4.9,,-0.2
2026,1,25,5.2,-0.2,,0.3,4.1,,-1.2
2026,1,26,5.1,0.7,2,0,2.8,,-1.1
2026,1,27,6.2,2.7,12,0.3,4.1,,-0.3
2026,1,28,5.7,1.4,3.5,1.4,3.4,,0.2
2026,1,29,5.9,0.4,25,0,2.4,,-0.3
2026,1,30,4.9,1.5,2.5,1,4.3,,-0.2
2026,1,31,5.7,1.3,5.5,0.1,3.4,,0
2026,2,1,6.2,2.3,14.5,0.4,4.7,,0.6
2026,2,2,6.2,1.9,13.5,0.7,3.7,,0.4
2026,2,3,5.5,2.3,4,0.5,2.7,,0.6
2026,2,4,6,6.4,0,2.7,4.4,,1.7
2026,2,5,7,7.5,0,6.2,4.1,,2.3
2026,2,6,6.9,3.9,6,0,4.1,,1.1
2026,2,7,4.9,-0.1,3.5,0.2,5.8,,-1.9
2026,2,8,4.1,-2,8.5,0.3,6.1,,-4
2026,2,9,4.7,2.1,1.5,1.8,3.5,,-1.5
2026,2,10,5.2,4.8,0,6.6,3.8,,-2.6
2026,2,11,8.1,5.5,24.5,0,2.6,,3.2
2026,2,12,6,5,1,7.4,3.3,,0
2026,2,13,6.5,7.2,0,7.1,4.1,,3.1
2026,2,14,6.9,7.9,0,7.5,2.7,,2.3
2026,2,15,8.7,9.6,0,4.7,3.2,,2.2
2026,2,16,6,5.6,0,0,4.2,,3.1
2026,2,17,4.4,4.3,0,8.4,2.7,,1.9
2026,2,18,5.1,4.5,1,3.1,6.4,,0.3
2026,2,19,3.8,2.7,0,6.4,3.2,,0.3
2026,2,20,4.5,4.7,0,9.4,1.7,,-2.3
2026,2,21,6,8.4,0,10.6,2.9,,2.5
2026,2,22,6.8,14.1,0,10.6,6,,3.8
2026,2,23,7.3,9.4,4,3.8,4,,4.7
2026,2,24,7.4,8.3,7.5,6.3,3.2,,3.6
2026,2,25,9.8,8.6,21.5,0,7.4,,7.4
2026,2,26,10,9.3,0,0,1.6,,7.9
2026,2,27,10.3,10.5,0,0.6,2.3,,8.2
2026,2,28,9.7,9,6,0,5.1,,7
2026,3,1,7.3,7.8,0,9.7,5,,4.4
2026,3,2,7.4,8.3,0,7.9,7.7,,5.6
2026,3,3,9.8,8.5,22,0,5.4,,6.9
2026,3,4,7.1,7.2,1.5,1.9,5.3,,4.6
2026,3,5,6.1,6.4,0,4.9,3.5,,4.2
2026,3,6,7.5,8.4,11.5,1.3,3.3,,3.4
2026,3,7,6,6.6,6,3,5.9,,3.9
2026,3,8,5.1,4,2.5,1.3,3.2,,1
2026,3,9,5.2,5.8,0,9.8,2.9,,3.1
2026,3,10,5.6,4.2,2,1.9,3.7,,1.7
2026,3,11,4.7,4.2,0,10.7,3.3,,0
2026,3,12,5.3,4.9,0,9.4,5.4,,0.6
2026,3,13,6.8,4.5,4,3.1,3.8,,2.1
2026,3,14,7.7,6.1,2,2.1,3.9,,2.8
2026,3,15,7.7,6.9,1.5,3.9,2.6,,4.6
2026,3,16,6.7,7.5,0,9.8,3.7,,3.1
2026,3,17,5.8,7.7,0,11.4,4.8,,2.2
2026,3,18,7.9,9.4,11.5,4,2.1,,3.1
2026,3,19,9.4,9.2,32,0.2,3.9,,5.5
2026,3,20,6.9,8,0,11,4.7,,3.3
2026,3,21,4.7,6,0,11.2,2.9,,2
2026,3,22,5.3,9.6,0,7.5,2.1,,1.9
2026,3,23,8.7,10.5,0,1.4,2.7,,6.4
2026,3,24,7.6,9.4,0,10.5,4.6,,5
2026,3,25,8.9,10.5,6.5,1.8,3.7,,6.8
2026,3,26,10.9,10.6,0,2.4,3,,7.2
2026,3,27,9.1,10.3,0,11.2,2.3,,5.8
2026,3,28,8.4,13,0,7.6,2.2,,6.2
2026,3,29,10.8,12.9,0,6.2,3,,8.8
2026,3,30,12.1,15.9,0,9.4,1.9,,9.7
2026,3,31,14.2,14.8,18,0.4,4.1,,11
2026,4,1,11.7,11.2,8,0,3.9,,10.2
2026,4,2,9.7,10.3,14.5,4.6,3.7,,8.5
2026,4,3,8.5,13.5,0,11.5,2.8,,6.8
2026,4,4,11.3,16,4,0,4.1,,11.5
2026,4,5,13.1,14.3,0,7.3,4.4,,12.2
2026,4,6,12.1,15.8,0,5.2,2.5,,11.1
2026,4,7,8.4,10.6,9,1,4.2,,8.2
2026,4,8,6.7,10.3,0,10.8,2.6,,7.1
2026,4,9,7.3,14.9,3.5,6.2,3,,5.9
2026,4,10,16.4,18.1,12.5,0,6.5,,13.1
2026,4,11,13.2,15.5,0.5,8.5,6.5,,12.9
2026,4,12,7.5,13.5,0,11.7,4.4,,10
2026,4,13,8.5,14.9,0,10.6,3.5,,8.6
2026,4,14,10.3,14.9,0,8.7,5.3,,9.9
2026,4,15,12.8,14,11.5,0.1,3.9,,11.8
2026,4,16,10.9,13.5,0,9.9,6,,10.6
2026,4,17,11.5,16.5,0,7.2,2.5,,9.1
2026,4,18,12,17.9,0,4.2,3.1,,14
2026,4,19,12.9,16.5,0,7.6,5.1,,13.7
2026,4,20,12.8,20.3,0,9.4,3.2,,12.6
2026,4,21,8.4,16.1,14.5,10.5,4.5,,11.1
2026,4,22,7.3,16.6,0,4.4,3.1,,9
2026,4,23,11.5,13.9,5.5,0,3.6,,11.7
2026,4,24,9.6,13.6,0,11.5,7.3,,11
2026,4,25,9.9,14.7,0,12.7,4.1,,9.5
2026,4,26,11.2,18.3,0,11.5,2.7,,11.5
2026,4,27,14.3,16,18,5.1,2.8,,13.6
2026,4,28,13.9,17.2,0,6.8,4,,12.7
2026,4,29,12.2,14.8,0,0.6,3.7,,12
2026,4,30,12,14.3,0,0,3.9,,11.4
2026,5,1,13.9,14.4,14.5,0.1,6.8,,12.1
2026,5,2,12.8,16.5,2,12,5,,12
2026,5,3,13.6,18.2,14.5,0.6,2.5,,14.4
2026,5,4,13.5,14.9,22,0.3,6.6,,11
2026,5,5,8.9,14.3,0,13.5,2.7,,8.5
2026,5,6,12.2,17.4,0,9.6,2,,10.8
2026,5,7,13.1,19.8,0,12,2.6,,13.4
2026,5,8,14.3,16.7,10.5,0.1,4.6,,13.3
2026,5,9,11.4,15,1,7.1,5.4,,12.6
2026,5,10,10.5,15.2,0,13.5,2.3,,9.7
2026,5,11,11.2,18.5,0,12.9,2.3,,11.8
2026,5,12,14.1,19.7,0,8.3,2.8,,14.5
2026,5,13,15.2,20.2,0,12.6,3.3,,15.3
2026,5,14,15.7,18.2,0,12.6,4.3,,14.9
2026,5,15,15.2,17.8,0,9.3,2.9,,15.5
2026,5,16,15.3,19.7,0,13.3,2.5,,14.1
2026,5,17,16,18.7,0,10.7,2.5,,15.8
2026,5,18,13.8,22.4,0,13.1,1.8,,14.8
2026,5,19,14.4,23.6,0,12,2.3,,18.1
2026,5,20,17,22.9,1.5,5,2.7,,19
2026,5,21,22.7,20.9,46,0.1,4.1,,18.9
2026,5,22,19,18.7,3.5,0.8,3.7,,17.7
2026,5,23,19,21.2,0,2.7,2.7,,17.5
2026,5,24,19.7,21.3,1,5.1,2.7,,19
