Year,Month,Day,TotalPrecip,SolarHours,AvgCloud,MinTemp,AvgTemp,vapor_pressure,AvgWindSpeed
2006,5,24,2.5,0.2,10,12.8,14.9,14.3,3
2006,5,25,0,11,3,10.8,15.7,12.6,4.4
2006,5,26,0,0,10,14.2,18.8,13.8,1.8
2006,5,27,0,6.5,9,14.8,19.6,13.3,2.3
2006,5,28,14.5,2.1,9.3,15.9,18.6,16.2,3.4
2006,5,29,0,2.2,9,15,17.4,14.5,5.1
2006,5,30,0,4.4,8.5,14.2,17.3,15.2,3
2006,5,31,0,10.6,1.3,13.7,19.7,14.3,4.1
2006,6,1,0,6.6,5.5,16.7,18.7,16.2,2.8
2006,6,2,0,8.1,10,16.3,19.1,15.8,5.9
2006,6,3,0,10.2,3,15.1,18.1,15.2,5.7
2006,6,4,0,2.7,7.5,14.9,20,16.2,3.2
2006,6,5,0,11.2,7,17.7,20.9,17.4,2.3
2006,6,6,0,6.3,7.3,17.1,18.8,16.3,2.4
2006,6,7,0,8,6.5,16.7,18.8,15.4,3
2006,6,8,0,1.2,10,16.8,21.4,17.5,2.3
2006,6,9,32.5,0.5,10,15.4,18,16.8,4.3
2006,6,10,0,6,9.8,16.6,19.7,16.8,2.9
2006,6,11,0,2.1,7.5,18.3,20.6,17.2,1.8
2006,6,12,0.5,8.6,8,17.9,21.5,18.4,3.2
2006,6,13,0,9.6,7.5,18.6,20.3,17.7,3.2
2006,6,14,0,8,6,17.1,22,17.9,3.1
2006,6,15,4,0,10,19.3,22,19,2.9
2006,6,16,0.5,4.7,8,18.5,20.3,19.8,2.6
2006,6,17,0,1.9,9.8,19.2,21.9,20.5,3.5
2006,6,18,0,5.1,8.3,20.3,22.6,19.1,3
2006,6,19,0,12.3,5.5,18.9,22,18.2,3.6
2006,6,20,0,5.7,10,19.1,23.4,16.3,1.9
2006,6,21,0,0.6,10,21.3,24,18.9,5
2006,6,22,1,0,10,20,22.1,20.8,2.2
2006,6,23,0,1.5,9.5,19.8,21.7,20.2,2.6
2006,6,24,0,8.9,7.3,19.1,21.3,18.4,3.5
2006,6,25,0,0.4,9.5,19.1,21.8,19.3,3.7
2006,6,26,5.5,0,10,19.8,22.3,21.7,2.3
2006,6,27,2,3.4,6,21.9,24,22.8,4.5
2006,6,28,0,5.9,7.8,21.3,24,22.1,4.3
2006,6,29,0,8.2,6.5,20.8,24,22.9,2.1
2006,6,30,12.5,0.1,10,22.2,25.5,23.3,3.7
2006,7,1,10,0,10,22,24.1,24.4,4.6
2006,7,2,8,0.4,10,20.8,22.9,22.2,6.7
2006,7,3,8,2.3,9,19.9,21,20.3,3.1
2006,7,4,0,9.5,9.3,19.1,21.8,17.9,2.7
2006,7,5,16.5,0,10,19.9,20.8,21,4.1
2006,7,6,2.5,0,10,20,21.1,20.9,4.8
2006,7,7,0,3.1,8.3,20.4,22.5,21.4,2.2
2006,7,8,0,6.7,9,20.8,25.2,23.8,3
2006,7,9,6,0,10,22.9,25.1,26.4,2.5
2006,7,10,0,4.9,10,23.6,27.8,25.1,2.4
2006,7,11,22.5,0.7,10,24.2,27.7,25.7,2.9
2006,7,12,19.5,0,10,24.2,25.8,28.1,2.3
2006,7,13,0,0.1,10,24.5,28.1,27.4,4
2006,7,14,0,7.7,7.3,26.3,28.6,27,4.7
2006,7,15,33,1.5,10,22.4,26.6,26.6,4.9
2006,7,16,59,0.3,10,21.7,23.2,24.7,3.1
2006,7,17,75.5,0,10,20.5,21.9,23,3.8
2006,7,18,81,0,10,19.7,20.3,21.3,3.6
2006,7,19,16.5,4.6,7.8,19.9,22.2,22.2,4
2006,7,20,0.5,3.9,8.3,20.7,23.8,22.2,4
2006,7,21,44,0,10,21.5,22.7,23.7,3.8
2006,7,22,0,7.3,9,21.9,24.7,22.7,3.2
2006,7,23,2.5,4.5,8.8,23.3,25.4,24.2,2.6
2006,7,24,62,0,10,20.5,21.6,22.9,2
2006,7,25,22.5,7.2,6.3,20.6,23.2,22.4,2.1
2006,7,26,0,7.2,8.5,21.3,25.2,23.3,2.7
2006,7,27,3,4.7,8.5,22.4,25,25.1,2.4
2006,7,28,0.5,3.6,8.3,23.2,26.6,24.8,5.1
2006,7,29,10,1.4,7.5,24,25.4,25.8,3.3
2006,7,30,0.5,8.2,6.8,23.2,25.4,24.5,3.3
2006,7,31,0,7.7,6.3,21.7,26.1,24.5,1.8
2006,8,1,0,10.5,7.3,24.8,28.7,25.5,2.6
2006,8,2,0,12.7,2.3,25,28.5,25.3,2.3
2006,8,3,0,13.1,0.5,25.2,28.2,27.4,2.4
2006,8,4,0,11.1,0,24.9,27.8,25.6,2.2
2006,8,5,0,12.4,0,23.6,27.3,25.4,3.1
2006,8,6,0,11.3,6.8,23.9,27.9,25.6,2.9
2006,8,7,0,12,6,25.1,29.2,26.2,2.4
2006,8,8,0,12.3,5.3,25.6,29.3,27.2,3.6
2006,8,9,0,11,6.3,26.4,28.4,27.9,2.6
2006,8,10,0,9.4,8.8,26.3,28.3,27.7,2.4
2006,8,11,0,12.4,5,24.2,28.5,24,2.3
2006,8,12,17.5,4.5,8.3,22.6,28.1,25.9,3.9
2006,8,13,0,8.6,5,24.9,28,25.9,2.8
2006,8,14,0,11.8,1.5,25,28.5,26.7,3
2006,8,15,0,11.9,0.8,25.4,29.1,27.4,3.5
2006,8,16,0,11.9,0.5,25.9,29,29.3,2.7
2006,8,17,15,3.7,8.5,25.4,28.1,29.3,2.3
2006,8,18,0,9.8,7.3,25.6,29.4,29.6,3.5
2006,8,19,0,10.4,6.3,26.6,31.2,28.4,2.8
2006,8,20,0,8.7,9,27.4,30.7,28.2,2.7
2006,8,21,0,3.2,10,27.8,29.7,27.6,2
2006,8,22,4.5,4.1,9.5,24.9,27.5,27,2.7
2006,8,23,0,9.8,7,24.5,27.1,24.1,3
2006,8,24,0,9.8,5.5,23.8,27,24,3.3
2006,8,25,0,12.3,1.3,23.7,27.2,22.7,4.3
2006,8,26,0,9.8,2.8,23.3,27.1,23.5,3.5
2006,8,27,0,10.4,3.8,24.6,28.7,24.5,2.3
2006,8,28,0,4.2,9.8,25.9,29.2,24,3.4
2006,8,29,1,5.3,9,24.3,27.4,25.7,3.4
2006,8,30,10,4.3,9.3,22.9,25.4,23.7,2.8
2006,8,31,0,11.1,4.3,21.3,25.7,22.2,4
2006,9,1,0,4.3,6.8,21.9,24.8,21.3,3.6
2006,9,2,0,7,6.5,20.3,24.8,20.4,4.1
2006,9,3,0,6.8,5,22,24.9,20,3.8
2006,9,4,0,11.9,1.3,21.3,26.5,20,2.8
2006,9,5,10.5,0,7.5,19.9,22.1,20.2,3.1
2006,9,6,43.5,0.3,9.5,19,20.5,19.8,2.7
2006,9,7,104.5,0,10,20.5,21.7,23.4,2.6
2006,9,8,0,10.1,3.8,22.2,26.1,24.9,4.9
2006,9,9,0,10.7,5,24.5,29.5,26.3,2.3
2006,9,10,15.5,0,10,20.5,23.5,24,3.2
2006,9,11,0,1.2,10,19.8,21.4,19.1,4.4
2006,9,12,0,0,10,19.8,21.7,18.9,4.7
2006,9,13,16.5,0,10,18.5,19.7,19.2,3.1
2006,9,14,22,1,8.8,17.8,20.7,19.6,3.1
2006,9,15,0,5.8,7.3,19.4,22.9,19.8,3.6
2006,9,16,11,0.2,10,19.4,21.5,19.7,1.9
2006,9,17,0.5,4.1,9.5,19.8,22.5,21.7,5.1
2006,9,18,0,9.8,9.5,22.5,27,21.7,7.8
2006,9,19,5.5,0.8,9.3,19.7,21.2,19.1,5.7
2006,9,20,0,10.2,1,17.6,21.4,17,3.8
2006,9,21,0,10.9,4.5,16.4,21.2,17,4.7
2006,9,22,0,7.1,5.8,17.1,20.4,15,4.5
2006,9,23,0,10,4.5,15.8,19.9,14.2,5
2006,9,24,0,3.4,6,15.9,20.1,15.1,3.1
2006,9,25,0,10.6,1.5,14.9,19.6,14.5,4.9
2006,9,26,1,2.2,9,16.8,19.9,17.4,2.2
2006,9,27,18,0.3,10,16.1,19.4,17.8,2
2006,9,28,6.5,4.9,9.3,17.6,19.8,17,2.6
2006,9,29,0,8.4,6,15.5,19.8,16.4,2
2006,9,30,0,10.3,6,16.5,20.1,16.7,2
2006,10,1,13.5,0.1,9.3,16.1,18.8,17.1,2.2
2006,10,2,39.5,0,10,16.6,18.2,18.2,1.7
2006,10,3,0,5.7,5.8,16.5,19.5,17.1,3.3
2006,10,4,0,7.9,6.3,15.9,20.7,17.4,4.6
2006,10,5,2,0,10,19.4,20.7,19.6,3.7
2006,10,6,17,0,10,16.6,18.8,18.4,6.1
2006,10,7,16,0.9,10,15.5,16.9,15.2,6.4
2006,10,8,3,2.3,8,13.7,17.1,13.5,5.3
2006,10,9,0,10.2,4.5,11.6,17.2,13.1,3.7
2006,10,10,0,10.6,1.5,13.7,20.1,14.7,2.2
2006,10,11,0,0.4,9,17,19.2,16.3,1.8
2006,10,12,0,6.1,7.8,15.4,19.4,17,2.7
2006,10,13,0,8.5,3.8,14.2,18.3,14.2,3.9
2006,10,14,0,8.9,3,12.8,17.1,12.7,1.6
2006,10,15,0,8.8,1.5,13.3,17.6,14.7,4
2006,10,16,0,9.2,0.5,13.9,17.9,13.9,3.5
2006,10,17,0,10.1,1.8,13,18.9,13.7,3.3
2006,10,18,0,7.6,5,15.3,18.6,15.4,4.2
2006,10,19,0,9,4.3,14.2,19.6,14.6,2.2
2006,10,20,12,1.7,9.3,15.9,18.5,15.3,2.2
2006,10,21,0.5,8,3.8,12.6,16.5,12.6,4.2
2006,10,22,0,7.7,5.8,10.7,17.3,13.1,2.2
2006,10,23,32,1.7,10,17.2,19.1,17,4.8
2006,10,24,0,2.3,9.5,15.7,17.6,14.9,4
2006,10,25,0.5,3.7,8.8,14.5,17,14.4,3.1
2006,10,26,0,4.6,10,15.4,17,13.1,2.7
2006,10,27,0.5,7.6,7.8,13.9,16.5,12.6,2.4
2006,10,28,0,9.9,3.3,12.3,17.7,12.6,2.2
2006,10,29,0,6,6.3,15.3,17.9,14.1,2.4
2006,10,30,0,9.7,1,12.3,15.5,11.4,4.1
2006,10,31,0,10.1,0.3,10.8,15.4,11.8,2
2006,11,1,0,7.1,7,12.3,15.8,11.7,4.3
2006,11,2,0,7.8,4.8,11.5,14.8,11.6,4.3
2006,11,3,0,9.7,0,9.6,14.4,10.5,2
2006,11,4,0,7.4,2.5,10.8,16,11.2,2.3
2006,11,5,0,8.8,0,11.8,16.9,11.7,2.4
2006,11,6,4.5,0,8,13.1,17.2,12.5,4.5
2006,11,7,32,0.6,7.8,7.5,11.9,9.1,10.2
2006,11,8,0,6.7,5,9.5,13.6,8.5,4.4
2006,11,9,0,9.9,1,7.5,16.3,9.4,4.2
2006,11,10,0,4.2,8.8,14.5,17.7,13.7,3.7
2006,11,11,45,0,10,9.5,12.8,12.3,4.3
2006,11,12,2,1,9.3,7.4,9.2,6.9,6.7
2006,11,13,0,4.5,7,7.2,13.1,8.4,5.7
2006,11,14,25,0.5,10,12,15.7,11.3,6.8
2006,11,15,34,2,9.8,7.7,10.2,8.5,6
2006,11,16,14.5,1.4,9.8,8,9.6,9.1,3.3
2006,11,17,5,6.4,7.8,7.7,9.7,8.9,4.4
2006,11,18,0,4.7,9.3,7.4,10,8.4,4.1
2006,11,19,6,0,8.8,6.9,10.2,8.7,4.9
2006,11,20,9.5,0,10,10.4,12.3,12,3.4
2006,11,21,0,9,4.3,8.5,12.7,10.2,2.8
2006,11,22,0,2.3,5.3,8.6,11.6,9.2,4.9
2006,11,23,0,0,10,6.6,8.2,6.8,6.1
2006,11,24,0,5.3,9,5.7,8.9,6.7,5.6
2006,11,25,0,9.4,0.3,3.8,9.1,6.7,4.1
2006,11,26,5,0.1,10,7.6,12.1,9.7,3.2
2006,11,27,44,0,10,11.9,13.1,13.3,3.5
2006,11,28,8,1.5,8.5,10.2,11.5,10.8,2.8
2006,11,29,9,0,10,8.5,11.2,9.9,3.6
2006,11,30,14.5,0.9,9.8,6.4,8.6,8.4,3.6
2006,12,1,54,1.1,10,5.3,7.3,8.1,4.8
2006,12,2,29.5,1,9,3,7.7,7.6,6.9
2006,12,3,21.5,0.1,10,1.6,3.7,6.7,3.3
2006,12,4,18,0.7,10,2.9,4.3,6.9,3
2006,12,5,4.5,1.9,9,3.9,7.7,7,4.7
2006,12,6,1.5,7.8,4.3,4.3,7.2,7.6,3
2006,12,7,4.5,0.1,10,3.8,10.1,7.7,3.6
2006,12,8,1.5,0,10,5.8,7.5,7.9,4.8
2006,12,9,4,0,9.5,5.5,7.4,8.4,1.7
2006,12,10,2,0,9.3,3.8,6.2,7.2,3.7
2006,12,11,0,5.6,5.3,4.1,7.1,6.3,4.9
2006,12,12,4,0.1,7.8,5.8,8.8,7.9,3.9
2006,12,13,3,0.8,7.8,6.3,9.3,8.4,3.1
2006,12,14,5.5,0,10,7.7,9.3,9.2,2.6
2006,12,15,0,2.6,7.8,8.7,11,8.1,5.2
2006,12,16,0,4.6,9,7.8,11.3,7.5,4.8
2006,12,17,34.5,0.4,9.5,2.6,7.5,7.6,6.2
2006,12,18,3,0,9.8,2.8,4.2,5.8,3
2006,12,19,2,1.4,10,4.1,6.7,6.8,2.7
2006,12,20,0,8.1,5,4.2,7.6,7,2.6
2006,12,21,2,0,7.5,3.3,7.5,7.2,2.1
2006,12,22,3,1.3,7.5,5.1,7.5,7.9,2
2006,12,23,6,0.4,10,5.3,8.2,7.8,4.7
2006,12,24,0,3,7.3,2.2,6.2,5.4,3.7
2006,12,25,0,8.4,2.5,0.1,5.6,5.9,3.8
2006,12,26,13,0,8.3,3.6,8.3,8,4.1
2006,12,27,19,1.2,9.8,8.6,10.8,9.8,4.8
2006,12,28,34.5,0.9,10,0.3,5.8,6.7,9.2
2006,12,29,7,0.5,10,-0.5,2.5,4.9,7.6
2006,12,30,0.5,0.1,10,1.7,3.4,5.2,4.3
2006,12,31,0,6.6,4.8,-0.2,3.4,5,2.2
2007,1,1,0,6.2,7.5,-2.1,3.4,4.5,2.1
2007,1,2,0,0,10,3.2,7,7.4,3.2
2007,1,3,0,4.4,5,2.2,5.6,6.8,3.2
2007,1,4,0,2.4,7.8,0.7,4.6,5.5,2.7
2007,1,5,0,8.2,5.3,0.7,5.6,5.7,2.9
2007,1,6,12,0.4,9.8,3.8,6.8,7.4,3.9
2007,1,7,7,0,10,2.2,5.8,5.8,11
2007,1,8,0,0,10,2.2,5.4,4.9,6.5
2007,1,9,1.5,2.5,9.5,1.6,3.7,5.4,3
2007,1,10,22,0.4,10,3.3,4.3,6.7,3.4
2007,1,11,0.5,3.7,8,2.1,3.4,5.9,4.1
2007,1,12,5.5,1.1,7.8,1.8,4.8,6.5,4.6
2007,1,13,3.5,0,10,1,2.8,5.8,3.8
2007,1,14,1,0.4,10,1,2.8,5.4,2.1
2007,1,15,0,5,6.3,0.7,5.3,5.7,2.7
2007,1,16,0,4.5,8.5,3.6,8.3,6.2,3.1
2007,1,17,5.5,0,9.5,4.7,6.2,7.9,3.1
2007,1,18,10.5,0.1,10,4.9,6.3,7.1,4.5
2007,1,19,0,3.1,6.5,0.1,4,4.4,3
2007,1,20,0,5.2,6.8,-1.5,3.3,5,3.4
2007,1,21,0,5.1,8.3,0.7,5.8,5.5,2.9
2007,1,22,5,0.2,7.5,2,4.8,5.9,2.2
2007,1,23,0,4.7,7.8,1.8,4.4,5.1,1.6
2007,1,24,1.5,0,9.5,0.2,3.5,5.6,1.8
2007,1,25,0.5,0.9,9,3,5,5.6,2.5
2007,1,26,10.5,6.3,7.3,2.9,7.3,5.5,3.6
2007,1,27,23.5,0.2,10,2.7,5.1,6.9,5.6
2007,1,28,,1.1,9.5,1.7,3.9,6.6,2.6
2007,1,29,0,7.1,5.5,2.3,5.7,6.2,2.5
2007,1,30,0,9.8,0.5,1.1,6.7,6.6,2.5
2007,1,31,8,0.1,9.8,5.1,6.9,6.6,7.6
2007,2,1,19.5,0.2,10,0.7,2.6,5.7,6.8
2007,2,2,5,2.6,8.5,0.1,2.1,5,4.4
2007,2,3,7.5,5.5,6.3,1.7,5.7,5.2,7.4
2007,2,4,3,8.2,3.5,-0.1,4.1,4.1,4.9
2007,2,5,0,8.6,3,-1.9,5.7,4.8,2.3
2007,2,6,0,4.1,7,4.5,9.7,7.4,4.9
2007,2,7,0,9,0.5,0.9,5.7,5,3
2007,2,8,3,6.4,5.8,0.4,6,5.9,2.1
2007,2,9,3,0,10,6,9.5,9.8,2
2007,2,10,13.5,0,10,4.9,8.1,8.1,5.4
2007,2,11,2.5,0.8,9.3,3,4.9,5.7,3.5
2007,2,12,2,4.6,10,2.9,6,6.6,2.9
2007,2,13,0,5.8,7.3,3.3,7.5,6.1,3.8
2007,2,14,28,0.3,10,6.4,11.3,9,8.1
2007,2,15,5,2.1,9,1.7,4.3,5.4,12
2007,2,16,0,3.7,9.8,2.6,5,4.9,3.4
2007,2,17,6,2.3,7.5,-0.3,4.1,5.5,2.3
2007,2,18,9,0.2,9.8,4.8,6.8,7.5,4.8
2007,2,19,0,4.3,8.3,3.2,6.1,6.1,2.7
2007,2,20,0,10.5,0.5,0.3,5.4,5.7,2.1
2007,2,21,0,8.8,1,1.1,7,6.2,2.1
2007,2,22,0,8.8,5,2,9.3,5.4,2.2
2007,2,23,25,0,10,3.2,8,7.6,4.2
2007,2,24,0,6.7,4.5,1.1,3.1,4.1,6.3
2007,2,25,0,8.1,7,0.1,3.9,4.5,7.1
2007,2,26,0,10.6,0.3,2.7,6.8,5.2,4.5
2007,2,27,0,3.7,8.5,3.2,8.5,7.4,2.7
2007,2,28,2.5,4.3,6,2.3,6.2,6.2,6.3
2007,3,1,0,10.6,0,-0.3,4.9,5.4,4.2
2007,3,2,0,6.1,6.3,1.4,6.5,5.6,4.6
2007,3,3,0,0.5,9.5,4.6,10.2,6.7,1.8
2007,3,4,0,8.2,7,9,12.7,9.5,2.5
2007,3,5,23,0,10,8.1,14.4,9.9,8
2007,3,6,4.5,0.7,9.3,0.6,5.1,5.5,8.6
2007,3,7,31,0,10,0,1.2,5.5,3.9
2007,3,8,25,1,10,0.2,1.4,5.7,3.9
2007,3,9,1.5,5.6,9.3,1.3,4.3,5.7,2.4
2007,3,10,1.5,6.3,8.5,1.8,7.7,5.9,3.2
2007,3,11,25.5,3.5,9.3,0.5,4.5,5.9,8.7
2007,3,12,1.5,2.1,6.3,1.9,4.2,4.9,9.3
2007,3,13,1,3.4,8.8,2.4,4.9,4.8,4.3
2007,3,14,0,4.1,6.8,1.4,4.5,4.5,2.9
2007,3,15,0,0.3,8.5,1.6,4.4,4.6,2.7
2007,3,16,0,8,4.5,1.1,4.2,4.4,5.4
2007,3,17,0,4,8,1.4,3.3,4.1,3.7
2007,3,18,0,8.2,5.5,0.2,3.3,4.3,3
2007,3,19,0.5,4.1,10,1,3.3,4.2,3.2
2007,3,20,3,6.4,7.8,-0.1,3.7,5,2.6
2007,3,21,0,9.1,5.5,0.9,6,4.6,2.3
2007,3,22,4.5,1.1,10,3.1,7.9,7.1,4.6
2007,3,23,0,10.9,3.5,2.9,9.5,6.5,2.5
2007,3,24,1,0,10,6.4,13.6,8.6,5.6
2007,3,25,17,1.9,7.5,7.5,11.6,10.8,4.4
2007,3,26,2.5,8.3,2.5,6,10.1,7.1,3.3
2007,3,27,0.5,0,9.3,6.8,13,7.4,4.7
2007,3,28,1,7.2,7.5,9.6,11.7,9.7,3.6
2007,3,29,2.5,0.2,10,9.6,12.8,8.9,6.8
2007,3,30,15,0,8.3,5.6,8.8,8.8,4.1
2007,3,31,14,0,8.3,3.9,11.6,9.3,4.8
2007,4,1,0,4,10,10.5,13.1,10.7,3.8
2007,4,2,0,5.2,8.5,7.7,10.1,8.6,3.2
2007,4,3,0,4.1,6,3.9,7.2,5.9,3.7
2007,4,4,5.5,2.7,10,2.8,4.8,6.1,4.2
2007,4,5,0,8.4,5.3,1.8,6.1,5.1,2.8
2007,4,6,0,11.2,3.8,2.6,8,5.6,3
2007,4,7,0,10,5.3,4.6,10.4,7.7,2
2007,4,8,0,8.9,7,6.2,11.2,8.9,3.5
2007,4,9,5.5,6.7,7.3,7.4,10.3,8.6,2.9
2007,4,10,0,11,3.5,5,11.5,7.3,3.1
2007,4,11,0,5.1,6.8,7.1,10.6,8.4,3.2
2007,4,12,0,9.5,3.8,4.6,10.5,7.5,2.3
2007,4,13,4,3.5,9.5,10.7,16.7,9.2,6.5
2007,4,14,1.5,1.3,8.3,8.7,11.7,9.7,7.4
2007,4,15,0,11.1,6,5.9,10.3,8.4,3.4
2007,4,16,0,0,10,8.8,10.1,9,4.8
2007,4,17,2,4.9,5.8,7.8,10.4,8.7,3.8
2007,4,18,6.5,0,10,6.6,9.6,7.9,3.5
2007,4,19,0,11.4,3.8,6.4,10.9,8.5,3.1
2007,4,20,0,11.1,5.5,6.2,16.4,7.5,4.3
2007,4,21,1.5,0,10,16.5,19.6,11.2,5.8
2007,4,22,21,0,10,12.5,18.8,14.1,6.8
2007,4,23,3,1.3,7.5,9.2,12.6,10.6,4.6
2007,4,24,0,6.5,9.5,7.7,12.7,9.8,2.6
2007,4,25,2,2.1,9.5,12.7,14.2,11.9,4.7
2007,4,26,0,2.9,6,7.3,12.7,8.6,5.6
2007,4,27,0,12.8,5.5,4.7,10.9,5.3,3
2007,4,28,12.5,7.1,6.5,9.5,13.6,10.8,4.6
2007,4,29,0,12.7,1.5,7,15.1,6.2,4.5
2007,4,30,0,11.8,5,9.4,18.4,6.1,2.7
2007,5,1,5,1.5,9.8,14.7,17,11.9,2.4
2007,5,2,13.5,0,9.5,12.1,14.5,13.1,4.2
2007,5,3,0,11.8,2.8,9.7,16.3,10.8,5.9
2007,5,4,0,12.4,1.5,14.3,19.6,11.2,4.4
2007,5,5,0,6.9,7.5,13.7,18,14.2,2.8
2007,5,6,9.5,0,10,14.2,15.8,15,3.5
2007,5,7,0.5,6.9,5.3,13,15.4,13.3,2.7
2007,5,8,0,11.4,1.5,10.9,18.9,10.8,5.5
2007,5,9,0,9.6,5,14,20,10.2,4
2007,5,10,27.5,0,10,11.2,14.2,11.3,5.3
2007,5,11,0,9.8,4.3,10.8,13.6,9.9,3.3
2007,5,12,0,7.1,7.5,8.7,14.4,10.1,2.1
2007,5,13,0,8.1,6.5,12.3,16.9,11.3,6.5
2007,5,14,0,12.2,2.8,10.1,18.9,6.9,4.1
2007,5,15,0.5,9.2,4.3,12,16.1,11.2,4.9
2007,5,16,0,7.2,6.5,10.2,17.3,9.6,2.1
2007,5,17,10.5,0.7,9,14.5,17.1,13.4,7
2007,5,18,5,6,8.5,15.8,19.9,12.1,7.8
2007,5,19,11,0.3,10,11.9,14.4,12.2,5.5
2007,5,20,2,0.5,7.3,10.7,12.4,10.4,5.1
2007,5,21,0,11.9,4.3,8.4,15.3,10.5,2.1
2007,5,22,0,11.8,4,13.8,19,12.5,2
2007,5,23,0,11.5,6.8,14,20.9,12.1,2.7
2007,5,24,0,11,7.3,16.4,21.9,12.2,2.7
2007,5,25,29,0,10,16.7,19.2,17.2,3.5
2007,5,26,0,11,0,14.1,19.9,13.4,6.2
2007,5,27,0,10.3,5.5,12.6,17.7,12,5.1
2007,5,28,0,9.2,8.8,12.2,15.8,11,3.8
2007,5,29,0,8.9,4.8,13,19.5,12.6,2.6
2007,5,30,0,0.2,7.5,15.6,17.7,14.4,2.6
2007,5,31,6,0.3,10,15.3,16.5,14.7,3.7
2007,6,1,0,2.1,10,14.3,16.2,14.1,3.3
2007,6,2,0,12.1,7.8,14.1,20,14.5,3.8
2007,6,3,0,9.2,9,17.1,20.8,14.7,3.3
2007,6,4,0,12.1,4.5,17.1,21.1,15.2,2.5
2007,6,5,0,9.5,8.3,18.3,23.1,15.4,3.8
2007,6,6,2,4.1,8.5,19.7,22.4,17.1,
2007,6,7,0,8.4,6.3,18,22.4,17.1,2.9
2007,6,8,4,1.7,7.5,18.3,21.3,16.7,2.6
2007,6,9,21.5,0.1,10,15.7,17.8,16.3,2.6
2007,6,10,0,0.9,10,14.4,17.8,15.1,2.2
2007,6,11,0,3.9,7.5,17,19.4,17.1,2.6
2007,6,12,0,11.8,4,17.1,23,17,2.3
2007,6,13,0,11.9,5.5,18.9,24.2,15.9,3.2
2007,6,14,21.5,0,10,18.8,20.9,19.1,2.9
2007,6,15,4.5,2.5,8.5,18.5,20.2,18.4,4.7
2007,6,16,0,12.9,3.3,16.3,20.8,16,5.9
2007,6,17,0,8.7,7.3,15.9,21.9,16.2,3.8
2007,6,18,0,3.2,10,19.4,22.7,18.6,2.9
2007,6,19,0,10.8,9.3,19.6,23.5,18.4,3
2007,6,20,0,8.1,6.5,20.8,25.2,19.9,2.4
2007,6,21,19.5,0,10,21.1,22.9,21.7,2.4
2007,6,22,83.5,0,10,18.3,19.8,20,4.4
2007,6,23,0,9.9,5.8,17.4,21.4,19.2,3.5
2007,6,24,13,0,10,19.4,20.5,19.6,2.3
2007,6,25,1,0,9.5,19.4,21.5,21,5.1
2007,6,26,0,0,9.8,20.7,22,21.3,2.3
2007,6,27,0,1.1,8.8,20.1,22.1,20.7,1.6
2007,6,28,0,2.3,8.3,19.2,24.4,21.6,2.3
2007,6,29,43.5,0,10,22.3,24,24.6,5.9
2007,6,30,14,0.2,10,20.5,22,21.9,3.7
2007,7,1,0,0.8,8.5,19.3,21.6,19.5,4.2
2007,7,2,7.5,0,10,19.7,20.6,20.6,3
2007,7,3,0.5,2,10,20.2,22.5,22.1,2.6
2007,7,4,23,0,10,20.7,21.8,22.2,4
2007,7,5,10,6.9,9,19.4,21.9,18.7,4
2007,7,6,0,7.7,8.3,21.9,24.2,20.9,3.7
2007,7,7,0,9.4,6,21.1,23.5,21.1,5
2007,7,8,0,3.8,10,21.2,23.3,20.9,2.8
2007,7,9,0,6.8,7,20.8,24.1,22.1,3.1
2007,7,10,7,0,10,22,23.2,23.2,2.2
2007,7,11,3.5,0,10,22.3,24,23.8,3.6
2007,7,12,0,0,10,22.1,23.2,23.2,2.5
2007,7,13,0.5,0,10,21.1,22.3,22.4,2.9
2007,7,14,11,0,10,21.2,22.7,23.3,4.7
2007,7,15,4,1.2,10,22.1,24.1,23.5,6.4
2007,7,16,1.5,0.3,9.8,21,22.4,22.2,4.1
2007,7,17,5,0,10,21.1,22.4,22.1,3.3
2007,7,18,1.5,0.1,10,20.8,22.5,22.1,2.3
2007,7,19,0,12.5,6.5,19.5,25.7,22,2
2007,7,20,17,0,10,22.4,23.8,22.9,1.8
2007,7,21,3.5,0,10,22.2,22.7,23.7,1.7
2007,7,22,0.5,0.3,10,21.4,22.8,22.1,2.3
2007,7,23,2,6.5,6.5,20.8,22.8,21.3,2.3
2007,7,24,0,11.8,4.5,18.9,23.2,20.6,2.5
2007,7,25,7.5,0,10,22.6,25.4,23.8,2.6
2007,7,26,0,1.9,10,23.4,25.2,25.9,3.9
2007,7,27,0,9.4,3,22.6,24.9,22.7,2.4
2007,7,28,0,4.1,8.5,22.1,26.1,23.2,4.9
2007,7,29,0,1.2,10,21.7,24.5,23.3,4.2
2007,7,30,0,4.2,9.5,20.8,23,19.7,4.3
2007,7,31,0,10.5,4,20.2,22.9,19.3,2.4
2007,8,1,0,13.2,5,19.4,27.9,17.4,3.2
2007,8,2,0,10.3,9.8,24.1,29.8,22.9,2.3
2007,8,3,1.5,4.2,9.8,25.4,30,23.3,4.6
2007,8,4,0,1,9.5,25.7,29.3,25.6,5.4
2007,8,5,0,12.5,4.3,25,28.9,24.1,3.5
2007,8,6,0,7.9,6.5,25,28.3,24.2,2.1
2007,8,7,0,6.4,10,25.4,28.2,25,2.6
2007,8,8,0,11.6,8.3,25.6,29.7,25,2.4
2007,8,9,0,12.1,8,26,29.6,22.7,3
2007,8,10,0,12.6,4.5,25.5,29.4,24.6,2.8
2007,8,11,0,12.7,0.3,26,29.7,26.4,3
2007,8,12,0,12.5,0.3,25.9,29.5,25.6,2.8
2007,8,13,0,12.9,0.8,25.7,30.2,24.8,2.8
2007,8,14,0,10.2,2.5,26.7,30.7,26.2,2.8
2007,8,15,0,11.8,1.8,27.4,30.3,26.8,3.2
2007,8,16,0,12.5,3.8,26.6,29.4,27.4,2.7
2007,8,17,0,8.6,6.8,26.7,28.8,26.8,3.1
2007,8,18,0,9.8,4.3,25.6,28.3,26.5,2.5
2007,8,19,0,10.3,4.5,25.4,28.6,27.4,2.6
2007,8,20,47,12.1,4.5,22.7,28,25.4,3.7
2007,8,21,2,7.8,5.8,25.8,29.2,25.1,5.3
2007,8,22,32,1.5,9.5,23.4,27.7,26.6,5.8
2007,8,23,11,5.4,8.8,22.5,25,21.3,3.1
2007,8,24,0,12.5,3.3,20.4,25.8,19.1,3.6
2007,8,25,0,11,3.8,22.4,26.9,23.1,2.4
2007,8,26,0,6.8,7,23.4,27.3,21.7,2.3
2007,8,27,0,5.4,9.3,24.9,28.1,25.2,3.5
2007,8,28,55,0,10,22.8,25.1,25.1,4.2
2007,8,29,7.5,3.4,9.8,20.1,25.2,23.7,4.4
2007,8,30,66.5,0,10,19,21.9,21.3,3.5
2007,8,31,7.5,0.1,9,21.7,23.4,22.6,4.4
2007,9,1,0,0,10,20.8,23.4,20.5,4.7
2007,9,2,0,3,9.8,22.6,26.7,23.1,2.9
2007,9,3,0.5,2.2,10,23.7,25.9,24.9,2.4
2007,9,4,0,5.1,8.8,23.4,26,25.5,5.1
2007,9,5,0,6.6,9,24.4,26.7,26.1,5.5
2007,9,6,0.5,0.3,10,24.9,26.4,27,2
2007,9,7,12,0,10,24.1,25.4,27,6.2
2007,9,8,2,0.3,9.8,22.8,24.7,23.7,3.2
2007,9,9,8.5,5.6,9,21.8,24.7,23.9,2.6
2007,9,10,7,2.9,6.8,19.7,22,20.8,2.1
2007,9,11,5,10.5,3.3,17.9,23.7,18.2,3.1
2007,9,12,8.5,7.5,8.8,19.7,23.2,20.7,3.1
2007,9,13,0,11.1,4.3,20.3,24.7,21.5,3.4
2007,9,14,0,3.2,9.3,23.1,26.1,23.1,3.4
2007,9,15,0,8.7,6.8,22.9,28.7,23.1,2.5
2007,9,16,0.5,5.3,8.3,24.7,27.9,24.8,3
2007,9,17,1,1.7,8.8,25,27.7,25.6,5.8
2007,9,18,0.5,0.8,9,21.3,23.7,21.5,2.9
2007,9,19,0,11.6,1,20.4,26.2,22.8,1.8
2007,9,20,0,10.8,0,22.8,27.8,21.8,2.2
2007,9,21,0,10.5,2.8,22.8,28.3,22.4,2.9
2007,9,22,0,6.5,9.8,24.2,26.5,24.1,4.2
2007,9,23,0,2.1,9.8,23.2,24.5,20.2,6.1
2007,9,24,0,4.3,9.3,22.7,25.4,22.1,2.3
2007,9,25,6,1.9,7.3,19.7,22.9,20.2,4.2
2007,9,26,0,9.3,0.8,16.8,21.2,16.2,3
2007,9,27,0,8.1,3.3,18.5,25.1,18.8,3.4
2007,9,28,20,2.5,8.8,16.4,22.1,18.5,5.2
2007,9,29,0,1.5,9,16.4,19,14.3,4.5
2007,9,30,19,0,10,16.6,17.4,16.4,2.5
2007,10,1,0,3.8,10,17,20.5,16.6,3.1
2007,10,2,0,6.2,6,18,21.1,16.2,3.7
2007,10,3,0,9,3.8,15.5,21.1,14.6,3.2
2007,10,4,13.5,3.5,8.8,18.2,21.7,16.9,2.3
2007,10,5,4.5,3.9,7.5,17.3,20,16.9,3.5
2007,10,6,0,6.9,2.5,14.7,19.1,13.2,3.3
2007,10,7,0,9,3.8,14.9,22.5,13.9,4.4
2007,10,8,38.5,0,10,15.4,19,17.9,5
2007,10,9,0,5.8,5.5,13.7,17.1,12.6,2.6
2007,10,10,0,9.7,2.3,11.6,16.8,11.7,3.3
2007,10,11,0,3.4,6.5,13.4,17.7,13.4,1.9
2007,10,12,0,2.6,9.5,16.2,18.4,12.6,3.6
2007,10,13,0,4.3,9.3,13.6,16.9,11.1,4.3
2007,10,14,0,7,9,11.2,16.4,10.7,3.5
2007,10,15,2.5,5.3,9.3,14,16.7,12.3,3.7
2007,10,16,0,1.5,6.8,11.6,15.7,12.6,4.1
2007,10,17,0,7.3,4.5,13.1,16.4,12.5,5
2007,10,18,0,6.3,6.8,14.5,17,12.2,4.4
2007,10,19,13,0,10,13.1,16.1,12.7,3.8
2007,10,20,9,0.5,10,12.3,15,10.6,7.1
2007,10,21,0,4.7,5.8,10.7,14.1,8.9,3.8
2007,10,22,0,9.5,5.8,11.2,16.5,11.1,4
2007,10,23,0,5.7,2.5,11.3,15.8,12.1,3.5
2007,10,24,0,10.3,0,8.4,14.4,10.2,3.7
2007,10,25,0,9.5,1.3,10.5,17.4,11.1,2.8
2007,10,26,15,0,9.3,14.6,17.5,15.4,2.1
2007,10,27,4,0,10,15.9,17,15.8,4.5
2007,10,28,0,7.6,4.5,11.7,15.9,12.3,2.2
2007,10,29,0.5,0.8,9,13.3,18.8,12.3,6.2
2007,10,30,0,0.5,10,12.6,15.5,12,2.9
2007,10,31,0,8.8,3.5,10.5,15.2,11.2,3
2007,11,1,7.5,0,10,13.3,15.1,12.1,3.9
2007,11,2,0,,8,11.6,14.3,9.1,2.8
2007,11,3,0,,4.8,11.7,14.6,9.3,3.1
2007,11,4,0,5.2,7.3,10.9,13.9,10,4.3
2007,11,5,0,1.7,9.3,9.9,14.7,11,2.8
2007,11,6,6.5,0,10,12.8,13.9,12.6,2.7
2007,11,7,0,9.1,1,9.3,13.1,9.6,3.2
2007,11,8,0,7.9,8.3,6.8,12.8,8.9,2.1
2007,11,9,0,5.6,5.8,8.5,13.7,10.5,4.6
2007,11,10,0,1.2,8.8,13.2,15.6,12.4,3.1
2007,11,11,31,0.8,7.5,11.9,13.9,11.5,4.2
2007,11,12,27,0.8,10,9.7,12.6,10.4,7.4
2007,11,13,0,1.6,9.8,11.8,14,10.2,4.2
2007,11,14,1,8,5,9.6,14.3,9.4,3.3
2007,11,15,3.5,1.7,9.5,8.4,12.8,10.4,5.1
2007,11,16,0,0.7,6.8,5,8.1,6.6,2.7
2007,11,17,9,7.2,4.8,3.9,9.6,7.4,4.2
2007,11,18,13,0.3,10,2.2,7.8,7.8,7
2007,11,19,8,7,5.8,1.5,5,5.5,3.7
2007,11,20,19.5,2.4,7.5,3.4,9.6,7.1,7.4
2007,11,21,14,2.2,9.5,3.1,6.5,7.1,5.4
2007,11,22,12,1,10,0.3,3.4,6.2,3
2007,11,23,0,1.4,7.3,3.3,5.7,5.8,3.1
2007,11,24,1,5.8,4.5,1.8,8.5,7.4,3.2
2007,11,25,0,9.2,1.3,5,10.6,8.1,2
2007,11,26,0,6.4,6.8,5,12.6,8.9,4.9
2007,11,27,0,0,10,7.6,9.8,8.4,4.3
2007,11,28,0,8.9,3.3,6.8,9.4,6.9,6.5
2007,11,29,0,1.3,6,6.1,8.9,7,6.8
2007,11,30,5.5,7.6,4.8,3.3,9.7,7.8,4
2007,12,1,8,3.3,6.5,7.7,9.6,8.7,3.1
2007,12,2,7.5,2,8.3,7.7,10,8.5,5.8
2007,12,3,12,0.3,10,8.3,10.4,8.8,6
2007,12,4,18,0.5,9.8,2.3,5,6.8,5.8
2007,12,5,10.5,1.1,8.8,2.4,4.3,6.7,2.6
2007,12,6,4.5,1.9,8.5,4.2,8.6,7.2,4.1
2007,12,7,18,2.2,10,7.5,9.6,7.8,6.8
2007,12,8,10,1.6,8.5,6.6,8.4,7.8,4.5
2007,12,9,12.5,0.1,10,4.8,6.3,7.3,3.7
2007,12,10,0,2.4,8.3,2.9,7.4,7.1,2.2
2007,12,11,2.5,0,9.8,5.7,10.2,8.7,2.9
2007,12,12,4,3.4,9.8,9.7,11.4,9.6,3.7
2007,12,13,28,0,10,7.5,10,9.1,6.5
2007,12,14,14,0.1,10,4.4,5.7,7,4
2007,12,15,27,0.1,10,1,4.5,6.9,3.5
2007,12,16,2,1.8,8,2.1,5,5.6,4.7
2007,12,17,22,0,10,2.5,6.2,7,4.9
2007,12,18,19,0.3,9.8,3.6,6,7.3,4.4
2007,12,19,0,0.8,10,3.7,5.8,6.4,3.4
2007,12,20,8.5,1.8,8.3,5.1,7.1,6.9,5.1
2007,12,21,7,2,9.5,5.1,7.3,7,4.6
2007,12,22,0,0,10,6.1,7.6,6.5,4.4
2007,12,23,2,1.3,9.3,8,10.6,8.2,3.9
2007,12,24,1.5,2.1,5.5,3,7.8,6.3,5.9
2007,12,25,0,3.3,6.8,1.4,5.4,6.2,4
2007,12,26,0,8.3,3.8,2.6,6.5,5.4,5.6
2007,12,27,0,7.8,5,1,7.1,5.9,1.8
2007,12,28,11,0,10,5.7,9.1,7.7,2.9
2007,12,29,10.5,0,10,8.1,11.2,9.7,4.7
2007,12,30,14,0.2,9.3,0.8,5.1,6.2,9.6
2007,12,31,12,0.8,10,1.4,3.6,5.4,10.8
2008,1,1,16,0.2,9.8,0.8,2.7,5.4,5.5
2008,1,2,5.5,0.4,9,1.6,3.7,5.5,3.6
2008,1,3,16,0.9,9.8,0.5,3.2,6.2,3
2008,1,4,5,2.8,9.5,2,4.3,6.2,2.8
2008,1,5,5.5,2.1,9.8,2.4,6.5,6.2,4.5
2008,1,6,0,2.1,8.3,7.3,9.7,7,6.1
2008,1,7,0,2.2,9.8,4.6,8.6,6.6,2.3
2008,1,8,3,0.3,10,6.7,9,7.8,5.3
2008,1,9,0.5,1.5,9.8,6.3,8.1,6.8,4.2
2008,1,10,0,2.4,7,3.6,8,5.6,3.7
2008,1,11,5,1.6,9.5,3.6,8.3,7.3,3.3
2008,1,12,27.5,0,10,2.8,4.9,6.8,7.3
2008,1,13,5,0.4,9,-1.1,0.6,4.5,4.3
2008,1,14,0.5,0.8,9.3,-1,0.8,4.5,3
2008,1,15,0,7.9,7.3,-1.1,3.9,4.1,3.4
2008,1,16,6.5,0.2,10,0.2,2.5,5.8,5.8
2008,1,17,5,0.7,10,-1.5,0,4.3,4.7
2008,1,18,0,6,6.8,-0.8,1.3,4.1,4.1
2008,1,19,0,6.8,9.8,-0.7,2.3,3.6,2.8
2008,1,20,0,0,10,-0.5,2.4,4.3,4
2008,1,21,0,2.1,9,1.3,2.8,4.8,5
2008,1,22,0,2,10,0,2.9,5.4,3.5
2008,1,23,3,0.3,10,1.1,5.2,5.8,3.9
2008,1,24,9,0.5,10,-1.4,2.1,5,9.1
2008,1,25,2.5,0.6,10,-1.1,0.2,4.4,4.2
2008,1,26,4,0.8,10,-1.6,-0.5,4.7,2.6
2008,1,27,3.5,4.3,9.8,-1.8,0.5,4.5,2.4
2008,1,28,0,4.6,10,-0.7,3.1,4.4,2.3
2008,1,29,3.5,0,10,1.9,3.7,6.5,2
2008,1,30,6.5,3.8,10,2.4,5.1,6.4,5.6
2008,1,31,0.5,3.7,8.3,0.9,2.4,5,4.1
2008,2,1,5,1.8,9,-1.2,0.8,4.6,2.5
2008,2,2,0,0.1,10,-1.5,2,4.1,1.6
2008,2,3,1,0,9.8,1,2.5,5.6,4.3
2008,2,4,5.5,0.9,7.3,-0.7,2,5.7,2.3
2008,2,5,5,1.5,8.3,0.7,1.8,5.6,3.5
2008,2,6,13,3.7,10,-0.6,2.4,5.3,3.1
2008,2,7,1.5,2.6,10,-0.1,1.9,5.1,2.3
2008,2,8,8.5,0.2,8,-0.8,0.5,5.1,2
2008,2,9,9.5,0.7,8.8,-2.5,0.9,4.9,3.2
2008,2,10,0,4.2,7.5,0.1,3.5,5.9,2.6
2008,2,11,0,8.6,5.8,-0.4,5,5.6,2.1
2008,2,12,15.5,0.1,10,0,4,5.8,6.7
2008,2,13,3,1.8,8.3,-2.8,-0.2,4.1,5.4
2008,2,14,8.5,1,9,-0.4,1.1,5.4,3
2008,2,15,10,0.5,10,-0.4,1.1,5.4,3.9
2008,2,16,13.5,0.7,9.8,-1,0.1,4.8,3.4
2008,2,17,6.5,1.5,9.3,-0.9,0.4,4.6,4
2008,2,18,7,0.2,10,-1.2,0.9,5.3,2.4
2008,2,19,0,5,5.8,0.4,2.8,5,2.3
2008,2,20,9.5,2.2,9.8,2,4.5,5.9,5.9
2008,2,21,0,6.8,9,1.7,4.6,4.7,2.5
2008,2,22,0,4.5,5,0.4,6.2,5.7,3.4
2008,2,23,7,0,9.3,-2.5,3.4,5.2,9.3
2008,2,24,11,0.4,9.5,-1.7,-0.4,4.3,5.8
2008,2,25,0,7.5,6.5,-1.8,1.5,3.9,2.9
2008,2,26,28.5,0,10,0.6,3.8,6.3,3.4
2008,2,27,4,0.7,10,0.3,2.1,4.5,5.8
2008,2,28,1,2.5,6.5,-0.3,3.2,4.8,3.5
2008,2,29,2.5,6.6,8.5,1.3,7.7,5.3,6.3
2008,3,1,18.5,0.9,9.8,1.6,4.6,6,5.1
2008,3,2,0,8.6,7.8,0.9,5.8,5.2,2.2
2008,3,3,5,1.9,8,3.7,6,6.5,4.4
2008,3,4,0,8.9,7.8,1.2,4,4.9,3.7
2008,3,5,10.5,3.1,8,-0.5,1.6,5.4,2.6
2008,3,6,5,3.8,9.8,-0.2,3.6,5.3,2.7
2008,3,7,1.5,5.3,6.5,2.7,5.2,5.9,3.7
2008,3,8,0.5,7.2,3.8,2.2,5.3,5.4,2.6
2008,3,9,0,9.7,6,0.3,7.7,4.9,2.6
2008,3,10,16.5,0.4,8.5,6.3,8.4,8.3,3.6
2008,3,11,0,8.4,4.5,3.7,10,7.8,4.8
2008,3,12,0,8.7,0.8,7.1,9.1,7,6.6
2008,3,13,0,7.5,5,4.8,12.3,6.9,2.1
2008,3,14,20,0,10,9,10.7,9.9,3.3
2008,3,15,0,4.2,5.8,5,8.2,7.4,2.9
2008,3,16,0,6.6,6.5,4,9.3,7.8,4.3
2008,3,17,0,9.6,2.8,4.7,8.9,6.8,4.4
2008,3,18,0,10,3.8,5.7,9.8,6.8,5.7
2008,3,19,12,0.3,10,6.8,10.7,8.2,4.2
2008,3,20,12,0,10,8.8,10.1,9,6.8
2008,3,21,0,9.6,7,7.8,10.3,7.7,6
2008,3,22,0,10.3,5.8,5.8,9.6,8.1,4.3
2008,3,23,0,0.3,7.5,5.7,12.6,8.5,1.9
2008,3,24,19,3.3,6.8,6.5,10.3,9.6,4.5
2008,3,25,1.5,10.2,2.5,4.7,11,7.3,4
2008,3,26,7,5.1,9,6.7,9.8,7.6,5.2
2008,3,27,0.5,8.1,6.5,6,9.1,6.7,2.9
2008,3,28,2.5,2.9,10,6.8,8.6,7.4,5.2
2008,3,29,4.5,0.1,9.8,5.4,7.3,7.1,3.8
2008,3,30,3.5,4.2,9,4.2,6.6,7,3.7
2008,3,31,3.5,2.5,8.8,4.8,6.6,6.9,4.7
2008,4,1,1,7.1,6.5,5.8,9.3,6.8,6
2008,4,2,0,5,7.8,5.1,10.1,6.2,2.6
2008,4,3,8,4.4,4.3,7.7,11,8,6.3
2008,4,4,0,10,5,7.2,11.1,6.5,5
2008,4,5,0,11.7,3.8,5.3,11.3,6.6,3.1
2008,4,6,0,11.6,0.5,5.2,11.7,6.8,3.2
2008,4,7,6,0,8,7.6,11.4,8.2,2.8
2008,4,8,2,5.8,6,9.7,12.7,9.9,5.3
2008,4,9,0,6.8,7.3,8.1,13.3,9.4,3.9
2008,4,10,26.5,0,10,10.8,11.8,11.5,4.3
2008,4,11,6,0.8,9.5,10.2,11.5,10.8,3.4
2008,4,12,0.5,2.6,7.8,9.2,11.1,9.7,3.9
2008,4,13,1,0,9,8.8,10.9,9.7,4
2008,4,14,5.5,0,9.8,8.6,10.9,10.5,3.5
2008,4,15,0,10.1,1.3,6.6,11.7,9.2,3.4
2008,4,16,0,0.9,10,9.8,16.2,9.7,1.9
2008,4,17,12.5,0,10,11.7,14.6,10.8,4.1
2008,4,18,26,0,10,11.5,12.6,12.6,2.6
2008,4,19,0,5,7.8,11.4,14.1,10.7,3.9
2008,4,20,0,11.7,3.5,10.9,14.6,9.9,6.2
2008,4,21,0,11.6,0.5,9.9,14.1,10.6,3.7
2008,4,22,0,11.5,1.5,9.4,14.4,10.5,2.9
2008,4,23,0,8.4,6.3,11.3,18.4,12.2,2.4
2008,4,24,17.5,0,10,10,12.9,11.9,3
2008,4,25,0.5,8.7,9,8.9,11.4,8.2,3.8
2008,4,26,5.5,8.6,6.5,7.2,13.9,9.9,3.9
2008,4,27,0,7.7,6,10.8,13.6,9.6,5.4
2008,4,28,3,11.5,2.5,9.4,12.6,7.3,3.3
2008,4,29,0,12.3,0.3,7.7,16.4,9.1,2.9
2008,4,30,0,11.5,1,13.8,20.3,10.6,3
2008,5,1,0,4.7,7.5,15.1,19.5,12.4,2.2
2008,5,2,0,9.9,8,15.2,19.9,12.5,4
2008,5,3,0,11.9,1.8,14.9,18,14.5,2.9
2008,5,4,0,10.5,8,13.9,20.4,15.5,2.3
2008,5,5,12.5,0,9.8,12.5,18.8,14.8,4.3
2008,5,6,0,12.6,0.3,8.7,16,7.8,3.9
2008,5,7,0,10.4,2.5,13.9,18.4,9.7,4.3
2008,5,8,0,3.8,10,14.3,17.3,12.2,2.9
2008,5,9,0,7.5,10,12.4,15.7,11.7,5.8
2008,5,10,3.5,0,10,10.4,12.5,10.1,6.3
2008,5,11,7.5,5.1,6.5,8.9,11.8,9.5,5.8
2008,5,12,0,12.2,5.3,9.7,13.2,9,7.5
2008,5,13,5.5,9.1,6.5,10.8,14.8,11.3,3.3
2008,5,14,16.5,4.9,8.5,11.7,14.2,11.9,3.8
2008,5,15,0,13.2,0.3,9.9,14.3,8.9,2.7
2008,5,16,0,11.9,3,9.9,16.2,9.5,3.2
2008,5,17,0,12,2,13.5,17.1,11.5,3.6
2008,5,18,0,11.1,6,11.5,18.8,11.1,2.4
2008,5,19,0,1.1,10,16.4,20.8,13,1.9
2008,5,20,13.5,7.1,6,13.5,16.2,13.5,4.4
2008,5,21,0,12.9,1.3,11.7,16.9,11,2.7
2008,5,22,0,10.9,7.5,13.4,20,11.9,3
2008,5,23,0,9.5,5.3,15.2,20.8,11.6,2.8
2008,5,24,17.5,0.6,10,16.7,19.5,15.5,2.5
2008,5,25,16.5,0.5,10,16.4,18.1,17.5,3.3
2008,5,26,0,6.8,8.8,15.9,19.2,16.3,5.3
2008,5,27,0,12.3,4.3,14,18,12.4,4
2008,5,28,0.5,3.1,9,14.2,20.2,14.2,3.1
2008,5,29,14.5,4.6,8,15.5,18.4,16.2,4.9
2008,5,30,0,3.4,9,15.9,20,16.9,2.7
2008,5,31,12,0,8,13.7,17.1,16.2,3.1
2008,6,1,0,12,4.8,12.1,17.7,12.2,2.3
2008,6,2,0,1.4,10,16.3,18.3,15.2,4.6
2008,6,3,0,5.4,7.8,16.2,17.5,14.8,2.7
2008,6,4,0,8.5,9.3,16.2,19,14.8,2.8
2008,6,5,24.5,0.1,9.8,17.3,18.8,17.3,2.3
2008,6,6,3,3.8,8.8,16.7,18.7,16.1,4
2008,6,7,0,3.7,9.8,16.1,19.8,15.9,2.2
2008,6,8,0,7.1,8,17,20.3,15.9,2.2
2008,6,9,0,9.3,5.8,18.6,20.9,17.4,2.8
2008,6,10,0,12.8,7,16.7,21.6,16.4,2.6
2008,6,11,0,1,10,18.9,21,17.4,2.2
2008,6,12,0,9.5,5,17.5,21.6,12.5,5.3
2008,6,13,0,5.2,5.3,14.8,21.2,12.3,3.6
2008,6,14,0,9.4,7.8,16,18.5,14,4.8
2008,6,15,0,9.4,8.3,14.5,18.6,13.6,5.4
2008,6,16,0,12.4,3.3,16,19.9,15.2,4.4
2008,6,17,0,12.5,6.5,16.3,20.7,15.4,5.1
2008,6,18,0,7.6,9.5,16.7,23.2,17.3,2.4
2008,6,19,0,0.5,10,21.6,25.1,18.9,3.9
2008,6,20,0,3.8,10,21.1,23.9,22.2,2.2
2008,6,21,2,7.1,8.5,20.9,23.9,21.8,3.7
2008,6,22,24,0,10,19.7,21.1,20.9,4.3
2008,6,23,13,0.1,10,18.8,19.8,19.5,4
2008,6,24,0,2.3,8.8,18.3,19.9,18.4,2.8
2008,6,25,0,1.9,10,19.2,21.3,18.5,3.5
2008,6,26,0,0,10,19.1,20,18,3.1
2008,6,27,0,0.1,10,18.9,20.4,16.8,2.9
2008,6,28,1,4.6,8.3,17.8,23.1,19.4,2.3
2008,6,29,65.5,0,10,19.9,22.2,22.4,4.1
2008,6,30,6,4.9,7.8,19.4,21.2,19.7,4.4
2008,7,1,0,7.6,6.3,19.6,21,18.2,3.4
2008,7,2,0,10.2,7.5,17.6,24.3,17.7,2.7
2008,7,3,8.5,2.3,7.3,22.4,25.8,21.8,3.5
2008,7,4,0.5,8.1,8.3,22.5,25.3,23.8,3.4
2008,7,5,0,12,8,23.2,26.9,24.1,2.4
2008,7,6,0,3.2,9.5,25,26.9,25.3,2.3
2008,7,7,0,5.3,10,24.2,26.7,24.8,2.7
2008,7,8,40.5,3,10,22,24.5,23.9,3.2
2008,7,9,0,4.9,8.8,22.3,24,22,2.2
2008,7,10,0,4.7,9.3,22.3,25.8,22.3,1.8
2008,7,11,3,2.6,6.3,23.6,26.7,22.1,4
2008,7,12,0,9.3,6.3,23.2,25.6,23.7,4.2
2008,7,13,0,7.4,9,23.1,26.8,23.2,1.8
2008,7,14,5.5,1.8,9.8,24.7,26.7,25.4,3.4
2008,7,15,0,9.1,7.5,23.7,26.1,25.2,3
2008,7,16,0,6.1,7,23.3,27.2,25,2.4
2008,7,17,0,10.6,7.5,24.3,29.1,24,2.1
2008,7,18,8.5,2.9,10,24.9,27.1,27.8,2.6
2008,7,19,0,8.4,8,24.3,27.1,25.5,2.6
2008,7,20,0,7.4,7,24.2,27.6,26.3,2.9
2008,7,21,0,12.6,1.5,25.2,30,26.9,2.3
2008,7,22,0,11.6,3.8,26.2,30.1,25.7,2.6
2008,7,23,0,7.8,6.8,26.6,29.9,26,2.8
2008,7,24,0,6,8.3,26.2,28.9,27.7,2.4
2008,7,25,0,4.1,5.8,26.8,29.1,26.9,2.1
2008,7,26,0,10.1,4.3,26.4,29.5,27,2.8
2008,7,27,0.5,2.1,8,24.2,27.5,25.9,3.2
2008,7,28,23,1.8,8.3,24.7,26.5,25.7,4.4
2008,7,29,0,8.9,8,24.6,26.7,25.7,2.5
2008,7,30,0,11.9,2.5,22.7,26.2,23.3,2.6
2008,7,31,0,2.9,8,22.8,26.6,22.9,1.7
2008,8,1,0,10.4,6.5,24.7,27.7,24.4,2.1
2008,8,2,0,4.9,5.8,24.7,29,24.1,3.2
2008,8,3,0,11.8,6.5,25.6,29.8,25.8,3.9
2008,8,4,1.5,6.1,6,24.6,27.4,26.2,3.9
2008,8,5,0,4.8,6.3,24.5,27,25.5,3.7
2008,8,6,0,9.4,1.8,25,27.9,26,4.1
2008,8,7,0,12,1.5,25,28.6,26.2,3.8
2008,8,8,0,11.1,3.8,25.5,28.5,26.3,3.5
2008,8,9,0,12.3,1.3,24.7,28.2,25.7,4.3
2008,8,10,0,10.8,4.8,24.8,28.2,25.7,3.3
2008,8,11,0,10.8,2.3,25.5,29,26,3.2
2008,8,12,0,12.8,2.8,25.3,29.5,26.8,2.9
2008,8,13,6,10.4,6.8,26.1,30.2,26,2.7
2008,8,14,5,5,9.8,25.2,29.2,26.7,3.4
2008,8,15,22.5,6.8,8.8,24.6,28.1,27.2,3.6
2008,8,16,40,1.2,10,20.2,24.9,25.5,4.4
2008,8,17,0,5.7,6.5,20.3,24.2,20.9,3.6
2008,8,18,0,10.4,8,20.5,25.7,21.3,2.2
2008,8,19,22,0.4,9.3,24.3,27.5,25.2,6.2
2008,8,20,16.5,9.2,6.3,21.8,25.5,21.8,7.3
2008,8,21,12,5.3,8,20.7,23.6,20.5,5.2
2008,8,22,0.5,9,9.3,18.7,23.8,19.2,2.9
2008,8,23,10.5,3.7,8.8,21.9,26.4,20.8,4.8
2008,8,24,3.5,0,10,21.8,23.4,20.5,4.4
2008,8,25,0,0.1,10,20.5,22.3,20,2.2
2008,8,26,3.5,0.8,9.8,20.6,23.6,22.8,3.7
2008,8,27,0,3.2,8.3,22.2,26.3,23.4,2.7
2008,8,28,33,0.2,9.5,23.1,25,25.3,2.7
2008,8,29,1.5,0,10,22.8,24.4,24.8,1.7
2008,8,30,1,0,9.8,22.5,24.3,24.2,3.5
2008,8,31,0,12.1,2.5,21.3,25.7,23.2,5
2008,9,1,0,11.1,4.8,23.7,26.9,25,4.1
2008,9,2,1,5,6,23.6,26.3,25.9,2.3
2008,9,3,37,0,10,21.5,23.7,24.2,3.4
2008,9,4,0,1,10,21.7,23.6,22.3,4.4
2008,9,5,0,4.4,8.5,23.4,26.1,25.4,3.2
2008,9,6,1.5,5.6,8,24.3,26.8,24.9,2.9
2008,9,7,0,5.1,7.8,22.8,25.5,24.3,2.7
2008,9,8,0,9.1,5,20.1,24.4,19.1,4.5
2008,9,9,0,10.9,1.8,18.3,22.9,17.3,3.4
2008,9,10,0,11,1.3,19.3,24.6,18.9,2.5
2008,9,11,0,11.4,0.3,20.6,24.8,19.8,2.3
2008,9,12,0,7.6,5,20,24.4,20.4,2.1
2008,9,13,0,4.7,8,22.4,24.3,21.4,2.1
2008,9,14,0,9.7,4,21.1,24.2,21.4,2.9
2008,9,15,0,0.4,10,20.3,23.2,20.2,2.7
2008,9,16,0,9.6,6.5,21.3,24.5,20,2.9
2008,9,17,0,9.4,5,19.3,24.5,18.9,2.9
2008,9,18,0,0.8,9.5,22.9,25.6,20.6,2.1
2008,9,19,0,0.1,9.8,23.8,25.7,22.7,4.3
2008,9,20,0,4.8,8,23.1,25,22.9,3.3
2008,9,21,23,0,10,18.5,20.3,19.6,4.1
2008,9,22,1,2.2,9,18.4,21.5,19.1,2.2
2008,9,23,8,1.9,7.5,17.7,21.3,18.6,2.9
2008,9,24,0,10,7.5,16.4,19.5,13.7,4.2
2008,9,25,8,0,10,16.5,21.6,17.2,4.1
2008,9,26,58.5,0,9.5,14.9,18.5,16.8,4.9
2008,9,27,0,5.5,9.5,13.1,16.5,10.8,2.5
2008,9,28,0,1.1,10,12.5,16.5,11.6,3.1
2008,9,29,0,0,10,14.3,16.6,13.3,1.8
2008,9,30,0,4.4,8.3,14,18.9,14.1,4.5
2008,10,1,0,5.4,5.5,15.5,19.9,14.6,4.4
2008,10,2,0,10,1,13.9,17.5,12.2,4.3
2008,10,3,0,10.7,2.5,13,19.4,14.2,2.6
2008,10,4,0,9.1,1.5,15.6,20.3,15.8,2.7
2008,10,5,7.5,0,8.5,16.4,18.4,15.6,2.4
2008,10,6,10,0.3,9.3,15.9,18.7,17.3,3.2
2008,10,7,0,1.2,9.5,17.6,20.1,17,2.7
2008,10,8,0,8.4,6,17.7,21,17,3.1
2008,10,9,0,7.4,7,17.4,21.2,16.6,2.3
2008,10,10,6,5.2,9.5,17.3,21.6,17,1.8
2008,10,11,32,1.6,8.3,13.7,17.6,13.8,4.5
2008,10,12,0,6.3,7.5,11.6,15.6,9.9,4.2
2008,10,13,0,7.1,3.8,12.1,17.2,12.4,2.1
2008,10,14,0,0.1,8.3,14.7,17.6,13.7,1.6
2008,10,15,1,9.4,1.3,14.7,18.5,13.9,2.6
2008,10,16,0,10,4.5,12.9,17.7,12.7,2.9
2008,10,17,0,7.5,5.8,13.1,18.4,12.8,2.1
2008,10,18,0,10.5,0,14.1,18.9,12.4,2.7
2008,10,19,0,10,0.8,14,18.8,14.2,1.8
2008,10,20,0,7.9,6.5,13.7,18.4,14.6,2.5
2008,10,21,0,8.3,0.5,13.6,18.1,14.2,3.3
2008,10,22,2,4.1,8.3,14.8,18.6,14.4,3.4
2008,10,23,19.5,2,10,16.5,19.5,17.2,2.7
2008,10,24,21,0,9.5,17.6,19.2,17.5,3.8
2008,10,25,0,3.4,9.5,15,17.8,12.2,3.3
2008,10,26,2,0,10,14.6,17,10.6,6.8
2008,10,27,44.5,1.5,9.5,12,13.7,11.8,4.3
2008,10,28,6.5,2.6,8,11.6,14.8,11.1,3.6
2008,10,29,6,0.5,9.5,10,13.4,10.5,4.5
2008,10,30,0,5.6,5.3,7.9,12.1,8.3,2
2008,10,31,10,1.4,10,9.8,15,9.6,4.9
2008,11,1,6,8.9,3.3,10.6,14.5,10.2,3.5
2008,11,2,0,1.8,9,10.4,16.6,10,6.1
2008,11,3,0,0,10,14.9,17.8,11.4,6.2
2008,11,4,0.5,7.1,4.3,10.5,13.5,10,4.6
2008,11,5,0,9.2,0.3,8.9,13.9,9.4,3.6
2008,11,6,0,6.9,6.3,8.4,15.9,10.4,3.5
2008,11,7,0,0.2,10,11,16,11.5,4.8
2008,11,8,0,0.1,10,9,10.5,7.2,4.1
2008,11,9,1.5,0,10,9,9.9,7.6,1.9
2008,11,10,3.5,0.2,9,6.7,10,8.6,2.3
2008,11,11,0,1.4,9.3,6.7,10.3,8.1,3.7
2008,11,12,0,9.6,0.8,5.6,11.3,8.1,2
2008,11,13,0,9.7,0.5,7,12.3,9.3,3.9
2008,11,14,0,7,4.3,8.5,13.8,10.1,1.8
2008,11,15,0,1.3,7.8,10.4,14.4,10.7,1.8
2008,11,16,15.5,0,9.5,12.4,13.9,12.5,2.3
2008,11,17,7,3.7,9.5,11.9,14,11,4.6
2008,11,18,34.5,0,9.8,5.8,9.8,7.6,7.6
2008,11,19,17.5,1.4,10,2.5,5.6,6.1,9.7
2008,11,20,11,2.7,8.8,2,4.8,6.3,6.7
2008,11,21,17.5,0.5,8,5.9,7.9,6.9,8.4
2008,11,22,2,4.1,8.5,4.8,8.5,6.6,3.4
2008,11,23,7.5,2.5,7.8,6.2,9.9,8.7,4.6
2008,11,24,23.5,0.1,7.5,5.1,7.4,8.1,3.9
2008,11,25,5,3.8,9.3,5.3,9,8.5,3.8
2008,11,26,1.5,8.4,4.5,5.5,9.1,7.7,3.1
2008,11,27,1,4.1,7.5,4.5,10.2,7.6,2.3
2008,11,28,36.5,0,10,8.5,9.6,9.8,4.1
2008,11,29,14.5,6.1,4.5,6.5,10.7,7.9,6.2
2008,11,30,25,0,10,4.8,6.2,7.2,4.5
2008,12,1,0,9.1,0,1.6,6.6,6.3,2.6
2008,12,2,0,6.2,1.3,3,9.4,7.2,3.4
2008,12,3,0,4.9,6.3,7.1,11.6,8.8,2.8
2008,12,4,0,7.4,4,6.5,12.6,7.8,2.9
2008,12,5,44.5,0,10,4.9,10.7,8.4,7.3
2008,12,6,12.5,0.2,9.5,0.7,3.1,5.4,8.8
2008,12,7,9.5,5.1,5.5,0.3,3.5,5.6,2.9
2008,12,8,0,5.1,6,-0.3,7.1,5.2,3.2
2008,12,9,4,0.7,10,7.7,11.4,8.6,2.4
2008,12,10,0,7,3.5,7.4,10.9,8.8,2.6
2008,12,11,10,2,8.8,6.4,12.3,7.6,5.9
2008,12,12,4.5,1.8,8.5,6.9,10.4,8.3,3.2
2008,12,13,0,4.9,10,5.3,9.3,7.4,2.8
2008,12,14,4.5,1.8,10,3.6,5.2,6.7,4.5
2008,12,15,5,1.9,6.8,2.5,6.1,6.4,4.1
2008,12,16,2.5,9,3,5.6,8.2,7.2,2
2008,12,17,0,7.4,5,4.8,10.4,8,2.3
2008,12,18,8.5,0.4,7.5,7.1,8.9,7.6,5.4
2008,12,19,0,5.4,3,3.1,6.4,5.5,2.5
2008,12,20,0,9.1,0.8,0.8,8.8,5.4,4.2
2008,12,21,15,0.5,9.3,6.6,12.2,9.4,4.7
2008,12,22,28.5,0,9.3,1.8,5.3,7.2,5.8
2008,12,23,6.5,0.8,7,1.3,3.6,5.9,4.5
2008,12,24,0.5,1.6,7.8,1.7,6.5,6.2,3.1
2008,12,25,32,0.1,10,1.5,7.3,6.7,8.7
2008,12,26,2.5,0.2,10,-0.6,1.6,4.2,8.1
2008,12,27,3.5,1,9.3,0.4,3,5.3,3.3
2008,12,28,8.5,0.7,8.5,2.3,5.9,6.1,4.7
2008,12,29,0.5,8.4,4.5,2.6,7.7,5.9,3.4
2008,12,30,13,0.2,10,1.6,7.3,7,8.6
2008,12,31,3,0.6,10,0.4,2.9,5.1,4.2
2009,1,1,18,0.3,9.3,0.2,1.2,5.6,2.7
2009,1,2,5.5,0.3,10,0.6,3.8,5.6,4.9
2009,1,3,0.5,0.2,10,3,4.9,4.9,3.5
2009,1,4,0,4.5,8,1.6,5.1,5.3,2.6
2009,1,5,0,3.6,9.3,2.9,5,6,4.5
2009,1,6,0,0.5,8.5,1.5,4,5.5,2.9
2009,1,7,0,6,9.8,1.2,4.4,4.6,4.5
2009,1,8,0,8.6,6.8,0.7,4.9,5.1,4.8
2009,1,9,2,0.8,10,3.7,7.2,6.4,3.5
2009,1,10,18.5,0.1,10,-0.2,2.3,4.6,7.2
2009,1,11,15.5,0.4,9.3,-0.9,1,5.1,4.7
2009,1,12,38.5,0,9.3,0.1,1.9,5,8.4
2009,1,13,2,0.9,9.3,1.2,3.4,5,7.1
2009,1,14,8.5,4.3,5.5,0.2,2.3,4.8,6.9
2009,1,15,2,0.7,9.5,-1.2,0.1,4.3,4.3
2009,1,16,11.5,0.8,8.5,-2,1.7,5.4,6.3
2009,1,17,1,2.3,6.3,0.8,3.4,5.7,3.5
2009,1,18,4.5,1.4,9.3,0.6,6.7,6.2,3.7
2009,1,19,9,0.9,10,3,6.7,6.9,6.8
2009,1,20,0.5,1.6,9.5,2.6,4.5,5.8,3.3
2009,1,21,1,2,10,0.9,5.7,5.8,2.2
2009,1,22,0,4.1,9.8,2,6.6,7.1,2.2
2009,1,23,12,1.6,9,1.6,7.6,7.8,6.2
2009,1,24,5,1.8,9.5,-1.4,0.9,4.2,8.8
2009,1,25,19.5,0,10,-0.8,0.5,4.9,7.2
2009,1,26,36,0.2,10,0.4,1.5,5.7,6.5
2009,1,27,14,1.8,8,0.3,2.4,5.8,3.9
2009,1,28,0,9.7,0.3,-1.5,2.9,4.9,2.6
2009,1,29,0,7.3,5.5,-0.5,6.8,5.6,2.5
2009,1,30,10,0,10,7.2,9.1,7.7,5.9
2009,1,31,43,0,10,4.9,6.9,8.2,7.1
2009,2,1,0,1.5,9.8,2.3,3.9,4.9,5.8
2009,2,2,0,8.9,3.3,0.2,4.4,4.6,2.2
2009,2,3,1,0,8.8,2.9,6.4,6.6,4.3
2009,2,4,0,9.1,1.8,-0.2,3.7,5.3,2.6
2009,2,5,5.5,6.6,6,0.3,5.4,6,3.9
2009,2,6,0,3.6,6.5,2.1,5.3,5.1,3.6
2009,2,7,0,7.1,5.5,0.9,6.9,5.1,4.9
2009,2,8,1.5,8,5,0.5,5.1,4.2,4.8
2009,2,9,0,0.9,7.5,-0.9,3.8,4.2,1.9
2009,2,10,0,3.7,5.5,1.9,5.5,5.9,2.1
2009,2,11,10.5,0.9,9.5,-0.2,4.9,5.8,3.7
2009,2,12,0,7.2,5,2.5,6.7,5.8,2.1
2009,2,13,0.5,0.2,10,4,13.9,8,8.5
2009,2,14,7,1.1,9.3,6.1,11.5,9.8,5.3
2009,2,15,3,6.8,5.5,3.4,8.6,7.5,4.8
2009,2,16,16,0.6,10,-1.2,2.9,5.7,7.1
2009,2,17,5,4.2,7.8,-1.9,0.1,4.4,3.1
2009,2,18,8,2.1,10,-0.9,2.1,5.1,5.1
2009,2,19,3,5,9.8,-1.4,1.8,4.1,4.4
2009,2,20,28.5,0,9.8,0.4,4,6.4,7
2009,2,21,2,1.8,9.5,0.5,2.5,4.4,4.3
2009,2,22,4.5,2,8,-1.2,5.9,5.4,3.7
2009,2,23,13,0,10,5.1,6,7.1,5.8
2009,2,24,1,0.8,9.5,1.8,6.4,7.4,2.9
2009,2,25,18.5,0,10,4.9,7.5,8.5,3.7
2009,2,26,0,6.9,4,1.4,4.4,5.7,2.9
2009,2,27,0,0,10,3.4,5.4,6,3.1
2009,2,28,0,9.9,9.5,1.8,6.3,5.6,5.5
2009,3,1,0.5,8.2,7,4.7,7.7,6.4,5.2
2009,3,2,4.5,5.4,6.3,0.9,3.1,4.3,5.1
2009,3,3,4.5,0,10,0.6,2.3,4.9,4.4
2009,3,4,0,0.2,7.5,1.7,4.7,6.7,3.6
2009,3,5,0,7.3,5.8,0.1,6.3,5.3,4.7
2009,3,6,20.5,0,10,6.9,8.8,8.5,3.6
2009,3,7,0,5.6,8.3,4.7,6.6,5.6,4.1
2009,3,8,0,4.8,9.3,2.3,6.9,5.4,2.8
2009,3,9,0,0.4,8.3,2.2,8.4,6.8,1.8
2009,3,10,1.5,2.8,9.5,3,7.1,6.6,3.8
2009,3,11,1,1.3,8.5,0.9,3.2,4.9,3.4
2009,3,12,1.5,8.6,7.8,0.7,4.5,5,2.7
2009,3,13,2.5,0.2,10,3,8.6,7.2,3.1
2009,3,14,47.5,0.2,9.8,2.4,6,7.1,8.5
2009,3,15,1,9.5,7.8,2.7,7,5.5,4.8
2009,3,16,0,3.9,7.5,7.2,11.2,7.6,6
2009,3,17,3.5,8.1,5,8.2,12.7,6.7,4.2
2009,3,18,0,10.2,0.3,5.8,14.8,6.6,4.2
2009,3,19,0,3.5,6,10.4,17.8,10.3,4.4
2009,3,20,12,0.7,7.5,3.4,8.5,8,5.6
2009,3,21,0,10.8,0.8,1.9,7.6,6.7,3.7
2009,3,22,34.5,0,10,6.7,14.1,10.6,7.3
2009,3,23,0,5.9,8.8,3.3,6.4,5.4,4.2
2009,3,24,0.5,5.7,6.5,1.6,5.8,5.5,4.5
2009,3,25,0.5,0.4,10,2.9,5.6,6.1,4.9
2009,3,26,6.5,4.1,7,0.8,3.7,5.8,4.4
2009,3,27,16.5,0.2,10,0.6,3.1,6,2.9
2009,3,28,1,8.2,7.5,1.6,4.6,4.7,3.8
2009,3,29,0,6.2,8.5,2.8,4.7,5.2,3.2
2009,3,30,0,11.6,4,1.3,5.9,5.1,3.2
2009,3,31,0,10.6,8,1.9,7.6,6,4.2
2009,4,1,16.5,0,10,3.9,6.4,7.4,3.2
2009,4,2,0,7.9,5.8,4,6.9,5.5,3
2009,4,3,0,10.4,7.3,5.1,9.4,6.6,2.7
2009,4,4,6,0,9.5,6.3,9.7,8.2,2.7
2009,4,5,0,10.5,6.3,8.1,10.9,8.1,2.7
2009,4,6,0,11.5,0,5.1,10.8,7.8,3.2
2009,4,7,0,11.3,0,6.3,12,8.3,2.9
2009,4,8,0,10.5,2.8,7.3,12.7,7.5,1.9
2009,4,9,0,12,0,6.4,12.4,8.7,1.8
2009,4,10,0,12.3,0,9,16.8,6.6,3.2
2009,4,11,0,12.1,0,9.6,15.4,7.9,2.9
2009,4,12,0,11.5,5,9.4,16.5,9.3,2.7
2009,4,13,0,10.4,6.5,12.3,17.3,9.3,2.7
2009,4,14,26,0,10,12.6,14.2,12.3,3.7
2009,4,15,2,0,10,10.3,12.2,11.1,3.2
2009,4,16,2,0,10,8,10.1,9.5,4.1
2009,4,17,0,7.6,6,8.9,11.3,9.7,3.9
2009,4,18,0,11.8,2.8,6.3,13.9,8.3,2.6
2009,4,19,0,11.3,1,8.8,14.6,9.6,4.5
2009,4,20,0.5,2.6,9.8,11.2,15.9,11.2,4.5
2009,4,21,4,1.9,9.8,13.9,18.3,13.3,3.9
2009,4,22,1.5,3.9,8,12.2,14.2,10.2,6.8
2009,4,23,0,7.5,6.5,9.7,11.4,8.2,4
2009,4,24,0,5.6,10,8.7,11.7,8.7,5.4
2009,4,25,21,0,10,11.1,12.1,11.6,4.4
2009,4,26,33.5,0.1,10,8.1,9.9,9.3,10.1
2009,4,27,0.5,9,6.3,6.6,9.9,6.5,4.2
2009,4,28,0,11.6,7,4.3,10.9,6.6,2.5
2009,4,29,0,12.4,2.5,6.8,12.9,9.2,3.1
2009,4,30,0,12.3,0,8,14.7,6.5,2.2
2009,5,1,0,11.9,5.3,9,16.1,6.8,2.5
2009,5,2,0,11.6,3.8,10.1,17.4,8.4,2.8
2009,5,3,0,3.8,10,13.6,17.3,11.4,2.5
2009,5,4,0,1.7,9.3,15.4,18.2,12.5,2.4
2009,5,5,0,5.7,6.3,13.7,18.2,12.4,4.5
2009,5,6,2,1,9.8,14.8,16.1,13.8,2.8
2009,5,7,3.5,0,10,14.4,15.1,14.3,1.8
2009,5,8,0,2.6,8.8,14.4,15.9,14,2.4
2009,5,9,0,9.9,6.8,12.9,18.4,13.3,2.4
2009,5,10,0,11.1,6.5,16.4,20.9,11.6,4.5
2009,5,11,0,9.3,10,13.7,18.9,11.4,2.3
2009,5,12,6,0.7,10,15.9,18.4,13.1,3.8
2009,5,13,2.5,6.9,6,11.9,16.2,9.9,5.4
2009,5,14,0,10.9,2.5,10.5,14.9,7.8,5.2
2009,5,15,0,11.6,6.5,8.7,13,8.6,4.8
2009,5,16,0.5,0,10,11.7,15.4,12.1,3
2009,5,17,28,0,10,14,17.3,15.5,5.9
2009,5,18,0,11.7,7.5,14.8,17.3,11.2,5.9
2009,5,19,0,12.7,5.8,13,18.9,10.9,3.6
2009,5,20,0,12.4,3,12.9,20.2,9.2,2.3
2009,5,21,0,3.1,10,16.5,23,11.5,2.5
2009,5,22,9.5,0.4,10,16.5,18.2,15.3,3.8
2009,5,23,0,6.3,9.5,16.2,17.8,14.7,3.3
2009,5,24,3,0.6,10,14.6,16.5,14.7,3.1
2009,5,25,0,6.7,8.5,13.8,16.2,13.4,3.5
2009,5,26,0,10.5,10,14.8,17.5,14.2,2.6
2009,5,27,0,7.8,9.5,14.4,19.2,15.2,3
2009,5,28,0,1.2,10,16.6,19.7,15.2,3.9
2009,5,29,0.5,9.2,8,16.9,20.1,16.1,4.5
2009,5,30,10,0,10,16.2,17.5,16,2.7
2009,5,31,28.5,0.2,10,14.5,16.2,13.7,3.8
2009,6,1,0,9.7,4.5,15.1,17.6,12.5,2.8
2009,6,2,0,9.6,6.5,14.1,22.7,10.1,3.6
2009,6,3,0,0.1,10,19,21,14.3,2.5
2009,6,4,0,4.6,9,18.5,20.4,15.6,3.2
2009,6,5,0,0,10,18.2,19.6,17.4,3.4
2009,6,6,0,3.2,9.3,17,18.6,16.8,2.3
2009,6,7,0,0.2,10,16.9,17.9,16.2,2.8
2009,6,8,0,0,10,16.6,17.8,15.8,2.3
2009,6,9,0,4,10,15.7,19.3,15.8,2.3
2009,6,10,3,0,10,18.9,21.6,17.8,1.7
2009,6,11,5,7.3,5.5,17.4,20.3,17,6
2009,6,12,0,9.6,7.5,15.3,21.7,13.2,4.3
2009,6,13,0,4.9,8.3,18.5,21,17.9,2.8
2009,6,14,0,2.7,8.5,16.4,18.9,16,3.8
2009,6,15,0,10.5,5.5,15.6,18.6,14.8,5.1
2009,6,16,0,9.5,8.3,16.2,19.7,15.3,3.9
2009,6,17,0,9.1,10,17.8,19.8,15.9,3.3
2009,6,18,2,3.2,7.5,18.2,20.8,17.3,2.6
2009,6,19,0,11,4.5,17.7,23.2,17.7,3.7
2009,6,20,0,7.3,8.5,19.1,24.9,18.3,2.2
2009,6,21,12.5,8.9,7.8,19.6,24.6,22.3,3.5
2009,6,22,89.5,0,10,21.7,23.6,24,2.6
2009,6,23,3.5,6.6,7,21.2,22.8,20.1,4.8
2009,6,24,0,9.4,7.5,20.1,24,17.6,3.5
2009,6,25,0,10.2,5.8,19.3,25.9,14.2,3.1
2009,6,26,0,13,1.8,20.6,26,15.8,2.6
2009,6,27,0,11.2,7,21,25.5,17.5,2.6
2009,6,28,0,8.8,6.5,22.2,25.6,19.2,3.1
2009,6,29,9.5,0.7,7.8,21.7,24.7,19.7,2.3
2009,6,30,11,0.5,10,21.5,23.1,22.2,4.3
2009,7,1,61,0,10,18.9,20.1,20,4.7
2009,7,2,2.5,2.1,9.8,18.7,20.8,19.3,4.5
2009,7,3,0,4.7,10,18.6,22.1,19.2,3
2009,7,4,0,7.4,8.3,20.2,23.3,20.3,2.4
2009,7,5,0,12.1,3.8,21.1,24.7,21,2.4
2009,7,6,0.5,4.5,7,22.3,26.2,22.7,2.7
2009,7,7,0,5.7,10,24.8,27.8,23.5,2.6
2009,7,8,27,0,10,23.2,25.2,23.6,5.4
2009,7,9,46,0,10,21.4,26.1,23.9,5.1
2009,7,10,41,2.7,9.3,19.9,24,20.6,6.1
2009,7,11,0,4.9,9.8,21.6,24.4,21,3.5
2009,7,12,0,2.9,9,22.2,27.1,20.5,2.9
2009,7,13,9.5,0.3,10,22.8,26.4,23.1,5.9
2009,7,14,0,5.3,10,24,28.9,25.2,3.4
2009,7,15,0,6.8,7.8,23.9,28.4,21.7,6.5
2009,7,16,17,6.7,7.5,22,25,21.7,4.7
2009,7,17,99.5,0.2,10,19.9,25.2,23.7,4.8
2009,7,18,16,0.1,9.3,23.7,26.8,24.8,4.4
2009,7,19,3,0.2,10,21.2,26.4,23.1,6.1
2009,7,20,1,6.3,9,20.3,23.5,22.1,3.3
2009,7,21,71,0.1,10,21.8,25.1,25.8,3.6
2009,7,22,0.5,4.4,9.8,22.9,24.1,23.3,3.6
2009,7,23,0,2.3,9.8,22,23.6,22.1,4.2
2009,7,24,0,2.6,9.5,22,25.5,23.8,3.2
2009,7,25,2.5,0.1,10,23.3,25.6,25.4,3.9
2009,7,26,16,0,10,22.4,23.5,24.1,2.3
2009,7,27,31,0.5,10,22.7,23.5,24.6,2.8
2009,7,28,1.5,1.2,10,22.5,24.5,24.6,3.1
2009,7,29,0,0.9,10,23.1,26.2,25.7,3.4
2009,7,30,0.5,0,10,21.7,23.6,22.7,5.6
2009,7,31,0,2.5,10,20.7,23.4,22.8,4
2009,8,1,4,0.4,10,22.8,23.8,24.5,2.7
2009,8,2,21.5,1,9.8,22.7,23.8,24.4,2.3
2009,8,3,0,11.9,7.3,22.1,25.3,24.4,4
2009,8,4,0,10.5,6.5,23.1,25.9,24.5,5.1
2009,8,5,0,7.8,7.5,22.5,24.8,23.9,4.8
2009,8,6,0,7.2,7.3,23.4,26.5,26.2,4.2
2009,8,7,20.5,0.7,10,23.4,25.6,26.6,2.9
2009,8,8,0,8.4,8.8,24,26.8,27.1,3.3
2009,8,9,7.5,0,10,24.3,25.4,26.9,3.5
2009,8,10,24.5,1.8,8,24,25.8,26.5,5
2009,8,11,0.5,0.9,8.8,24.3,25.5,26.4,3.7
2009,8,12,1,7.5,8,23.3,28.4,26.5,2.2
2009,8,13,3,1.2,9.8,23.2,27.2,26.3,4.7
2009,8,14,0,6.9,5.8,22.1,24.3,22.9,4.1
2009,8,15,0,3.1,7.3,20.5,24.6,22.5,2.7
2009,8,16,0,12,2,23.3,26.5,24.7,3.9
2009,8,17,0,12.4,2,23,26.6,24.6,4
2009,8,18,0,10.2,6.3,23.3,27.2,24.2,2.2
2009,8,19,0,9.7,8.3,23.7,27,23.1,1.9
2009,8,20,0,9.4,9.5,23.7,29.2,21.3,4.1
2009,8,21,14,0.1,10,24.5,26.9,25.3,5
2009,8,22,0,9.3,8.5,23.8,26.3,23.3,3.6
2009,8,23,0,7.4,6.8,22.5,25.5,21.2,4.4
2009,8,24,2.5,10.8,5.3,19.8,22.9,17.6,3.2
2009,8,25,0,7.6,3.5,17.4,22.2,17.3,3.6
2009,8,26,0,10.2,4.8,19,24.2,19.2,2.3
2009,8,27,0,5.4,8,22.7,27.2,20.2,2.4
2009,8,28,1,0.8,10,23.6,27,22.3,3.1
2009,8,29,26,6.3,8.3,20.9,24.6,22.8,5.2
2009,8,30,0,5,8.3,20.9,23.2,19,6.7
2009,8,31,0,0,10,20.8,21.8,21.2,3
2009,9,1,0,10.8,2,19.5,22.6,19.2,4.4
2009,9,2,0,8.1,5.3,19.5,24.6,21.4,3.4
2009,9,3,0,3.1,9.5,23.4,25.7,23.7,2.4
2009,9,4,0,4,9.5,23.3,24.9,24,2.3
2009,9,5,0,7.1,7,22,24.4,21.6,4.4
2009,9,6,0,9.5,2.8,21,24.1,21,4.2
2009,9,7,0,8.4,2.5,19.9,23.9,21,3.2
2009,9,8,0,0.3,7.8,20.3,22.8,20.1,3.8
2009,9,9,0,4.3,6.5,18.2,20.6,14.9,3.1
2009,9,10,0,9.8,7.3,17.4,21.2,15.4,3.2
2009,9,11,0,7.9,9,18.7,22.3,15.6,2.6
2009,9,12,30.5,0,10,16.9,19.3,17.9,4.4
2009,9,13,1.5,7.9,6,18,21.1,16.9,3.8
2009,9,14,0,10.1,5.5,16.3,20.9,16,2.9
2009,9,15,1.5,0.1,8.3,18.4,20.5,17.1,2.6
2009,9,16,0,6.9,3,16.7,20.5,15.2,2.9
2009,9,17,0,11.2,2.5,14.8,20.3,13.7,3
2009,9,18,0,6,6.3,17.6,21.2,17.1,2.4
2009,9,19,0,9.2,4.5,17.9,20.9,16.2,5.6
2009,9,20,0,10.2,2,16.2,20.1,14.4,4.7
2009,9,21,0,9.2,5.5,15.5,22.5,15,2.7
2009,9,22,0,0,10,20.2,21.7,19.6,1.6
2009,9,23,0,0.8,8,20.5,22.2,20.1,1.9
2009,9,24,0,9.2,3.8,19.1,22.9,20.1,2.6
2009,9,25,0,9.1,5.3,19.5,23.2,20,4
2009,9,26,0,7.3,4,19.1,22.5,18,5.1
2009,9,27,0,7.9,8.3,18.4,22.1,17.5,4.9
2009,9,28,8.5,1.5,10,20.6,23.9,18.7,3.3
2009,9,29,26,0,10,19.2,20.4,19.2,4.2
2009,9,30,1.5,0,10,18.5,19.2,17.6,3.8
2009,10,1,0,9.6,4,18.3,21.9,18.4,2.5
2009,10,2,57,0.1,8.5,19.2,20.5,19.6,2.2
2009,10,3,11,8.5,6.8,16.8,20.6,16.9,2.7
2009,10,4,0,11,1.5,15.4,20,12.9,3.8
2009,10,5,0,3.4,10,16.7,19.4,13.8,2.7
2009,10,6,0,0,10,17,19.1,15.6,3.8
2009,10,7,6,0,10,16.7,18.6,15.6,6.1
2009,10,8,54.5,0,10,15.1,16.9,15.6,7.4
2009,10,9,1,7.5,7.3,12.8,15.9,12.5,2.6
2009,10,10,5.5,6.7,6.5,13,16,12,2.8
2009,10,11,0,8.1,3.5,13,16.1,10.9,3
2009,10,12,0,10.2,5.3,11.6,16,10.3,2.6
2009,10,13,2,1.7,6.8,11.4,16.3,12.4,2.8
2009,10,14,0,7,4.8,12.4,16.4,12.3,2.8
2009,10,15,0,10.6,0,10.6,15.8,10.8,2.7
2009,10,16,0,10.4,0.5,10.6,16.5,11.4,2.3
2009,10,17,9,5.8,8.8,13.3,18.6,12.5,3.9
2009,10,18,20.5,1.7,6.3,14.2,16.7,13,4.7
2009,10,19,0,10.4,3.5,13.9,19.6,10.7,5.9
2009,10,20,1.5,1.6,6.8,14.5,18,11.3,6.9
2009,10,21,0,7.5,7,12,16.8,10.4,3.9
2009,10,22,0,8.9,6.8,13.1,15.9,11.4,3.9
2009,10,23,0,9.9,3.3,10.4,15.2,11.4,2.2
2009,10,24,0,0,9.8,12.6,14.8,12.1,3
2009,10,25,0,5.4,7.3,11.1,15.9,12.5,2.3
2009,10,26,1,0,10,14.7,15.9,14,3.5
2009,10,27,11.5,3.9,6.5,13.8,16.5,13.2,3
2009,10,28,0,9.5,1,11.6,15.8,11.8,2.2
2009,10,29,0,6.8,3,12,17.1,12.1,1.7
2009,10,30,0,8.4,5.8,12.7,17.3,13.8,2
2009,10,31,0,9.8,1.5,12,17.1,12.2,1.9
2009,11,1,26,1.6,7.5,11.5,17.2,13.1,6
2009,11,2,23.5,0.9,9,4.5,8.7,9.1,6.4
2009,11,3,2.5,3.1,8.8,4.2,6.9,6.5,3.3
2009,11,4,0,7.7,5.5,5.5,12.5,6.9,4.3
2009,11,5,0,1.7,10,9.1,15.2,9.9,4.5
2009,11,6,0,7.8,4.5,10.8,16,11.6,2
2009,11,7,0,9.7,1.8,11.1,16.5,11,2.3
2009,11,8,0,6.3,4.8,12.2,17.4,12.5,2.1
2009,11,9,0,1.6,8.3,14.2,17.6,12.8,2.3
2009,11,10,9.5,4.1,7.8,13.4,17.1,12.4,2.8
2009,11,11,44,0,10,11.2,13.5,12.8,7.4
2009,11,12,0,2,9,10.2,11.8,8.9,6.4
2009,11,13,0,0.5,7.5,8.4,12,10.6,2.8
2009,11,14,54.5,0,9,13,14.8,13.3,4.7
2009,11,15,4,0.4,9.5,11.3,12.7,8.2,10.1
2009,11,16,0,2,10,10.3,12,7,5.8
2009,11,17,14.5,0,10,6.3,8.5,8.4,2.8
2009,11,18,8,0,8.3,5.1,6.6,7.5,4.6
2009,11,19,10,0.2,9.3,5,8.8,8,3.5
2009,11,20,1,3.1,9,7.3,9.7,8.3,3.6
2009,11,21,6.5,0.4,9.8,5.8,8.9,7.9,5.5
2009,11,22,1,4.2,7.5,4.3,8.6,7.4,3.3
2009,11,23,0,7.6,4.3,7.6,11.5,8.8,2.8
2009,11,24,4,4.4,5.5,6.2,10.5,8,2.1
2009,11,25,6.5,4.7,8.8,9.9,13.2,11.4,2.3
2009,11,26,1.5,8.9,3,9.3,12.6,9.9,2.2
2009,11,27,0,7.8,7,7.7,14.1,10.1,4.2
2009,11,28,4,4.3,6.3,5.5,10,8.3,3.3
2009,11,29,3,2.2,9.8,6.9,8.7,8.1,3
2009,11,30,0,8,4.3,5.8,9.7,8.6,2.3
2009,12,1,0,9.3,1.5,4.8,9.6,7.9,1.9
2009,12,2,0,9,5.8,7.2,11.7,8.4,2.3
2009,12,3,15.5,0,10,7.5,10,9,2.7
2009,12,4,4.5,3.3,7.5,6.1,9.7,8.2,4.7
2009,12,5,35,3,7.5,5.2,10.5,8.5,4.8
2009,12,6,9,0.3,10,6.7,9.2,7.7,8
2009,12,7,2.5,0.6,9.5,5.5,7,6.3,3.3
2009,12,8,0,9,3,2.5,6.5,5.5,2.4
2009,12,9,0,1.3,10,4.5,8.8,6.8,2.1
2009,12,10,0,5,7.8,7.1,10.3,8.7,4.5
2009,12,11,18,0,10,9,10.8,10.8,4
2009,12,12,3.5,0,8.3,7.9,12.6,10.7,4.5
2009,12,13,0,0.7,7.8,5.3,7.2,6.3,4
2009,12,14,12,0.3,7.5,2.6,4.6,6.7,4.4
2009,12,15,8.5,0.2,10,2.5,5.3,6.3,4.9
2009,12,16,27,0.1,10,1.6,4.4,6.4,4.2
2009,12,17,26,0.6,10,0.1,2.8,5.7,7
2009,12,18,26,0,10,0.1,2.3,5.4,10.3
2009,12,19,22,0.1,9.3,0.3,2.1,5.5,5.4
2009,12,20,56.5,0,10,0.5,2,5.7,8.9
2009,12,21,4,1.3,9.5,0.9,2.1,5.1,5.2
2009,12,22,1.5,1.5,9.8,1.9,5.4,6,6.1
2009,12,23,10.5,3.9,9.5,4.9,7.2,7,6.2
2009,12,24,0,6.1,7.5,2,5.7,6.3,3.4
2009,12,25,0,7.6,7.5,1.8,6.5,5.3,4.3
2009,12,26,12,0.1,10,5,8.5,7.2,6
2009,12,27,0,1.8,9.5,2.2,4.8,5.9,2.7
2009,12,28,13,1.1,9.3,2.2,5.3,6.1,6.3
2009,12,29,1,5.6,6.5,1.4,4.6,5.9,3.1
2009,12,30,13.5,2.6,8,3,7.5,5.9,6.2
2009,12,31,13.5,0,10,-0.4,2.5,5.3,9.6
2010,1,1,20,0.4,10,-0.2,1.8,5.4,9.3
2010,1,2,15,0.1,10,1.1,3.8,5.9,6.3
2010,1,3,23.5,0,10,0.1,2,5.7,3.9
2010,1,4,0,6,8.5,1.4,4.6,5.6,3.3
2010,1,5,12,0.1,10,1.7,5.2,5.9,8.8
2010,1,6,3.5,0,9.8,0.6,3,5.3,5.1
2010,1,7,27,1.7,9.3,1.3,3.4,6.2,4.1
2010,1,8,18.5,1.3,10,0.2,2.2,5.8,2.5
2010,1,9,8.5,1.6,10,0.7,3.1,6.1,2.9
2010,1,10,15.5,0,10,2.2,3,6,3.9
2010,1,11,0,0.9,9.5,1.9,5.5,5.9,3
2010,1,12,25,0,10,2.2,5,7,4.8
2010,1,13,24,1.9,9.5,-1.8,1.6,4.2,10.2
2010,1,14,27,0.2,9.5,-1.8,0.2,5.1,4.2
2010,1,15,16,0.4,9.5,0,1.9,5.5,5.3
2010,1,16,3.5,5.1,9,-1,1.2,4.3,3.1
2010,1,17,0.5,2.6,7.5,-0.6,1.8,5.1,2.6
2010,1,18,0,1.7,7.8,0,4.1,5.7,3.6
2010,1,19,0,7.6,7.5,2.5,5.8,6.2,2
2010,1,20,1,3.8,9.3,0,9.4,6.7,5.1
2010,1,21,24.5,0,10,1.9,6.4,7.6,5.1
2010,1,22,2,4.4,8.5,0.1,3.7,5.2,4
2010,1,23,10,1.3,9.5,0.5,3.1,5.7,4.3
2010,1,24,4,4.9,9,2.1,5.7,5.4,4.5
2010,1,25,6.5,0,9.8,4.6,6.7,5.6,7.4
2010,1,26,0,7.4,6.5,1.6,3.6,4.7,2.8
2010,1,27,0,9,6.3,1.6,6.7,4,4
2010,1,28,4,0,10,7.2,10,8.2,6.5
2010,1,29,12.5,0.3,10,4.3,6,5.9,5.6
2010,1,30,1,2,10,4.9,6.5,6.1,5.1
2010,1,31,0,0.5,10,3.9,8,6.1,3
2010,2,1,4.5,0,8.3,2.9,4.9,6.3,5.2
2010,2,2,4,0.6,7.8,0.3,4.1,5.8,6.8
2010,2,3,21,1.5,10,-1.2,0.6,5.1,3.7
2010,2,4,9,0.2,8.5,-1.2,1.1,5.1,5.4
2010,2,5,6.5,0.7,9.8,-0.3,1.8,5.1,7.4
2010,2,6,6,0.7,9.8,-1.5,1.4,4.2,9.6
2010,2,7,0,4.3,7.3,1.4,3.6,4.1,4.2
2010,2,8,10.5,0,8.5,-0.2,4.3,5.3,2.1
2010,2,9,4.5,0,10,5,9.6,9.6,5.5
2010,2,10,25,0,10,2,4.6,7.1,7
2010,2,11,30.5,0,10,0.1,1.9,6,5.5
2010,2,12,0.5,1,9.5,0.3,1.7,5.5,3.2
2010,2,13,2,0.5,9.5,0.2,1.4,5.3,2.5
2010,2,14,0,6.6,9.5,-1.4,4.2,4.9,2.7
2010,2,15,1.5,0,10,3.9,4.8,6.6,3.9
2010,2,16,8.5,0.2,8,-0.5,1.9,5.7,4.4
2010,2,17,0,0.6,8.5,-2,0.4,4.8,2.5
2010,2,18,7.5,1.5,8.8,-0.8,1.7,5.4,4.1
2010,2,19,18,1.8,9.5,0.2,2.1,5.7,4.1
2010,2,20,4.5,3.3,9.3,1.1,3.6,5.7,4.7
2010,2,21,0,10.4,3,0.8,3.7,4.9,4
2010,2,22,1,8.1,4.8,-0.3,8.3,6,4.8
2010,2,23,0,8.1,5,6.2,9.6,8.5,2.9
2010,2,24,0,10.4,0.5,4.6,11.3,7.4,2.1
2010,2,25,0,8.1,7.5,6.2,14.3,7.3,4.2
2010,2,26,28.5,0,10,9.8,14.7,11.7,5.2
2010,2,27,3,0,10,6.4,7.9,8,7
2010,2,28,13.5,1.2,10,3.9,6.2,7,4.4
2010,3,1,24.5,0.1,9.3,4.1,6.6,7.4,5.5
2010,3,2,2,0,10,5.4,6.3,7.9,3.9
2010,3,3,1.5,3.9,9.3,4.7,7.1,6.9,5.3
2010,3,4,14,0,10,4.7,7.4,7.6,4.2
2010,3,5,5.5,1.2,10,8.8,11,10.3,4.7
2010,3,6,6,0,10,6.9,8.2,8.8,4.6
2010,3,7,13,0,10,2.2,3.7,6.6,6.3
2010,3,8,0.5,1.2,9.5,2.6,3.9,5.4,6.3
2010,3,9,35.5,0,10,0,1.5,5.5,5.1
2010,3,10,4.5,0.5,10,0.6,3.8,6.2,7.4
2010,3,11,4,6,4.8,1.2,5.2,5.2,4.4
2010,3,12,0,8,6.5,1.8,10.5,4.8,6.5
2010,3,13,10,0,9.3,3.8,9.2,7.6,5.5
2010,3,14,0,10.2,2,1.6,6.5,6.3,4
2010,3,15,6.5,0.7,8.3,4.6,13.5,8.7,6
2010,3,16,24,0.1,10,3.9,8.7,8.3,6.7
2010,3,17,1,4.9,9.3,2.7,5.3,5.6,4.4
2010,3,18,6,1.3,10,3.4,5.4,6.1,4
2010,3,19,0,6.6,3.5,3.6,7.3,6.8,3.6
2010,3,20,0,6.5,7.5,4.6,18.2,8.2,8.8
2010,3,21,21,0.1,9.5,4.2,7.7,7,8.4
2010,3,22,0,8.9,6.3,2.7,6.7,4.8,2.6
2010,3,23,0,0,10,6.6,8.7,7.5,2.8
2010,3,24,4,0,10,6.4,7,7.5,5.7
2010,3,25,23,0,10,3.6,4.9,7.3,3.2
2010,3,26,3.5,0.9,8.8,0.7,3.3,5.8,3.5
2010,3,27,6,6.6,5,0.6,4.2,5.5,5.3
2010,3,28,6,0.2,10,2.2,4.2,6.5,4.5
2010,3,29,0,4.4,8,0.3,3.3,5,5.4
2010,3,30,0,11.5,4.8,-0.8,3.4,4.1,2.8
2010,3,31,0,2.8,9.5,0.7,8.6,6.2,3.5
2010,4,1,5,0.3,10,9.8,16.7,11.6,6.8
2010,4,2,33.5,2.4,8,5.8,9,7.9,4.7
2010,4,3,1,7.5,3.3,3.1,6.6,5.1,4.1
2010,4,4,0,11.6,2.5,1.5,7.9,5.1,2.8
2010,4,5,0,2,8.8,7.5,12.7,8.7,2.6
2010,4,6,0,4.2,6,7.7,13.2,9.7,4.1
2010,4,7,0,0.2,9.3,4.7,7.4,7.4,4.6
2010,4,8,0,9,3.5,3.3,7.2,6.1,4.7
2010,4,9,0,10.1,7.3,3.6,12.6,7.6,2.1
2010,4,10,0,9.2,9.5,10.3,17.2,9,2.1
2010,4,11,29,0,10,8.6,11,10.8,6.1
2010,4,12,38,0,10,6.9,9.4,10,6.8
2010,4,13,23,0.8,10,8.1,11.6,10.9,5.9
2010,4,14,0.5,6,8.8,3.8,7.5,5.4,6.1
2010,4,15,4,0.7,10,2.6,5.9,5.8,4.2
2010,4,16,12.5,0,10,5.4,7,6.8,5.8
2010,4,17,2.5,3,7,5.6,8.7,7.4,4.8
2010,4,18,0,9.9,6,4,9.6,7,3.1
2010,4,19,0,6.1,10,8.7,14.9,7.2,2.6
2010,4,20,3,0.1,10,12.6,15,11.4,2.6
2010,4,21,3.5,7.3,8.8,9,11.4,9.9,6.1
2010,4,22,30,0,10,6.7,8.2,9,6.4
2010,4,23,4.5,0,7.5,5,7.9,8.9,3.5
2010,4,24,0,12.6,4,4.9,9,6.9,2.9
2010,4,25,0,12.6,0,4.6,10.2,6.9,2.6
2010,4,26,0,9.8,7.3,6.1,12.5,7.5,4.2
2010,4,27,5,0,9.5,10.3,12.9,9.9,2.2
2010,4,28,11,3.3,9,10.1,12.5,10,4.2
2010,4,29,11,4.6,5.8,9.1,12.1,8.6,6.5
2010,4,30,4,8.1,5.5,8.4,12.3,7.8,6.2
2010,5,1,2,12.5,2.8,8.1,13.8,8,5.5
2010,5,2,0,12.5,2.5,8.8,15,7.6,3.3
2010,5,3,0,11.3,1.3,11,19,10,3.9
2010,5,4,0,10.4,3.5,14.4,19.4,13.1,4.2
2010,5,5,0,9.5,8.3,14.5,20,13.5,2.7
2010,5,6,0,9.6,7,16.7,24.4,12.7,4.8
2010,5,7,12,3.1,7.5,12.6,17.9,12.3,6
2010,5,8,0,10.2,4.5,10.3,16,10.1,3.7
2010,5,9,0,9.3,6.8,10.6,15.3,9.8,4.4
2010,5,10,0,1.5,9,11.7,16.6,11.1,2.9
2010,5,11,18.5,0,10,13.1,14.3,13.4,2.9
2010,5,12,2.5,0.4,10,9.2,11.7,9.6,4.4
2010,5,13,8,2.6,9.3,8.9,10.8,9,3.8
2010,5,14,3.5,6.9,5.5,8.4,11,8.9,3.1
2010,5,15,0,12.2,3.8,6.7,12.9,8.4,4.1
2010,5,16,0,12.7,4.5,10.7,16.9,10.1,3
2010,5,17,0,12.9,3.5,12.6,19.2,11.1,2.2
2010,5,18,0,8.9,7.5,15.6,20.5,12.2,3
2010,5,19,14,0,10,18.2,19.4,17.2,1.9
2010,5,20,6.5,0,8,16,18.9,17.7,3.6
2010,5,21,0,12.3,0,13.8,19.3,13.8,3.6
2010,5,22,0,2.7,10,15.3,20.6,14.8,2.6
2010,5,23,26.5,0,10,15.8,18.7,14.3,3.8
2010,5,24,26.5,0,10,15.9,17.7,17.4,2.8
2010,5,25,9,0,10,15.7,17.1,15.1,3
2010,5,26,10.5,0,10,13.4,14.6,13.7,4.3
2010,5,27,12.5,0,10,10,12.3,11.8,4.7
2010,5,28,1.5,1.9,10,9.8,12.4,10.7,3.7
2010,5,29,0,2.5,10,10.6,13.5,10.9,3.8
2010,5,30,0,0,10,12.6,14.4,11.9,4.1
2010,5,31,0,13.2,5,12.8,16.7,11.8,4.8
2010,6,1,0,13.4,2,12.2,17.8,13,3.5
2010,6,2,0,13.5,0.5,13.9,19.1,14.1,3.1
2010,6,3,0,13.6,0.3,14.7,19.4,14.7,2.2
2010,6,4,0,13.5,2,15.2,19.4,15.1,2.6
2010,6,5,0,9.3,6.3,16.6,18.5,15.3,3.6
2010,6,6,0,12.4,6.3,13.9,18.9,14.5,3.3
2010,6,7,0,3.7,9.5,16.4,20.9,15.4,2.1
2010,6,8,0,0.4,9.8,17.6,19.7,16.3,2.1
2010,6,9,0,9.4,5.3,17.1,19.6,16.8,2.5
2010,6,10,0,12.8,3,16.4,19.9,16.9,2.3
2010,6,11,0,11,5.5,17.7,21,16.6,2.2
2010,6,12,0,13.3,1,17.5,23.1,17.8,2.2
2010,6,13,4.5,0.6,8.8,20,22.6,20,2.3
2010,6,14,15,0.8,9.5,18.6,21.7,20,2.9
2010,6,15,17,5.8,7.5,19.6,22.9,20.4,3
2010,6,16,39.5,2.3,8.3,19.8,21.1,20.7,3.1
2010,6,17,0,11.7,7.3,18,24.1,19.1,2.3
2010,6,18,29,0,10,19.4,21.9,20,2.3
2010,6,19,1,0.6,9.8,19.5,22.4,22,2.2
2010,6,20,12,4.8,10,21.5,24,23.1,2.8
2010,6,21,9,4.7,9.5,21.6,23.8,22.6,3.5
2010,6,22,0,0.6,10,22.2,23.7,21.7,2.3
2010,6,23,51,1.7,8.5,17.7,21.1,19.1,3.2
2010,6,24,0,14.2,1,15.5,21,15.6,2.4
2010,6,25,0,7.4,10,18.1,24,17.4,2.3
2010,6,26,13,0,10,22.3,23.2,22.2,3.1
2010,6,27,8,0.5,10,22.9,26.9,26.3,4.2
2010,6,28,13.5,0.4,10,23.1,25.7,25,3.8
2010,6,29,28,1.1,10,22.2,23.4,23.9,2.7
2010,6,30,0,8.6,9,22,24.7,21.6,2.8
2010,7,1,0,9.7,6.3,21.2,25.1,22.5,3
2010,7,2,3.5,5.2,10,22.7,25.6,23.9,2
2010,7,3,48,0,10,22.7,24,25,2.4
2010,7,4,15,0,10,22.5,23,24.2,3.4
2010,7,5,0,0,10,21.4,22.9,21.7,1.8
2010,7,6,0,7.6,8.3,21.1,24.4,22,2.1
2010,7,7,0,9.4,7.3,23.6,25.8,24,3.3
2010,7,8,0,9.9,5.5,22.4,25.3,22.6,2.9
2010,7,9,21,0.5,10,21.2,24.4,23.2,2.3
2010,7,10,0.5,9.1,8,21.8,24.3,22.5,3.6
2010,7,11,3,0,10,22.2,25.8,23.1,5
2010,7,12,40.5,0.1,10,20.9,22.7,22.5,4.2
2010,7,13,47.5,0,10,21.3,22.5,22.8,3.2
2010,7,14,19.5,0.1,10,21.8,24.6,24.4,3.8
2010,7,15,6,0.1,9.3,22.5,24.4,24.8,2.2
2010,7,16,1,9,9.5,23.1,26.7,25.3,2.4
2010,7,17,0,11.7,5.3,23.8,28.2,25.4,2.7
2010,7,18,0,13.2,3.8,23.4,28.4,22.5,2.3
2010,7,19,0,13.6,6.3,24.7,28.8,23.9,2.8
2010,7,20,0,13.2,5.5,26.1,28.7,26,2.9
2010,7,21,0,13.6,0.5,25.8,28.6,26.5,2.4
2010,7,22,0,13.3,1.8,26,28.9,26.4,2.6
2010,7,23,0,11.9,3.5,25.6,28.5,26.2,3.4
2010,7,24,0,12.7,4.8,25.1,28.1,25.6,4
2010,7,25,0,8.7,8.5,25.7,27.4,25.8,3.3
2010,7,26,0,10.7,6.3,25.3,28.7,24.4,2.6
2010,7,27,0,12.9,3.5,26.4,29.2,24.7,3.7
2010,7,28,0,11.1,5.8,24.4,29.7,23.3,3.1
2010,7,29,0,2.3,9.5,25.8,28.8,24.2,4.8
2010,7,30,18,1.7,10,23.1,28,26.2,4.3
2010,7,31,0,5.5,8.3,27.2,29.5,26.4,3.9
2010,8,1,0,5,10,26.2,28.9,27.3,4.7
2010,8,2,0,11.4,4.8,26.4,28.5,27.8,3.2
2010,8,3,0.5,7.7,3.5,25.8,29.2,27.6,2.2
2010,8,4,0,12.4,1.3,25.6,29.9,26.8,2.7
2010,8,5,0,13.5,0.3,26.7,31.1,26.7,2.4
2010,8,6,12.5,9.4,5,25.8,30.2,26.3,2.6
2010,8,7,0,7.3,9,26.5,29,27.1,2
2010,8,8,3,5.7,9.8,26.6,28.9,26.6,2.4
2010,8,9,0,11.3,4.3,25.9,29.7,26.4,2.7
2010,8,10,0,3.1,7.8,26.3,29.2,27.2,2.1
2010,8,11,0,9.8,9.5,26.5,30.8,27.6,2.2
2010,8,12,10.5,0,10,25.1,27.6,26.6,6.9
2010,8,13,1,0,10,24.5,27.2,26,1.6
2010,8,14,27.5,0,10,25.3,27.3,28.2,4.5
2010,8,15,0,9.2,9.8,26.4,30.6,27.4,3.9
2010,8,16,0,0,10,26.5,28.5,27.9,4
2010,8,17,0,6,3,24.6,28,26.4,2.7
2010,8,18,0,10.1,5,24.9,28,26,2.5
2010,8,19,0,11.7,1.5,26.1,29.2,28.4,2.9
2010,8,20,0,11.1,0.8,26.2,29.4,28.4,2.2
2010,8,21,0,12.3,3,25.7,29.4,28.2,2.3
2010,8,22,0,12.1,0,26.2,29.3,28.6,2.2
2010,8,23,0,12.4,0,25.8,29.7,25.7,2
2010,8,24,0,8.6,3.8,26.4,29.9,26.3,2.9
2010,8,25,0,9.1,4.3,26.6,29.6,26.3,2.3
2010,8,26,0,9.1,4.5,26.2,28.8,26.2,2.5
2010,8,27,0,12.1,0.3,25.9,29.7,26.1,3.2
2010,8,28,0,12.1,4.5,26.4,30,27.2,3.4
2010,8,29,0,12.1,6,25.8,30.3,24.4,2.8
2010,8,30,0,12,5.3,26.3,30.1,25.7,2.7
2010,8,31,0,10.6,5.3,27,29.9,27.9,2.7
2010,9,1,0,10,4,26.5,30,28.1,2.8
2010,9,2,0,6.9,9.5,26.9,30.2,27.4,2.2
2010,9,3,3.5,3.8,7.3,26,28.2,26.6,3.3
2010,9,4,0,11.4,1.8,24.5,28,26.1,3.4
2010,9,5,0,12,4,25,29.2,26,2.2
2010,9,6,0,0.7,10,27.2,29.7,26.5,2
2010,9,7,10,2.9,9.5,23.8,27.1,24.8,4.5
2010,9,8,57.5,0,10,23.5,24.3,25.2,4.5
2010,9,9,0,6.4,8.8,22.9,25.4,21.5,2.9
2010,9,10,0,11.9,2.3,22.4,26,22.8,2.4
2010,9,11,0,7.5,6,23.9,28.4,23.3,3.3
2010,9,12,1.5,1.4,10,25.2,28.1,27.1,5.9
2010,9,13,9.5,6.5,8.8,23.2,26.1,24.1,6
2010,9,14,11,8.1,5.5,21.8,25,21.9,4.3
2010,9,15,8,2.3,9.8,20.6,23.6,20.6,2.8
2010,9,16,75,1.8,9.3,19.6,21.4,20.6,2.7
2010,9,17,33.5,5.1,6.5,19.5,22.4,20.3,3.2
2010,9,18,0,8.3,5.5,19,23.7,20.1,2.4
2010,9,19,0,4.8,8.3,20.9,25.3,20.4,3.1
2010,9,20,6,0,10,20.3,23.8,20.1,3.1
2010,9,21,1.5,5.7,9,23.8,26.3,23.6,5.3
2010,9,22,32,0,10,17.8,23.2,22.4,5.3
2010,9,23,38.5,0,8.3,16,17.4,16.3,4.2
2010,9,24,0,0.7,10,16.8,19.1,14.1,4.8
2010,9,25,0,5.6,5.8,15.3,19.6,13,5
2010,9,26,0,7.2,5.8,13.2,19.5,13.1,4.3
2010,9,27,3.5,9.7,5.8,16.9,22.3,16.3,2
2010,9,28,6,1.7,9.8,18.8,21.1,18,3.7
2010,9,29,0,4,9.5,16.4,19.3,12.7,3.9
2010,9,30,0,4.9,7.3,16.6,20.2,14.9,2.1
2010,10,1,0,9.7,3,16.1,20.7,16.1,3.5
2010,10,2,0,10.3,6,17.8,21.7,16.1,4.8
2010,10,3,0,0,10,18.9,22.6,18.2,1.8
2010,10,4,47.5,2,7,17.9,20,18.4,3.6
2010,10,5,30.5,1.3,8.8,15.7,18.2,15.5,3.1
2010,10,6,2,6.5,3.5,14.8,18.7,14.7,2.7
2010,10,7,0,10.6,1,13.9,19.8,15.2,3.2
2010,10,8,0.5,6.9,6.8,16.6,21.3,16.4,2.8
2010,10,9,35.5,0,10,17.3,18.5,18.1,2.4
2010,10,10,6.5,3.1,9,18.3,21.1,19.5,3.8
2010,10,11,0,8,7.3,19.1,21.5,17.8,3.5
2010,10,12,0,2.9,9.8,18.6,21.6,18.5,2.8
2010,10,13,3.5,4.7,9.8,17.1,20,16.5,2.5
2010,10,14,0,8.6,7.3,15.6,19.9,15.6,4.2
2010,10,15,2,4.2,10,15.5,19.6,14.4,4.3
2010,10,16,0,7.1,8.8,15.6,18.8,11.6,3.5
2010,10,17,0,10.2,2.3,13.7,18.3,12.2,2.6
2010,10,18,0,9.1,3.3,14.3,17.8,12.7,4.6
2010,10,19,0,6,10,15.6,18.1,12.6,5.5
2010,10,20,0,1.5,10,16.5,19.7,15.4,1.6
2010,10,21,0,0,10,16.7,18.5,14.7,3.8
2010,10,22,0,2.3,9,14.3,17.2,13.1,3.5
2010,10,23,0,8.3,6,12.3,17.2,12.2,3
2010,10,24,8,0,10,15.1,16.8,13.5,2.3
2010,10,25,23.5,0,10,15,16.8,16.4,2.3
2010,10,26,31,0,10,7.8,10.2,9.9,4.9
2010,10,27,3.5,7.4,9,5.4,9.1,7.5,4.4
2010,10,28,15.5,0,10,8.6,10.1,10.3,3.2
2010,10,29,0,2.3,10,11,13.4,10.3,5
2010,10,30,0,0,10,12.4,14.7,12,2.4
2010,10,31,16.5,0.7,10,14,16.1,14.4,1.9
2010,11,1,66.5,1,10,12.8,15.1,12.9,6.6
2010,11,2,16.5,1.3,8,10.4,12.3,9.6,5.5
2010,11,3,5.5,5.7,5.8,7.3,10.7,8.1,3.7
2010,11,4,0.5,4.2,4.5,6.7,12,8.3,3.8
2010,11,5,4.5,4.4,5.8,10,13.1,10.6,3.3
2010,11,6,0,9.5,3,9.4,14.2,10,2.7
2010,11,7,0,8.6,2.3,8.6,14.3,9.3,2.1
2010,11,8,6.5,2.8,8.3,11.2,15.4,12.6,4.4
2010,11,9,36,0.3,9.5,8.7,11.5,9.6,9.8
2010,11,10,36.5,0,10,8.3,9.7,8.9,5.8
2010,11,11,2,5,5.5,7.4,10.5,9,2.4
2010,11,12,5.5,0.3,7.8,6.9,15,10.4,5.8
2010,11,13,0,0.5,10,10.7,13.4,10.3,2.8
2010,11,14,4,0.7,10,10.6,14.3,11.4,3
2010,11,15,4.5,0,8.3,5.4,8,8.3,4.9
2010,11,16,1,5.1,9.5,5.4,8,6.6,2.7
2010,11,17,14,3.1,5.3,3.7,8.9,7.5,2.4
2010,11,18,5,2.2,8.8,7,8.3,8.1,2.6
2010,11,19,0,9.4,3.5,3.4,9.3,6.7,1.8
2010,11,20,0,8.8,5,7.1,12.1,8.9,2.3
2010,11,21,0,9.6,0,6.2,11.6,9,1.7
2010,11,22,19,0,10,8.9,12.9,11.6,2.2
2010,11,23,5.5,0,10,7.6,9.1,8.7,4.8
2010,11,24,0,5.5,9.8,6.4,9.2,7.9,4.2
2010,11,25,0,2.9,7.8,5.4,10.9,8.7,2.2
2010,11,26,14,0.3,10,7.8,9.8,9.6,3.4
2010,11,27,0,2.5,6.8,6.9,10.2,7.8,4.9
2010,11,28,16.5,0,9,6.6,9.8,7.7,7.4
2010,11,29,18,0.4,9,6.1,8.1,7.4,5.9
2010,11,30,0,6.5,5.8,5.1,10.9,6.2,4.4
2010,12,1,0.5,9.1,2.5,7.1,11.8,8.6,2
2010,12,2,4.5,8.8,6.5,5.6,12.4,8.3,3
2010,12,3,27,0.4,9.8,6.6,11.9,10,9.2
2010,12,4,4,0.5,9.5,6.8,10,7.4,6.8
2010,12,5,0,5,3.5,6.7,12.1,8.4,4.5
2010,12,6,0,8.7,4.8,7,12.6,8.6,3.6
2010,12,7,17,0,10,5.4,7.2,7.7,6
2010,12,8,0,6.8,8.8,4.3,6.9,6.2,4.2
2010,12,9,47,0.3,10,2.7,5.7,7,7.9
2010,12,10,2,4.4,7,4,6.8,6.3,2.2
2010,12,11,2,1.6,7.5,2.9,11.2,7.2,8.4
2010,12,12,2,2.5,9.8,5.9,7,7.1,3.6
2010,12,13,18,0,9.3,5.2,7.3,8,3.5
2010,12,14,22,1.2,9.5,8.7,10.5,10.2,4.6
2010,12,15,16,0.3,10,0.8,4.3,6.3,7.4
2010,12,16,37,0,10,0.9,2.3,6,5.4
2010,12,17,5.5,2.4,9,1.4,4.5,6.1,5
2010,12,18,6.5,0,8.3,1.5,4.8,6.5,5
2010,12,19,0,8.8,2.5,0.4,5.8,5.8,2.7
2010,12,20,6,2.3,8,6.8,10.9,8.5,4.9
2010,12,21,6,2.8,7.5,4.2,8.4,8,3.7
2010,12,22,8,0.5,9.8,7.7,9.8,9.1,5
2010,12,23,2,1.1,8.5,6.7,9.4,7.6,4.7
2010,12,24,9,0.2,10,0.4,4.5,5.8,9
2010,12,25,21,0.4,9.8,0.3,2.1,5.4,12.1
2010,12,26,38.5,0,10,0,1.2,5.4,9.8
2010,12,27,27.5,0.2,10,0.2,1.9,5.8,8
2010,12,28,12.5,2.6,10,2.2,5.8,6.2,6
2010,12,29,26.5,0,9.8,0.1,3.4,5.5,5.2
2010,12,30,24.5,0,10,0.7,2.6,5.8,5.2
2010,12,31,31,0,9.8,-0.7,2.4,5.1,5.8
2011,1,1,9,0.6,9.8,0.9,2.6,5.8,5.1
2011,1,2,1,0.2,8.8,1.2,3.6,5.6,3.3
2011,1,3,0,6.9,4.5,-1.5,2.8,5,3.3
2011,1,4,4.5,0.4,8.3,0.4,2.7,5.7,2.8
2011,1,5,20,0,10,1.2,3.5,6.2,6.1
2011,1,6,2.5,0,10,0.2,2.4,4.7,6.6
2011,1,7,5,1.2,9,-1.3,0.1,4.6,3.1
2011,1,8,4,5.4,8.5,-1.4,3.4,5.5,4.6
2011,1,9,31.5,0,10,-1.3,2.8,6,6.7
2011,1,10,9.5,1.3,9.3,-2.6,-1.3,4.3,3.2
2011,1,11,1,7,7.3,-4,0,4.5,4.4
2011,1,12,16.5,0,10,-0.6,2.1,5.5,6.2
2011,1,13,0.5,6.8,6,-1.9,0,4.6,4.9
2011,1,14,3.5,1.2,8.5,-2.8,1.5,5.1,3.8
2011,1,15,25,0,9.8,-1,1.9,5.7,7.6
2011,1,16,10.5,0.2,10,-2.9,0,4,9.7
2011,1,17,6.5,0.8,9.8,0.3,2.7,5.1,5.3
2011,1,18,5,2.7,9.5,0.9,3.2,5.7,4.9
2011,1,19,11,0.3,10,0.9,2.9,5.5,6.5
2011,1,20,14.5,0,10,-0.1,1.3,5.3,5.1
2011,1,21,1,2.2,9.3,-0.4,1.4,5.1,2.2
2011,1,22,14,0,10,0.6,2.5,5.9,4.4
2011,1,23,6.5,2.5,10,0.2,2.1,5.5,2.5
2011,1,24,16.5,0.5,9,0.1,1.7,5.7,4.8
2011,1,25,8,0.2,10,-0.3,1.3,5.3,3.4
2011,1,26,19.5,0.1,9.8,0,1.2,5.3,4.4
2011,1,27,10,0.6,9.8,-0.9,1.5,5.1,4.2
2011,1,28,0,0.3,8.8,-2.4,0,4.4,4
2011,1,29,8.5,0,10,-3.2,0.4,4.8,7.1
2011,1,30,29.5,0,10,-3,-1.8,4.5,4
2011,1,31,17.5,1.1,8.8,-3,-0.5,4.9,3.5
2011,2,1,5,0,8.3,-0.9,2.4,5.8,3.8
2011,2,2,0,6.4,6.3,-3.3,1.3,4.3,2.2
2011,2,3,0,7.1,3.8,-1.5,3.8,5.7,3.1
2011,2,4,7.5,6.4,4.8,-0.1,4.7,5.8,2.9
2011,2,5,0.5,2.8,5,1.4,5.8,6.1,3.9
2011,2,6,1.5,5,6.5,-0.2,5.8,6,3.3
2011,2,7,5,0.4,9.5,0.6,4,5.7,3.9
2011,2,8,0,0.9,9.3,-1,2.7,4.5,4.1
2011,2,9,7,1.2,10,2.2,4.4,6.2,5.6
2011,2,10,0,0.1,10,0.2,1.2,4.7,3.1
2011,2,11,0,8.5,9,-0.3,1.6,4.3,4.6
2011,2,12,5.5,0.8,9.8,0.1,1.9,5,5.2
2011,2,13,0.5,2.3,9.5,0,2.1,4.5,6.1
2011,2,14,2,1.8,9,0.8,3.2,4.5,3.8
2011,2,15,1,1.7,8.3,0,2.7,4.9,3.3
2011,2,16,0,9.4,2.5,-1.6,3.5,4.7,2.5
2011,2,17,7.5,0.1,10,1.8,6.8,6.2,2.3
2011,2,18,33,0.7,9.8,2.1,4.1,6.3,4
2011,2,19,0,10.2,6.3,-0.1,3.1,4.3,2.7
2011,2,20,0,7.4,10,-1.2,4.6,5.3,3.7
2011,2,21,0,10.3,1.5,2.1,5.2,5.5,6.1
2011,2,22,0,10.5,0,0,5.3,5.4,3.8
2011,2,23,0,9.7,4.5,1,8.6,5.3,1.8
2011,2,24,0,8,4.8,4.1,12.1,7.4,4.3
2011,2,25,2.5,0,9.3,0.8,7.9,7.9,5.1
2011,2,26,0.5,10.1,4.3,0.5,3.3,4.6,4.1
2011,2,27,5.5,0.5,7.8,0.6,6.5,6.7,3.6
2011,2,28,24.5,0,10,5.4,6.1,7.9,5.6
2011,3,1,11,0,10,3.7,5.7,7.5,2.6
2011,3,2,11,2,9.5,-0.4,2.6,5.5,3.9
2011,3,3,5.5,1.2,10,-1.4,-0.1,4.6,3.4
2011,3,4,2.5,1.9,9.3,-0.8,0.7,4.8,3.4
2011,3,5,0,6.6,7.8,1.5,4.1,5,2.8
2011,3,6,0.5,0.4,10,1.3,7.6,6.1,5.3
2011,3,7,2,0.1,10,2.2,4.8,6.8,3.4
2011,3,8,4,5.5,8.8,0.3,3.8,5.6,4.6
2011,3,9,9.5,0.7,8.5,0.2,2.3,5.2,6.2
2011,3,10,2.5,5.1,8.3,0.2,2.9,4.5,4.5
2011,3,11,12,0.3,9.8,0.1,1.9,5.7,3.8
2011,3,12,0.5,10.5,4.8,0.2,6.1,5.3,3
2011,3,13,0,10.5,2.3,1.5,8.7,6,3.4
2011,3,14,0,7.4,8.3,4.6,11.6,8.1,4.5
2011,3,15,13,0,10,4.9,7.6,8.1,3.5
2011,3,16,5,0.3,10,-1.1,3.1,4.8,8.4
2011,3,17,1.5,1.9,10,-1.5,0.7,4.3,5.8
2011,3,18,0,10.6,7.5,-0.9,3.2,4.4,2.9
2011,3,19,0,7.3,7.8,3.2,10.1,6.7,5.6
2011,3,20,17.5,1.3,10,6.9,10.8,9.1,2.3
2011,3,21,13,0,10,6.9,8.4,9.2,4.6
2011,3,22,2.5,3.9,9.5,3,7.5,7.3,4.7
2011,3,23,2,7.9,5.5,1,3.2,4.8,3.1
2011,3,24,,,8.5,,,,
2011,3,25,2.5,2.2,9.8,2.4,5.5,5.7,5.3
2011,3,26,2.5,4.1,8.3,0.7,3.7,5.4,5.4
2011,3,27,1,7.9,6.5,0.7,3.5,5.4,3
2011,3,28,0,11.7,0.3,-0.3,5.3,4.3,2.1
2011,3,29,0,10.7,1,1.7,8,6.3,3.1
2011,3,30,3.5,6.6,8.3,4.8,8.9,7.1,5
2011,3,31,0,8,5,5,9.1,7.3,3.5
2011,4,1,0,11.9,0.3,2.5,10.8,4.8,3.4
2011,4,2,0,0,7.3,3.2,8.2,5.9,4.4
2011,4,3,0,8.7,4.8,1.2,5.3,4.2,4.4
2011,4,4,0,11.5,0.3,1,6,4.1,4.3
2011,4,5,0,12.1,0,0.9,7.4,5.7,4.2
2011,4,6,0,12.2,0,3,10.3,6.1,2
2011,4,7,0,5.7,9,7.4,16.1,6.7,4.2
2011,4,8,9,0,9.3,9.8,14.2,10.3,6.8
2011,4,9,14,0,10,8,10.2,11.1,2.6
2011,4,10,0,11.2,4.8,5.4,11.7,7.7,2.9
2011,4,11,10,0.5,6.5,3.2,7.3,7.1,3.7
2011,4,12,0,11.9,0,2.1,8.2,5,3.1
2011,4,13,0,12.1,0,11.2,13.9,5.7,6.3
2011,4,14,0,11.2,1,7.7,13.8,7.3,3.3
2011,4,15,0,10,5.5,9,17.2,8,5.3
2011,4,16,0.5,0.8,7,7.1,12.1,8.8,5
2011,4,17,0,10.6,5.5,3.4,9,6.2,5.1
2011,4,18,13,8.6,6,7,11.9,8.6,5.7
2011,4,19,3.5,3.8,9.8,7.9,9.8,9.1,4
2011,4,20,2.5,3.4,6.8,6.6,9.4,8.6,3.9
2011,4,21,0,10,7.5,5.2,12,7,2.2
2011,4,22,0.5,4,10,10,14.8,9.5,2.8
2011,4,23,23.5,0,10,8.5,11.5,11.7,3
2011,4,24,1,6.1,4.8,6,11.3,7.9,6.1
2011,4,25,7,6,5.5,6.9,11.4,7.9,6.3
2011,4,26,6.5,0.9,10,9.2,12.4,9.5,4
2011,4,27,30,6.8,9.3,11.8,18.4,13.2,5.9
2011,4,28,8.5,1.4,9.5,8.4,11.1,10.4,4.5
2011,4,29,0,8.3,6,7,12,8.1,4.2
2011,4,30,3,0,8.5,10.2,16.9,10.2,4.9
2011,5,1,3,0.5,10,14.2,19.5,13.5,8.3
2011,5,2,0,8.6,6.5,11.4,14.5,10.6,2.8
2011,5,3,0,1.2,8,9.6,13.9,10.8,2
2011,5,4,0,8.4,6.5,10.6,13.1,10.3,3.5
2011,5,5,0,9.7,5,10.1,12.9,10.3,5
2011,5,6,0,8.1,7.5,10.1,16.7,11.3,3.1
2011,5,7,4,6.8,8.5,14.5,19.6,13.4,3.2
2011,5,8,1.5,8.1,5.8,12.5,17,15,4.6
2011,5,9,0,8.5,7,9.4,20.1,10.4,2.9
2011,5,10,42.5,0,10,14.3,18.4,17.2,6
2011,5,11,44.5,0,10,13.2,14.1,14.7,5.9
2011,5,12,15.5,2.6,10,12.8,16.5,16.5,5
2011,5,13,2,9.4,5.8,14.4,16.6,11.9,8.4
2011,5,14,0,8.8,3,15.6,17.5,10.4,8.2
2011,5,15,0,10.3,7,11.5,18.6,8.1,3.8
2011,5,16,0,7.2,10,13,18.5,11.5,4.5
2011,5,17,1.5,9.1,6.3,13.6,16.9,12.9,3.2
2011,5,18,0,12.1,0,12,17.9,10.3,3
2011,5,19,0,10.9,5.5,13.9,20.9,10.5,2.6
2011,5,20,0,11.6,6.3,15.3,21.8,13,2.8
2011,5,21,0,7.1,6,18.1,22.6,17.1,3.3
2011,5,22,40,0.8,10,12.5,15.5,14.8,4.7
2011,5,23,8,0,10,13.2,14.8,13.3,4.7
2011,5,24,2.5,11.6,3.5,13.3,17.3,14.3,2.9
2011,5,25,0,12.2,9.8,14.3,18.3,13.9,4.2
2011,5,26,5.5,2.2,10,15.2,18.2,15.1,3.3
2011,5,27,2.5,0.2,10,15.6,18.3,16.2,2.9
2011,5,28,2.5,0,10,16.2,18.1,17.9,3.1
2011,5,29,65,0,10,16.7,17.5,18.1,7.8
2011,5,30,39.5,0.9,10,14.7,16.4,16,6.2
2011,5,31,0,4.9,8,12.8,16.3,14.2,2.7
2011,6,1,22,0,10,15.3,16.7,16.6,2.4
2011,6,2,3.5,3.1,9.8,15.1,18.1,16.5,2.4
2011,6,3,0,11,8.3,15.5,19.2,17.2,2.4
2011,6,4,0,8.8,10,17.2,21.6,16.8,4
2011,6,5,3,3.5,8,18.4,21.4,17.9,3.8
2011,6,6,0,11,6.3,17.8,20.2,16.3,3.4
2011,6,7,0,9.2,10,17.4,22.6,15.4,2.6
2011,6,8,0,13.2,5,18.3,22.2,16.5,2.8
2011,6,9,0,7,9.5,20.2,23.5,19.2,2.5
2011,6,10,0,4.8,10,19.9,23,20.9,2.9
2011,6,11,8.5,4.8,7.5,19.4,21,20.5,2.9
2011,6,12,0,0.1,10,18.2,20.5,18.4,1.8
2011,6,13,2.5,6.4,8.5,18.5,21.2,19.3,2.9
2011,6,14,0,7.2,8.5,17.3,19.8,17.5,3.2
2011,6,15,0,7.9,9.8,16.6,19.9,17.2,4
2011,6,16,0,1.5,10,17.6,21.3,17.9,3.5
2011,6,17,0,12,6.3,18.9,21.7,19,3.6
2011,6,18,0,0,10,19.3,20.6,19.8,3.3
2011,6,19,0,5.8,9.8,18.9,22.3,19,4.2
2011,6,20,0,4.3,10,20.1,24.2,21.7,2.5
2011,6,21,0,4.9,9.5,22.2,24.9,22.9,3.7
2011,6,22,19.5,5.8,7,22.6,26.8,24.7,4
2011,6,23,9,1.6,9.8,23.8,28.2,25.5,6.9
2011,6,24,6,1.4,10,24,28.6,25.1,7.5
2011,6,25,36.5,2.1,10,19.7,23,24.5,4.1
2011,6,26,0.5,1.7,9.8,19.9,21.4,21.8,5.8
2011,6,27,1,0.2,10,21.3,25.1,26.1,2.5
2011,6,28,17.5,2.6,9.8,23.9,27.7,26.5,5.3
2011,6,29,0,9.7,4.8,25.4,28.2,26.2,3.5
2011,6,30,12.5,7.2,9,23,27.2,25.6,3.3
2011,7,1,0,4.7,8.5,23.9,26.1,26.3,3.3
2011,7,2,0,6.3,9.8,23.3,24.9,25.7,2.8
2011,7,3,0,5.4,10,23.5,27.5,26.6,2.2
2011,7,4,51,0.2,10,22.7,26.3,26.2,6.5
2011,7,5,0.5,6.2,7.3,22.7,24.2,25.1,4.9
2011,7,6,0,9,7.5,20.2,25.5,21.8,3.5
2011,7,7,14,0,10,24,25.2,26.2,4.4
2011,7,8,0,10.8,8.5,25.9,30.8,26.3,5.1
2011,7,9,0,10,7.8,26.4,30.5,26.8,2.4
2011,7,10,0,11.8,4.5,25.6,29,27,3.6
2011,7,11,5,10,3.8,25.9,29.1,27.8,2.6
2011,7,12,0,8.9,6.3,25.8,28.8,26.1,2.1
2011,7,13,0,12.8,3,25.5,29.4,27.1,2.5
2011,7,14,0,9.8,7,26.8,29.3,26,2.7
2011,7,15,0,13.7,0,25.5,28.6,26.6,2.9
2011,7,16,0,12.1,2.8,25.3,29.4,26.8,2.5
2011,7,17,0,13.5,1,26.5,29.5,27.1,3.4
2011,7,18,0,0.9,10,26.8,29.1,29.8,4
2011,7,19,17,0,10,23.6,26.9,26.4,5
2011,7,20,0.5,9.8,5.5,24.4,29.4,27.8,5.1
2011,7,21,0,0.3,7,24.2,26.3,27.1,4.8
2011,7,22,1.5,0,10,22.1,23.8,23.7,3.3
2011,7,23,0,2.9,9.5,22.3,24.4,22.4,2.1
2011,7,24,0,7.5,7,22.3,24.7,22.2,2.8
2011,7,25,24.5,3.6,9.8,22.6,25.7,25.5,2.2
2011,7,26,0,6.8,5.8,23.1,27,25.7,2.3
2011,7,27,7.5,0.4,10,24,27.1,26.4,2.8
2011,7,28,5,0,10,24.1,27,26.6,4
2011,7,29,0,0.1,10,25.3,26.5,27.4,5.1
2011,7,30,1.5,4,9.3,24.4,26.1,27.7,3.2
2011,7,31,0,2.5,9.5,24.7,26.4,25.9,2
2011,8,1,1,5.2,8.3,24.1,27.1,26.6,2.4
2011,8,2,0,6.8,10,24.3,28,25.6,2.7
2011,8,3,0,8.9,6,24.6,28.5,25.9,3.2
2011,8,4,0,5,8.3,25.7,28.3,27.8,3.1
2011,8,5,0,8.9,3.5,25.4,28.8,28.5,2.3
2011,8,6,0,7,9.5,26.6,29.9,28,2.4
2011,8,7,0,11.2,5.8,26.7,29.7,29.5,3
2011,8,8,0,11.7,5.8,26.9,30.2,29.6,2.5
2011,8,9,0,11.6,3.5,26.4,29.8,27.3,2.5
2011,8,10,0,10.6,6,26.8,29.8,28.7,4.8
2011,8,11,0.5,8.3,8,26.1,28.5,30,5.4
2011,8,12,0,9.1,7.3,25.3,28.4,27.5,3.7
2011,8,13,0,10.9,6.8,26.9,29,28.7,3.5
2011,8,14,0,11.8,4.3,25.3,29.7,26.7,2.3
2011,8,15,1,6.4,6.8,25.2,28.9,27.1,3
2011,8,16,0,7.1,6.5,25.9,29.2,27.8,4.9
2011,8,17,9,2.4,9.5,26.6,29.7,29.1,5.4
2011,8,18,39,2,10,24.1,28.3,29.2,4.9
2011,8,19,8.5,3.2,10,22.4,25.2,24.2,4.7
2011,8,20,0,0,10,22.4,24.6,22.1,2
2011,8,21,3.5,0.4,10,20.1,22,22.5,3.6
2011,8,22,0.5,2.7,9.5,21.3,24.6,24.1,3.1
2011,8,23,33.5,0,10,22.1,23.7,26.1,2.5
2011,8,24,1.5,2.9,10,22.3,25.4,26.2,3.9
2011,8,25,33,0.4,9.8,24.1,25.8,27.7,1.9
2011,8,26,60.5,5,9.8,21.3,25,26.6,3.7
2011,8,27,0,10.9,5.8,24,26.4,25.6,5.3
2011,8,28,0,7.9,4.3,23.4,26.5,25.7,3.6
2011,8,29,0,6.9,5,23.6,26.7,26.2,3.5
2011,8,30,0,6.8,8.8,24.3,27.1,27.7,3.1
2011,8,31,0,2.1,10,25.3,27.1,28.5,2.9
2011,9,1,0.5,2.6,10,24.9,27.7,29,3.5
2011,9,2,3,0.7,10,25.2,27.7,29.7,2.6
2011,9,3,5,0,10,25,27.6,27.8,6.5
2011,9,4,4,0,10,23.7,26.1,26.4,5.2
2011,9,5,23,0.3,10,22.1,23.7,24.1,4
2011,9,6,0,9.3,6,19.9,23.4,16.2,3.5
2011,9,7,0,10.8,2.5,18.2,23.7,17.1,4.4
2011,9,8,0,9.4,7,20.3,25.2,17.4,2.1
2011,9,9,0,3.6,8,21.9,26.1,23.3,2.1
2011,9,10,0,7.1,5.5,23.6,26.3,26,4.5
2011,9,11,0,11.8,0.8,23.2,27.6,26.4,3.2
2011,9,12,0,10.4,6,24,27.9,24.3,2.3
2011,9,13,0,9.4,6.3,23.9,27.1,25,1.9
2011,9,14,0,10.8,2.5,23.3,27.1,26.4,2.8
2011,9,15,0,11.4,0.3,24.2,27.9,25.3,2.6
2011,9,16,6,8.6,9.5,23.6,27.9,23.1,2.6
2011,9,17,35.5,0.2,10,23.5,25.5,28.5,2.8
2011,9,18,0,6.3,8.8,23.7,27.5,27.1,2.5
2011,9,19,10.5,0,10,18.5,20.5,21.4,6
2011,9,20,125.5,0,10,17.1,18.1,19.4,5.2
2011,9,21,82,0,10,18.6,20,21.5,6.4
2011,9,22,61,0.4,9.8,16.4,18.3,19.2,2.7
2011,9,23,3.5,8.6,6,14.6,18.4,14.4,2.6
2011,9,24,0,11,3.3,14.6,18.5,12.7,3.5
2011,9,25,0,6.7,4.8,14.1,19.7,15,2.9
2011,9,26,0,3.9,7,17.6,20.2,16.9,3.5
2011,9,27,0,11.2,1.3,16,20.7,16,4.2
2011,9,28,0,10.7,1.3,16.5,20.8,17.6,2.1
2011,9,29,0.5,10.1,3.5,16.5,22.4,16.8,2.7
2011,9,30,16,0,10,18.8,21.8,20.8,5.6
2011,10,1,0.5,4.9,9.5,13.6,17.2,11.8,4.8
2011,10,2,1.5,0.3,8,10.8,13.9,11.6,2.2
2011,10,3,0.5,8.7,6.3,12.4,15.3,10.2,3
2011,10,4,0,11.3,2.3,11.2,16.3,10.4,3.1
2011,10,5,9.5,0,10,14.1,16.3,14.3,2.4
2011,10,6,10.5,2.4,9,15.2,18.8,15.8,3.7
2011,10,7,0,6,6.5,14.2,18.6,12.1,3.6
2011,10,8,0,10.2,1,13.1,17.6,11.5,2.7
2011,10,9,0,9,5,12.2,17.6,11.9,2.4
2011,10,10,0,8.6,5.5,14.4,20,14.8,4.3
2011,10,11,0,6.9,7,14.9,18.6,13.8,3.9
2011,10,12,0,10.3,4.5,13.2,18.1,11.6,2.6
2011,10,13,0,2.6,7,14.2,18.5,11.7,2.3
2011,10,14,9,3.6,6,15.1,19.3,16.7,2.4
2011,10,15,24.5,0,10,18.4,21.4,22,3.5
2011,10,16,3.5,6.1,8.5,18.9,20.6,15.8,6.6
2011,10,17,0,0.4,10,16.7,19,13.7,5.2
2011,10,18,0,7.1,3.8,11.4,15.6,11.6,4.7
2011,10,19,0,10.6,3,10.4,15.1,11.7,5.7
2011,10,20,0,10.2,2.3,12,17.5,14,2.7
2011,10,21,0,8.4,7,14.4,19.8,16,3.6
2011,10,22,6.5,2.5,10,18.3,21.5,21.2,3
2011,10,23,5.5,0.1,9.8,16.8,19.3,19.8,3.6
2011,10,24,0,2.9,7.8,15.9,18.8,17.4,1.9
2011,10,25,7.5,0,10,11.6,16.3,14.7,4.9
2011,10,26,2,2,8.5,9.3,11.9,10,2.9
2011,10,27,0,10,1,7.1,12.6,9.7,3.9
2011,10,28,0,10.2,5.3,9.1,15.6,11,2.2
2011,10,29,0,10,3.8,12.8,17.2,12.6,3.4
2011,10,30,5.5,0.3,10,15.4,16.7,15.8,2
2011,10,31,2.5,6.2,6,14.4,17.6,16,4.9
2011,11,1,0,9.8,4.5,12.1,16.5,13.4,3.7
2011,11,2,0,7.1,7,11.6,18.7,12.9,2.2
2011,11,3,0,1.5,7.8,16.1,19.1,16.1,2.1
2011,11,4,0,8.5,1,14.2,18.3,16.4,2.7
2011,11,5,8.5,0,8,15.8,18,16.9,1.9
2011,11,6,55,0,10,16.8,17.8,19.5,2.2
2011,11,7,4.5,0,10,13.7,15.1,13.5,3.1
2011,11,8,0.5,5.9,6.8,10.3,13.7,10.6,2.9
2011,11,9,0,6.4,7.5,9.3,12.8,9.7,2.9
2011,11,10,0,4.4,9.3,9.9,12.9,9.8,4.2
2011,11,11,23.5,0,10,11.4,13.1,13.4,2
2011,11,12,0,8.9,8.5,12.7,16.5,13.9,3.4
2011,11,13,2,0.2,8.3,13.3,15.3,13.2,2.6
2011,11,14,6,5.3,8,11.4,14.5,11.8,3.2
2011,11,15,3,3.1,9.3,8.7,10.3,9.6,4
2011,11,16,4,8.7,6,7.6,10.5,7.7,3.9
2011,11,17,0,9,4.3,7.7,11.3,8.8,3.1
2011,11,18,0,0.6,8.3,6.9,12.6,9.4,1.6
2011,11,19,29.5,0,10,13.1,17.6,17.7,3.4
2011,11,20,23,0.5,10,8.6,12.9,12.7,4.6
2011,11,21,20.5,0.6,9.5,5.7,8,8,5.2
2011,11,22,6,4.2,8.5,5.5,8.9,7.6,3
2011,11,23,0,5.6,7.3,6.3,13.3,7.8,5.9
2011,11,24,19.5,0.5,10,6,9.2,8,9.3
2011,11,25,7.5,0,10,5.5,7.1,8,4
2011,11,26,0,9.3,2.5,3.9,8.5,6.9,2.5
2011,11,27,0,2.2,6.8,4.6,10.2,7.4,2.9
2011,11,28,0,0,10,8.2,12.5,10.1,1.9
2011,11,29,0,6.9,8,8.2,14,11,1.8
2011,11,30,4,0.1,10,5.4,10.6,11.2,6.4
2011,12,1,1.5,0,10,5.1,5.9,7.8,5.2
2011,12,2,0,1,9.8,4.5,7.6,7.3,5.7
2011,12,3,34.5,0.1,10,8.1,11,11.3,4.3
2011,12,4,11.5,2.2,9,8.4,9.7,9.1,4.3
2011,12,5,8,0.8,7.5,2.8,7.6,8.2,3.8
2011,12,6,0,1,5.3,2.2,5.9,6.6,3.6
2011,12,7,6,1.5,10,4.9,10.2,9.8,4.4
2011,12,8,11.5,0,10,3.9,6.6,8.7,5.5
2011,12,9,5,1.9,9,2,3.8,5.9,3.9
2011,12,10,22.5,5.1,9.5,1.1,5.2,6.7,4.3
2011,12,11,16,1.1,10,4.4,7.1,7.9,5.3
2011,12,12,23,0.5,9.3,7,9.2,9.2,4.4
2011,12,13,0,5.5,4.8,3.1,6.7,7.1,4.7
2011,12,14,0,6.4,2.8,1.5,8.5,7.1,3.8
2011,12,15,15.5,0,9.5,5.4,9.1,9.2,4.9
2011,12,16,24.5,0.1,10,0.3,3.6,6.4,6.1
2011,12,17,6,1.2,9,0.6,2.3,6.1,2.7
2011,12,18,10,0.5,10,2.5,4.2,7,4.3
2011,12,19,17.5,1.1,10,2,3.5,6.9,3.5
2011,12,20,1,3.2,8,1.8,3.1,6.2,4.1
2011,12,21,7.5,0.7,10,1.7,5.5,7.1,5.4
2011,12,22,58.5,0,10,2,5.7,7.3,7
2011,12,23,2,0.7,9.8,-0.2,2.1,5.3,5
2011,12,24,15,1.8,10,-0.3,1.9,5.7,5.2
2011,12,25,20,0.2,10,0.1,1.5,5.6,5.2
2011,12,26,7,0.8,9.5,0.4,2.2,5.2,6.7
2011,12,27,4.5,0.7,9,0.5,2.1,5.6,3.2
2011,12,28,0,6.7,8.3,1.2,3.2,5.2,3.4
2011,12,29,33.5,0.4,10,0.8,3.5,6.5,4.9
2011,12,30,2,1.5,7.5,0.6,2.5,5.2,4
2011,12,31,0,5.4,7.5,0.8,3.3,5.3,2.5
2012,1,1,13,1.2,10,0.9,5.3,6.3,3.7
2012,1,2,38.5,0.2,10,1.8,3.5,6.5,4
2012,1,3,3,2,9.5,1.2,3.1,5.8,2.5
2012,1,4,24.5,0,10,0.5,2.5,5.8,7.2
2012,1,5,5,2,9.8,0.7,2.7,5.3,4.8
2012,1,6,19.5,0.8,10,0.4,2.6,6.2,3.3
2012,1,7,5.5,0.7,10,0.7,1.6,6,2.5
2012,1,8,2,4.2,9.5,0.4,2.2,5.7,2.7
2012,1,9,4,1.3,9.3,1,5.2,6.6,5.5
2012,1,10,2.5,2.6,8,1.8,5.1,6.8,3.4
2012,1,11,7.5,0.1,10,-1.2,2.6,6,6.4
2012,1,12,2.5,4.9,7.3,-2.1,1.4,4.5,2.6
2012,1,13,20.5,0.9,9.8,0.6,3.6,6.6,5.6
2012,1,14,6.5,6.5,8,-0.4,2,5.6,3.9
2012,1,15,8,0.6,10,0.6,2.3,6,3.6
2012,1,16,0,0.5,10,0.5,2.5,4.9,4.8
2012,1,17,0,0.6,8,0.4,2.7,5.3,4.4
2012,1,18,0,8,5.3,-1.7,4.3,5,2.6
2012,1,19,0,1.3,8.5,1.9,6.6,6.4,4.8
2012,1,20,3,0.9,10,4.9,6.6,7.7,3.5
2012,1,21,0.5,0.7,10,4.6,6.3,7.9,2.7
2012,1,22,5.5,4.2,7.3,3.9,7,7.6,3.2
2012,1,23,4.5,0,10,-0.4,2.1,6,6.5
2012,1,24,5.5,4.3,10,-0.8,1,5.2,4.8
2012,1,25,8.5,0.8,9.8,-0.7,1.9,5.2,6.9
2012,1,26,33,1.9,10,-2.1,-0.2,5.3,4.4
2012,1,27,9,0.3,9.3,0.7,1.9,5.9,4.8
2012,1,28,2,4,9.8,-1,0.2,5,4.8
2012,1,29,7.5,0.4,10,-1.7,-0.7,4.9,3.6
2012,1,30,5,3,9.5,-1.2,0.9,4.7,3.8
2012,1,31,6,1,7.5,-2.3,0.8,5.1,3.5
2012,2,1,16.5,0.5,10,-1.9,2,4.8,9.2
2012,2,2,9,0.6,9.8,-2,-0.9,3.9,6.6
2012,2,3,8,2.5,6.8,-1.9,0.2,4.9,5.2
2012,2,4,12.5,0.3,10,0.2,2.2,5.8,7.4
2012,2,5,0,1.9,9.5,1.1,3.5,5.5,1.8
2012,2,6,11,1.7,8.8,-0.6,3.7,6.4,2.3
2012,2,7,24.5,0,10,2.1,5.4,8,4.5
2012,2,8,5,1.9,9.3,-1,1.6,4.9,7.4
2012,2,9,8,1.7,9.8,-0.7,1.2,5.1,6.3
2012,2,10,12,0,9.8,0.5,1.8,5.7,5.5
2012,2,11,1.5,6.2,8.8,0.2,2.2,5.1,4.4
2012,2,12,1,3,8.3,-0.5,1.9,5,4.4
2012,2,13,1,0.4,10,-0.6,1.9,5.1,2.3
2012,2,14,0.5,0.2,10,1.8,4.4,7.2,1.8
2012,2,15,1.5,0,8.8,0,3.2,5.9,4.4
2012,2,16,2.5,6.8,7.8,-0.9,2.5,4.4,4.7
2012,2,17,34.5,0.3,10,-1.4,0.5,5.5,5
2012,2,18,10,2.3,10,-2.4,-0.9,4.4,5.3
2012,2,19,0.5,7.4,8.5,-3.2,0.3,4.5,2.3
2012,2,20,2,5.3,6.8,0.2,3.1,5.4,4.1
2012,2,21,0,1.7,7.5,0.5,4.9,5.8,3.3
2012,2,22,0,8.9,6,2,5.2,6.1,5
2012,2,23,17,0,8,4.7,7.3,8.6,4.2
2012,2,24,0,6.6,6.5,4.4,6.4,6.2,4.8
2012,2,25,5,0,10,1.8,3.9,6.8,4
2012,2,26,3.5,0,10,-0.9,1.4,5.4,3.9
2012,2,27,1.5,3.2,9.3,-1.5,0.1,4.4,3.8
2012,2,28,0,9.4,9.3,-1.9,1.9,3.5,3.9
2012,2,29,0.5,6.4,5,1.5,5.4,6.2,5.3
2012,3,1,0,8.6,4.8,1.3,6.1,7,3.4
2012,3,2,9.5,0,10,4.4,5.6,7.8,5.8
2012,3,3,0.5,6.8,7.8,3.8,5.8,6.7,5.3
2012,3,4,6.5,6.8,8.3,2.6,5,6.3,7.1
2012,3,5,13,0,10,4.5,7.2,9.3,4.6
2012,3,6,10,0.3,10,6.7,10.5,10.7,4.6
2012,3,7,0,0.8,10,6.6,8.9,7,3.5
2012,3,8,0,4.5,8.3,3.9,7.6,7,3.8
2012,3,9,0,0.7,10,5.4,7,7.1,6
2012,3,10,0.5,0.1,10,4.4,5.8,6.5,4.3
2012,3,11,4.5,3.7,7.5,-0.2,4.8,5.3,6.9
2012,3,12,4.5,2.1,9.5,0.9,3.5,5.5,8.1
2012,3,13,4,3,9,-0.2,1.8,5.2,4
2012,3,14,0.5,9.2,5.3,0.3,5.5,4.7,5.1
2012,3,15,10.5,5.9,6,0.7,5,5.1,4.1
2012,3,16,0,8.9,7.8,-0.8,5.9,4.9,2.2
2012,3,17,25,0,10,7.1,9.7,10.7,3.2
2012,3,18,13.5,0,10,7,9.4,10.8,3.1
2012,3,19,2.5,6,8.8,0.8,3.5,5,4.4
2012,3,20,4.5,4.1,8.8,1.6,4.2,5.1,4
2012,3,21,0,7.1,5,1.4,5.2,4.5,3.6
2012,3,22,0,0,8.3,1.9,10,6.3,6.4
2012,3,23,32.5,0,10,6.4,7.2,8.7,4.8
2012,3,24,7.5,0.5,10,4.2,7,8.1,4.2
2012,3,25,7.5,2.8,9.8,1.6,4.9,6.2,6.5
2012,3,26,7.5,5.8,8.8,1,4.1,5.7,4.5
2012,3,27,0,11.2,1.5,2.3,8.4,5.8,5.7
2012,3,28,3,5.2,7,5,9.7,7.5,5.7
2012,3,29,0,11,2.8,2.6,9.5,6.3,2.6
2012,3,30,0,3.4,10,11.8,17.5,5.7,7.9
2012,3,31,47,0.1,9.8,4.6,9.2,8.2,6
2012,4,1,2,2.6,8.8,3.6,5.7,6,5.1
2012,4,2,0,10.1,5,2.5,7.5,6.4,2.8
2012,4,3,18.5,0.7,10,5.7,11.8,8,8.4
2012,4,4,0,3.9,7.3,5.2,8.7,5.2,9.2
2012,4,5,17,2.6,8,4.3,8.6,7.3,6.9
2012,4,6,20,5.4,8.5,0.6,5.4,5.6,3.5
2012,4,7,4,4.3,6.8,0.7,4,5.4,4.1
2012,4,8,0,10,3.8,2.4,10.5,5.6,4.7
2012,4,9,0,1.4,5.5,9.6,14.7,9.1,6.5
2012,4,10,0,10,7.5,7.4,14.6,9.5,2
2012,4,11,22,0.1,10,10.6,14.8,11.8,5.4
2012,4,12,1,11.3,6.5,8.9,12.6,9.8,3.4
2012,4,13,0,4.8,9.5,9.6,12.6,9.3,5.4
2012,4,14,2,2.8,7.5,8.3,10.7,9.7,4.8
2012,4,15,0,10.2,5.8,5.8,11.1,9.6,2.9
2012,4,16,0,4.6,7,8.8,15.7,8.8,3.6
2012,4,17,0,0,10,9.7,11.8,10.7,3.7
2012,4,18,0,11.2,5,8.6,11.8,9.8,4.7
2012,4,19,0,11.3,5.3,7.8,12.9,10.1,4.6
2012,4,20,0,3.6,10,10.9,14,12.1,2.3
2012,4,21,0,10.7,8,,,,4.3
2012,4,22,2,0,10,,,,1.8
2012,4,23,12,2.9,7,12.5,14.6,13.9,2.5
2012,4,24,0,10,2.8,10.3,16,13.5,3.3
2012,4,25,0,9,6.8,12.2,17.8,14.2,3.1
2012,4,26,11.5,0,10,11.9,16.5,15,3.7
2012,4,27,0,10.5,2.8,11.8,14.7,10.8,3.7
2012,4,28,0,12.7,0,9.8,17.6,9.1,2
2012,4,29,0,9,5.5,12.8,20.1,10.2,2.2
2012,4,30,0,2.6,8.5,17.3,19.9,12.9,2.6
2012,5,1,0,6,9.3,15.3,20,13.2,2.5
2012,5,2,3.5,0,10,17.1,19.4,16.2,2.3
2012,5,3,2.5,1.6,10,14.5,17,16.4,5.6
2012,5,4,16,0,10,12.3,13.5,14.4,5.9
2012,5,5,1.5,10.4,6,12.4,16.8,14.1,5.5
2012,5,6,6.5,7,6.3,11.5,15.7,11.9,4.2
2012,5,7,0,10.4,9,9.9,18.1,9.2,3.9
2012,5,8,0,5.6,8.8,13.1,18,11.9,2.8
2012,5,9,0,3,8.5,13.3,17.5,14.2,3.7
2012,5,10,2.5,1.7,10,11,13.2,11.8,4.3
2012,5,11,10,0,10,10.4,11.4,10.9,4.2
2012,5,12,4.5,7.2,5.8,8.2,11.3,9.6,4.7
2012,5,13,0,12.8,4.5,6.4,12.5,9.4,3.8
2012,5,14,0,9.4,8,10.2,18.2,10.3,2.9
2012,5,15,28,0,10,14.4,15.9,16.2,2.2
2012,5,16,0,10.5,7.3,14.5,17.8,14.4,4
2012,5,17,18,6.2,9.8,13.8,18.3,13,3.7
2012,5,18,0.5,7.3,5.3,13.8,15.5,12.6,4.5
2012,5,19,0,11.7,5,11.4,16.9,11.8,3
2012,5,20,0,9.5,9.8,13.7,19.5,13,3.4
2012,5,21,0,11.3,9,15.3,19,14.6,2.2
2012,5,22,0,12.7,4.3,14.3,18.3,15.6,2.5
2012,5,23,0,9.6,7.3,15.2,17.9,14.3,4.1
2012,5,24,0,10,7.8,13.5,19.5,12.5,2.1
2012,5,25,5.5,0,10,15.7,18,14.8,2.4
2012,5,26,0,11.5,9,13.8,18.1,15.4,2.3
2012,5,27,0,13.1,0,14.1,20.5,13.7,2.4
2012,5,28,0.5,7.5,4.8,17.1,19.1,15.5,2.8
2012,5,29,7.5,3.7,5.8,14.3,16.9,14.7,4
2012,5,30,0,5.8,9.3,12.8,16.7,13.7,4.7
2012,5,31,0,10.8,9.3,15.1,19.2,15.2,4.6
2012,6,1,0.5,5.2,10,16.5,19,16.9,2.8
2012,6,2,0,5.3,9.3,16,19.1,16,4.3
2012,6,3,0,11,6.3,16.8,21.2,16.3,2.8
2012,6,4,0,10.9,5.5,17,21.7,16.6,2.2
2012,6,5,0,2.2,10,19.3,22.1,16.3,2
2012,6,6,0,9.1,6.8,17.2,20.8,16.3,3.2
2012,6,7,0,11.9,8,17.9,20.6,17.5,3.3
2012,6,8,1,7.3,7.5,17.2,23.1,17,3
2012,6,9,47.5,0,10,17.9,19,20.4,2.2
2012,6,10,2,3.9,9,18.3,19.9,19.2,3.5
2012,6,11,0,3.1,10,18.4,21.4,19.3,3.5
2012,6,12,0,0,10,19.5,21.6,20,2.2
2012,6,13,0,9.9,6,19.1,22.5,19,2.5
2012,6,14,0,13.4,0.8,19.4,22.4,20.2,2.9
2012,6,15,0,7.2,7.5,19.3,22.6,20.2,3.3
2012,6,16,10,0,10,19.4,22.5,22.2,3.4
2012,6,17,20.5,0.1,10,19.2,20.5,20.8,3.8
2012,6,18,0,9,10,17.4,22.2,19.3,2
2012,6,19,20.5,0,10,20.3,21.1,22.2,5.1
2012,6,20,4,0.5,10,19.5,21,20.7,7.4
2012,6,21,1,0,10,18.4,19.7,18.6,3.3
2012,6,22,5.5,0.9,10,17.4,18.9,17.7,4.4
2012,6,23,0,10.5,8.8,17.3,19.5,16.1,3.7
2012,6,24,0,8.2,10,17,20.4,17.4,6.2
2012,6,25,0,11.3,9.3,18.8,21.3,18.2,5.4
2012,6,26,0,7,6.8,18.5,22,19.1,3.1
2012,6,27,0,11.6,6.5,19.4,23,18.6,3
2012,6,28,0,10.6,3.8,20,23.3,19.2,3.1
2012,6,29,0,12,0,19.3,23.1,18.7,2.2
2012,6,30,0,8.8,7.8,18.6,24.7,19.3,2.3
2012,7,1,13.5,0,10,21.3,23.5,24.4,3.4
2012,7,2,0,8.5,9.5,21.3,23.4,22.2,2.7
2012,7,3,1,0,10,21,23.2,22.5,2.5
2012,7,4,0,6,9.5,20.8,25,23.1,3.3
2012,7,5,5.5,1.6,10,22.4,25.7,24.4,4.7
2012,7,6,122,0,10,21.7,23.2,24.8,3.4
2012,7,7,5,0,10,21,22.2,23.6,6.7
2012,7,8,1,0.3,9.8,20.7,21.8,21.7,3.6
2012,7,9,1.5,8.5,9,20.1,23.3,22.8,2.8
2012,7,10,0,10.5,5,21.2,25.4,23.1,3.1
2012,7,11,0,7,10,22,27.4,21.4,2.3
2012,7,12,0.5,5.2,9.3,24.9,27.9,26.5,5.3
2012,7,13,23,1.1,10,23.2,24.8,26.9,3
2012,7,14,1,1.9,10,23.1,25.8,28.2,2.5
2012,7,15,1,5.8,10,24.4,28.6,28.7,2.7
2012,7,16,0,13.3,7.3,26.1,31.3,25.9,4.8
2012,7,17,0,9.2,4.8,25.7,28.3,27.6,2.7
2012,7,18,0,12.7,6.3,25.2,29.2,27.2,2.9
2012,7,19,0,10.5,7.5,25.7,28.4,27.5,2.5
2012,7,20,0,2.2,10,25.6,27.6,28.7,2.6
2012,7,21,52.5,1,10,24,26.2,27.7,3.2
2012,7,22,0.5,2.5,8.5,24.3,25.9,24.6,2.3
2012,7,23,0,11.3,7.8,23.5,27.5,25,2.4
2012,7,24,0,8.2,9.5,25.7,28.5,26,2.6
2012,7,25,0,8,8.3,25.9,28.6,26.3,2.8
2012,7,26,0,12.1,9.3,25.1,28.5,25.2,2.4
2012,7,27,0,11.6,4.8,24.9,29.5,24,2.3
2012,7,28,0,11.1,7,27.2,29.4,28.4,3
2012,7,29,0,7.5,8.8,27.2,29.3,28.8,2.7
2012,7,30,0,11.7,3.5,27.2,30.6,28.5,2.6
2012,7,31,0,13.3,0.8,26.5,30.1,27.1,2.8
2012,8,1,0,12.8,3.8,26.2,29.8,29,3.4
2012,8,2,0,11.6,3.8,27.4,30,29.2,3.4
2012,8,3,0,8.5,3.8,26.8,29.8,30.2,3.3
2012,8,4,0,12.8,3,27.2,29.6,29.3,2.6
2012,8,5,0,12.9,5,26.8,30.2,29.2,3.6
2012,8,6,0.5,9.8,8.3,26.2,29.4,27.4,3.7
2012,8,7,0,8.5,6,24.2,27.5,25,4.2
2012,8,8,0,9,4.3,22.5,25.7,21.2,4
2012,8,9,0,11.9,0.5,21.5,25.8,21.7,3.3
2012,8,10,0,10.7,7,22.9,27.1,23.9,2.8
2012,8,11,0,0.7,8,25.9,27.3,26.5,2.1
2012,8,12,0,10,8.5,24.2,28.7,26.5,2.1
2012,8,13,40,3.9,10,24.6,28.1,28.7,4.5
2012,8,14,53.5,1.7,9.5,23.7,26.2,27.8,3.5
2012,8,15,0,5.2,9.3,25.1,30,27.5,3.2
2012,8,16,0,8.7,3.8,26.9,30.1,25.6,3.5
2012,8,17,0,11.4,2,26.2,29.3,28.1,2.5
2012,8,18,0,9,6,26.3,29.5,27.7,2.5
2012,8,19,0,10.7,1.5,25.2,29.1,25.4,2.4
2012,8,20,0,12.7,0.5,24.8,29.2,23.2,2.2
2012,8,21,0,12.8,0.5,25.2,29.9,24.2,2.5
2012,8,22,0,11.7,2.5,25.5,30.3,25.5,2.6
2012,8,23,0,11.7,4,26.3,29.5,27.3,3.7
2012,8,24,0,12.1,5,25.7,29.5,27.1,3.3
2012,8,25,0,11.1,2.8,26.3,29.1,28.2,2.8
2012,8,26,0,12.1,3,25.7,29.5,27.8,3.5
2012,8,27,0,9.6,3.3,26.4,29.9,27.6,3.6
2012,8,28,0,9.2,9.5,26,30.1,24.9,2.1
2012,8,29,0,4.5,8,25.9,30.6,23.9,3.8
2012,8,30,35,3.6,10,23.3,27.6,28.7,3
2012,8,31,6.5,8.2,6.8,25.1,28.4,27.8,2.3
2012,9,1,19.5,7.5,7.5,23.6,26.6,27.4,2.6
2012,9,2,28.5,5.3,7.5,23.4,26.1,25.8,2.4
2012,9,3,17.5,5,8.8,23.7,26.5,26,2.5
2012,9,4,12,0.9,9.5,23.1,25.5,25.4,2.1
2012,9,5,1.5,8.6,6,22.8,27.5,25.4,2.1
2012,9,6,38.5,4.9,6.8,21.5,25.6,24.3,2.3
2012,9,7,0,11.9,0.5,22.4,26.9,24.2,2.5
2012,9,8,0,5.8,5,24.5,28.3,24.4,2.1
2012,9,9,0,5.5,7.5,24.3,28.8,23.1,2.4
2012,9,10,9.5,3.8,9.5,24.3,27.8,24.6,3.8
2012,9,11,85,0.4,9,21.8,23.7,24.8,2.1
2012,9,12,0,11.3,0,20.3,24.8,22,2.7
2012,9,13,0,11.9,1,21.5,26.5,20.3,2.2
2012,9,14,0,9.6,3.5,23,27.6,22.6,2.6
2012,9,15,0,6.6,7.5,24.7,27.8,23.6,2.3
2012,9,16,0,11.1,3.3,23.6,28.1,24.6,3.3
2012,9,17,0,11.3,4,24.8,30.4,22.1,2.6
2012,9,18,10,0.4,7.5,22.4,25.6,24.9,1.9
2012,9,19,9,6.3,9.3,22.5,25.2,23.8,2.7
2012,9,20,1,1,10,22.5,24.3,21.3,2.6
2012,9,21,0.5,4.8,8.3,20.5,22.9,19.6,2.3
2012,9,22,0,8.7,6.5,18.8,23.5,17.7,3.1
2012,9,23,20,0,10,18.7,20.9,19.6,2.2
2012,9,24,19.5,5.7,8.3,18.2,21,18.6,2.8
2012,9,25,1,6.3,4.8,17.6,21.8,18.5,3.3
2012,9,26,0,9.8,2.5,17.6,22.1,17,4.3
2012,9,27,0,10.4,2,16.9,22.2,16.3,2.7
2012,9,28,0,9,3.8,18.1,22.7,17.7,2.5
2012,9,29,0,3.7,10,19.4,23.4,19.1,2.8
2012,9,30,37.5,0,10,19.3,21.6,21.7,3.6
2012,10,1,35.5,0.1,9.8,18.9,20.9,20.2,2.3
2012,10,2,0.5,4.4,9.3,18.2,21.4,17.9,3
2012,10,3,0,7.5,7.8,18.2,22,19.3,3.8
2012,10,4,0,7.7,8.3,20.3,22.9,20,4.2
2012,10,5,7,7.7,8.3,18.7,21.8,16.8,3.1
2012,10,6,12.5,0.1,10,16.7,19.9,17.5,2.6
2012,10,7,0,4.8,8,16.3,18.9,16.1,3
2012,10,8,0,9.9,5.3,16.3,19.2,14.2,3.6
2012,10,9,0,10.5,2.3,15.4,19.8,14.7,3.4
2012,10,10,0,6.6,9,15.9,21,14.9,2.4
2012,10,11,2,4.9,7.8,16.9,20.1,15.5,3.7
2012,10,12,0,6,6.5,14,16.7,11.4,2.8
2012,10,13,0,3.9,6.5,13.2,17.1,11.2,2.5
2012,10,14,0,5.4,8.5,12,17.8,12,2.2
2012,10,15,0,6.8,3,14.8,18.5,13,3.6
2012,10,16,0,10.3,0.5,12.9,18,12.7,5.2
2012,10,17,64,2.2,7.3,13.7,17.8,15.8,1.9
2012,10,18,10,0,10,14,16,14.2,4.3
2012,10,19,0,9.5,2.5,12.8,15.8,8.7,3.7
2012,10,20,0,9,3,11.4,17,12.2,3
2012,10,21,0,8.5,1.8,13.5,18.5,13.4,3.8
2012,10,22,0,9.8,3.5,12.1,19.6,9.8,3.7
2012,10,23,44.5,0,9.5,13.7,16.8,12.8,7.7
2012,10,24,0,7.1,7.3,11.9,14.7,8.9,2.8
2012,10,25,0,10,3.8,12.4,16.6,10.8,3.6
2012,10,26,0,8.9,6.5,13,16.7,12,2.7
2012,10,27,0,8.4,6.3,12.3,17.2,12.4,2.5
2012,10,28,8.5,0,10,15.2,16.9,15,3.4
2012,10,29,8,4.7,8,11.3,15.7,11.1,4.4
2012,10,30,17.5,1.5,9.8,10.8,13.9,10.3,3.9
2012,10,31,1,5.8,6.5,9.6,12.1,10.3,2.3
2012,11,1,55.5,0.9,10,10.3,12.3,10.5,8.5
2012,11,2,0.5,1.3,9.5,9.2,11.8,7.5,5.8
2012,11,3,2.5,0,8.5,8.2,10.3,9.5,2.9
2012,11,4,0,8.4,7.5,7.4,11.7,8.4,2.5
2012,11,5,0,0.2,10,9.9,13.4,10.6,2.3
2012,11,6,36,0,9.3,12.5,14.4,13.7,4.2
2012,11,7,47.5,0.7,9.3,10.1,12.6,10.8,6.5
2012,11,8,10.5,1.3,9.8,11.8,14,11.8,4.3
2012,11,9,6,0.4,10,11,12.8,10.6,2.8
2012,11,10,6.5,4.3,6.5,9.4,11.9,10.8,3.3
2012,11,11,3.5,0,9.3,9.1,11.9,11.3,2.9
2012,11,12,6.5,0.9,9.5,11.1,14.2,10.7,6.3
2012,11,13,32.5,1,9.8,7.9,12.3,8.9,6.8
2012,11,14,73.5,1.3,10,4.5,7.8,8,6.2
2012,11,15,28.5,1.1,8.3,4.6,6.9,8.4,3.5
2012,11,16,1,8.5,2.3,6.4,10.1,8.1,2.4
2012,11,17,42.5,0,10,6.6,12.7,10.3,4.9
2012,11,18,4,0,9.5,5.3,8.9,8.2,4.7
2012,11,19,4.5,6,4.5,2.6,9.4,7.7,5.8
2012,11,20,7.5,1.9,9.8,6.3,10.3,8.3,5.2
2012,11,21,1,7.6,8.5,6.1,8.2,6.4,3.9
2012,11,22,0,3.2,10,6.2,10.6,8.5,3.3
2012,11,23,7,0,9.5,7.6,9.4,9.6,3.5
2012,11,24,0,7.1,4.5,3.3,7.2,6.3,3.8
2012,11,25,0,9.5,5,1.2,7.1,6.1,2.4
2012,11,26,43,0,10,6.6,9.7,9.9,4.8
2012,11,27,4,0.7,6.8,3.3,6.2,6.8,5.6
2012,11,28,0,5.1,6.5,1.3,8.2,5.9,4.8
2012,11,29,6.5,0,8.8,7.8,10.1,9.3,4.9
2012,11,30,3,0,10,7.7,8.9,9.4,2.2
2012,12,1,12,0,9.5,2.1,4.4,6.8,5.4
2012,12,2,0,2.4,8.3,1.3,4,5.4,3
2012,12,3,2,8.7,3,0.1,6.2,6.3,2.2
2012,12,4,39,0.5,10,4.5,8.4,7.5,8.4
2012,12,5,31.5,0,8.3,2.8,5.3,7.1,4.8
2012,12,6,15.5,1.1,9.5,2,5.5,6.3,10.4
2012,12,7,11.5,0.2,9,1.7,3.4,6.6,4.4
2012,12,8,14.5,0.5,8.8,0.6,5.5,6,11.7
2012,12,9,12.5,1.2,10,0.7,3.1,5.4,9.4
2012,12,10,5,2.8,9.5,1.5,4.2,5.1,8
2012,12,11,27,0.9,10,0.6,2.7,6.1,3.5
2012,12,12,9.5,1.5,9.3,0.9,2.6,6.3,3
2012,12,13,5,5.6,6,1.8,4.5,5.9,2.6
2012,12,14,0,8.3,7.5,0.1,6.6,4.6,2.7
2012,12,15,7,0.5,10,5.9,12.4,10.7,5.8
2012,12,16,0.5,0.8,9.5,6.7,9.8,8.1,4.6
2012,12,17,1.5,4.6,9.5,3.6,8.2,8.3,4.2
2012,12,18,36,0,10,0.4,4.6,7.4,5.1
2012,12,19,11,1.5,10,-0.1,0.9,5.5,2.7
2012,12,20,6.5,3.7,8.5,0.2,2.7,6.1,3
2012,12,21,4,0.7,9.8,1.6,3.8,5.9,2.6
2012,12,22,12.5,0.1,9.8,3.2,6.3,7.7,4.3
2012,12,23,4.5,2.7,9.8,1.2,4.9,5.8,6.9
2012,12,24,13,0,9.8,-1.7,-0.3,5,3.9
2012,12,25,10,0.4,10,-1.8,2.5,5.7,9
2012,12,26,4,0.4,9.3,-2.5,0,4.6,6.2
2012,12,27,0.5,4.4,7.3,-3.9,1.4,4.2,3
2012,12,28,18,0,8.8,1,4.1,6.4,3.9
2012,12,29,0.5,5.7,9,3.9,6.5,7.4,4.4
2012,12,30,42.5,0,10,4.1,7.8,9.3,3.4
2012,12,31,12.5,1.1,9,0.8,3.7,6.1,8.4
2013,1,1,19.5,0.9,8.5,0.8,2.2,5.7,6.7
2013,1,2,24,0,10,1.6,4.6,6.2,9.8
2013,1,3,6,0.5,10,-0.5,1.3,4.8,6.5
2013,1,4,8,0.9,9.5,-1.8,-0.6,4.7,4.1
2013,1,5,0,2.6,8.5,-3.8,0.9,4.5,2.7
2013,1,6,7.5,0.1,10,1.2,2.7,6.1,4.2
2013,1,7,0,2.7,7,1.5,5,5.8,3.9
2013,1,8,8,0.6,10,3.9,5.8,7.1,4.7
2013,1,9,3,1.9,10,0.7,5,6.3,6.8
2013,1,10,4.5,2.6,9.8,-0.5,0.6,5.3,4.2
2013,1,11,3.5,5.8,6.3,-0.5,1.3,5,2.6
2013,1,12,3.5,3,10,-0.9,5.3,5.3,5.4
2013,1,13,0,4.6,9.8,6.5,8.2,7.2,4.4
2013,1,14,13.5,0.1,10,2.5,4.2,7.1,4.1
2013,1,15,6,0.3,10,0.4,1.5,5.7,3.3
2013,1,16,10,8,6.3,0.5,4,5.7,3.6
2013,1,17,15,1,10,-0.9,0.9,5.7,2.8
2013,1,18,4,1.1,9.3,-1.8,0.4,4.8,5.6
2013,1,19,9.5,1.4,8.3,-0.5,2.2,6,3.8
2013,1,20,0.5,0.4,9,0.8,3.4,5.5,2.9
2013,1,21,2.5,4.6,7.8,-1,3.1,5.2,2.4
2013,1,22,24.5,0,8,2.5,4.8,7.6,3.7
2013,1,23,0,1.6,10,1.7,4.6,6.4,2.7
2013,1,24,12.5,5.2,8,3.5,6.4,6.6,5.6
2013,1,25,17,1.5,10,-1.3,2.2,5.3,11.7
2013,1,26,8.5,0.8,9.8,-1.3,0.7,4.4,10.8
2013,1,27,14,1.7,8.8,-0.2,0.8,5.5,3.2
2013,1,28,15.5,1,10,-0.2,1.6,5.8,4.4
2013,1,29,2.5,2.5,8.3,0.9,3.4,6.2,2.8
2013,1,30,0.5,1.5,8.3,0.2,3.4,6.2,2.6
2013,1,31,0,9.1,2.8,-1.7,2.5,5.2,2.1
2013,2,1,1,7.6,5,0.3,7.5,5.4,2.9
2013,2,2,3.5,0,10,5.4,10.6,9.6,5.7
2013,2,3,0,4.7,9.5,2.6,4.8,5.1,2.9
2013,2,4,12.5,0,10,3.8,6.3,7.7,3.9
2013,2,5,0,5.7,9.8,1.8,4,4.7,6.4
2013,2,6,4.5,1.7,7.5,1,2.6,6.1,4.2
2013,2,7,5,1.8,10,0.7,4.6,5.9,9.6
2013,2,8,2.5,1.9,10,-2.7,-0.2,4.2,6.6
2013,2,9,2.5,2.4,8,-1.6,0.6,4.9,2.3
2013,2,10,11,0.2,10,0.6,2.4,6,5.7
2013,2,11,2.5,0,9.8,-0.6,1.4,5,4.9
2013,2,12,15.5,1.4,10,-1.1,0.9,4.9,3
2013,2,13,8,0.2,9.3,1.2,3.5,6.1,5.3
2013,2,14,0,5.6,10,1.9,4.9,6.2,2.5
2013,2,15,7,0.1,10,2.1,4.1,6.1,3.7
2013,2,16,4.5,0.5,10,-2,-0.8,4.5,4.8
2013,2,17,0,4.5,9.8,-4,0,3.9,2.3
2013,2,18,34,0,10,1.5,4.9,7.6,3.2
2013,2,19,0,0.8,9.5,-0.2,2,3.9,3.7
2013,2,20,10,1.7,10,-1.3,0.4,5.1,4.3
2013,2,21,9,2.1,8.5,-1.5,0.1,5.1,2.7
2013,2,22,6,5.8,10,-1.3,3,5.4,6.4
2013,2,23,8,1.7,10,0,1.7,5,3.6
2013,2,24,2,1.1,9.8,-1.5,0.8,4.4,8
2013,2,25,3,1.7,10,-2.3,-0.4,4.6,3
2013,2,26,0,10.2,6.3,-2.5,2,4.1,2.7
2013,2,27,0,3.9,8.5,2.9,6.9,7.4,3.2
2013,2,28,0,10.4,4.3,2.4,7.6,5.7,2.3
2013,3,1,20,0,10,3.9,8.5,7.1,5.2
2013,3,2,1.5,0.8,10,1.1,3.4,5,6.2
2013,3,3,0,4.8,9.5,0.6,2.6,5.2,2.5
2013,3,4,1,10.3,2.5,-1,4.1,4.7,2.7
2013,3,5,3,8.1,5.5,2.4,5.8,5.7,3.8
2013,3,6,0,7,5.8,0.7,8.8,6.6,5.4
2013,3,7,0,6.8,7.3,3.8,12.8,5.3,4.4
2013,3,8,0,0.2,10,11.8,14.3,9.4,7.6
2013,3,9,0,8.5,4,7.8,12.1,8.1,2.9
2013,3,10,16.5,3.2,8.5,2.4,9.3,5.7,6.8
2013,3,11,0,9.7,3.3,0.7,3.2,4.1,3.8
2013,3,12,0,10.8,0.8,-0.4,8.4,4.6,2.9
2013,3,13,28,2.1,10,3.3,13.3,8.2,8.3
2013,3,14,0,1.1,8.5,-0.1,3,4.6,4.7
2013,3,15,0,11.6,0,-1.5,4.1,5.2,1.8
2013,3,16,0,8.4,4,1.4,7.9,6.7,5.4
2013,3,17,0,11,3,3.1,9.9,6.8,2.5
2013,3,18,23.5,0,10,11.3,16.8,11.4,9.3
2013,3,19,0,5.9,6.8,8.8,12.2,11.4,4.7
2013,3,20,9,0.4,10,4.6,11.7,9.2,4.5
2013,3,21,0,8,5.3,1.9,4,4.2,4
2013,3,22,0,9.2,3.3,0.6,9.1,5.5,3.5
2013,3,23,3.5,3,8.3,3.8,5.9,6.6,4.8
2013,3,24,0,9.3,9.8,2.1,8.6,6.6,3
2013,3,25,2.5,2.3,9.8,2.6,7.3,7,4
2013,3,26,0,7.9,9.5,2,4.7,4.8,2.8
2013,3,27,0,2.5,8,1.7,9.1,6.5,2.3
2013,3,28,0,1.3,9.5,9.8,12.8,10.9,2.1
2013,3,29,1.5,0.2,10,6.5,9.1,9.2,4.4
2013,3,30,0,8.9,7.5,5.2,7.2,6.1,6.3
2013,3,31,0,0.4,10,6.2,8,7.3,5
2013,4,1,0,10.6,7.5,3.8,9.1,7.3,4.1
2013,4,2,1,3.5,10,8,13.4,9.2,3.4
2013,4,3,18.5,0,10,10,10.8,11.7,3.9
2013,4,4,0,11,7.5,8.8,11.8,9.7,3.4
2013,4,5,0,10.7,5.3,7.8,13.5,10.2,3.9
2013,4,6,6,0,10,10,13.7,11.5,3.5
2013,4,7,41,0,10,5.1,9.2,10.1,10.1
2013,4,8,0,8.5,5.3,7.1,10.2,6.2,5.1
2013,4,9,4,6.8,8.8,6.4,11.2,7.4,5.7
2013,4,10,10.5,2.5,9.5,5.4,7.6,7.6,4.1
2013,4,11,14.5,4.1,7,2.7,6.1,6.8,6.2
2013,4,12,10.5,0.4,8.3,4.1,5.7,7.3,4.4
2013,4,13,0.5,11.4,4.3,3.7,9.2,6.7,3.5
2013,4,14,10.5,10.3,6.3,4.9,15.8,7,8
2013,4,15,7.5,8,7,6.1,10.9,7.3,4.3
2013,4,16,0,6.8,5.5,7.1,17.9,7.9,4.4
2013,4,17,0,4.1,10,10.7,15.4,11.9,4.4
2013,4,18,7,4.6,10,8.6,13,12.5,3.5
2013,4,19,0,10.1,6,6.1,8.9,6.2,5.1
2013,4,20,5,0,10,4.2,6.5,6.3,4.6
2013,4,21,11.5,1.8,8,3.2,5.7,7.2,3.7
2013,4,22,0,10.5,1.5,3.6,8.8,6.3,2.8
2013,4,23,0,7.5,8.5,3.6,12.5,5.7,2
2013,4,24,22.5,0,10,10.9,13.4,13,3.6
2013,4,25,0,9.3,8.3,8.2,13.6,10,2.5
2013,4,26,19,2.7,9.3,8.5,11.5,9.8,5.1
2013,4,27,2,7,6,9.2,12,8.9,4.6
2013,4,28,0,11.7,0,8.1,12.4,8.2,2.7
2013,4,29,0,8.8,8,7.5,18,7.1,3
2013,4,30,17.5,1.6,10,11.4,15.5,11.2,6.4
2013,5,1,4.5,0.5,9.8,8.3,10,8.9,4.7
2013,5,2,6.5,7.9,8.5,6.8,9.3,8,3
2013,5,3,5,10.9,4.5,6.4,10.8,7.9,3.2
2013,5,4,0,6.9,4.5,6.8,12.2,8.5,2.5
2013,5,5,0,12.5,2.8,9.2,14,10.1,3.2
2013,5,6,0,7.5,5.5,10,15.1,9.7,5.9
2013,5,7,0,12.5,3.3,7.4,10.9,7.9,5.8
2013,5,8,0,13.1,0,5.4,11.1,8.1,2.7
2013,5,9,0,12.8,0.8,8,16.2,7.6,2.2
2013,5,10,1,0.9,9,12,18.3,10.8,2.2
2013,5,11,16,0,10,14.3,17.2,17.2,3.1
2013,5,12,0,13.1,2.5,11.3,17.2,12.6,2.2
2013,5,13,0,11.3,0.3,13.3,20.5,11.3,3.9
2013,5,14,0,10.7,8.5,13.7,19.8,15.1,2.6
2013,5,15,0,12.2,5.3,15.2,20,14.6,4
2013,5,16,0,0.1,10,13,14.9,13.5,4.3
2013,5,17,0,11,6,12.3,15.5,10.7,5.9
2013,5,18,0,11.2,9,11.6,19,12.7,3.3
2013,5,19,14,1.5,10,14.5,17.1,14.7,2.1
2013,5,20,0,6.6,9.5,15.6,18.7,16.8,3.5
2013,5,21,0,10.6,2.5,16.3,19.4,16.7,2.6
2013,5,22,0,12.3,3.5,14.8,19.2,14.4,3.4
2013,5,23,0,12.3,1,15.2,18.5,14.4,3.6
2013,5,24,0,13.5,0,13.5,19.1,11.8,4.1
2013,5,25,0,11.3,5,15.8,22.2,13.7,3.1
2013,5,26,0,12.7,4.8,18.3,23.2,15,2.5
2013,5,27,0,5.3,10,18.8,22,16.6,2.6
2013,5,28,1.5,0,10,19.2,21.2,17.4,1.8
2013,5,29,9,0,10,18.1,20.9,20.2,2.1
2013,5,30,34.5,1.6,9.8,16.3,18.6,18.6,2.7
2013,5,31,0,11.9,4.5,13.7,20.4,14.2,3.8
2013,6,1,0,4.5,8,17.1,21.6,17,2.6
2013,6,2,0,5.1,8.5,18.8,21.3,16.9,2.5
2013,6,3,0,13.5,3,16.2,20.4,16.6,3.1
2013,6,4,0,12.5,5.8,16.1,21.1,15.7,3.5
2013,6,5,0,12.7,6.3,18,22.8,16.9,2.6
2013,6,6,0,7.3,9.8,18.8,22.1,16.2,2.4
2013,6,7,0,9.7,5.5,18.4,21.6,17.3,3.9
2013,6,8,0,10.3,5,17.5,19.7,17,3.3
2013,6,9,0,9.3,8.8,15.5,20.9,16.4,3.7
2013,6,10,0,4,10,19.3,22.7,17.7,3.1
2013,6,11,0,5.7,10,20.9,24,18.3,2.5
2013,6,12,0,11.1,4.8,22.3,26.5,21,3.4
2013,6,13,0,14.2,1.8,23.1,25.7,22.3,2.3
2013,6,14,0,8.4,8.5,22.7,25,23,2.6
2013,6,15,9.5,0,10,21.2,22.7,24.7,1.9
2013,6,16,3.5,9.7,5.3,21.5,23.6,23.1,2.9
2013,6,17,0,10,5,19.6,24.9,19.6,2.8
2013,6,18,14,0,10,20.6,22.9,23.1,3.8
2013,6,19,91.5,0,10,20.8,22.8,23.8,6.2
2013,6,20,0,0.8,9.8,20.5,22.6,22.5,2.7
2013,6,21,10.5,0,10,19,21.4,21.3,2.6
2013,6,22,6.5,6.9,8.3,18.7,21.7,20.4,3.6
2013,6,23,0,6.9,9.8,19,22.2,19.7,2.5
2013,6,24,0,13.2,6.8,20,23.3,20.9,3.1
2013,6,25,0,10.8,4.5,20.4,24.3,21.7,3.8
2013,6,26,13.5,0,10,21,22,22.9,3
2013,6,27,2,7.4,7.3,19.9,22.8,22.4,3.6
2013,6,28,0,7.4,10,21.4,23.8,21.7,3.1
2013,6,29,0,9.2,4,21.5,24.3,22.1,3.2
2013,6,30,0,8.6,8.5,21.2,25,22.1,2.6
2013,7,1,0,11.4,3.5,21.3,25.5,20.7,2.7
2013,7,2,0,7.8,9.5,22.1,26.8,18,2.6
2013,7,3,14,0.2,8.5,23,26.3,22.1,6.2
2013,7,4,0.5,4.2,10,23.3,27.3,25.9,3.7
2013,7,5,27.5,0.1,10,24.6,29.1,24.4,7.3
2013,7,6,33.5,2.9,9.5,23.8,28.8,25.1,5.9
2013,7,7,3.5,4.5,10,24.2,27.1,27.3,2.3
2013,7,8,0,11.5,5.5,26.5,29.8,25.1,3.9
2013,7,9,0,11.9,5.3,25.9,29.5,23.8,3.9
2013,7,10,27.5,5.1,10,23.6,27.8,25.4,4.2
2013,7,11,0,11.8,8.5,25.9,29.1,24.4,4.5
2013,7,12,0,9.6,8.5,26.7,29.7,24.8,5
2013,7,13,15.5,0.8,10,24.9,27.2,29.1,5.7
2013,7,14,18,5.2,9.8,23.1,27.6,28.3,6.3
2013,7,15,0,4.4,9,23.9,25.4,24.6,2.5
2013,7,16,0,5,9.3,23.2,26.1,24.3,2.5
2013,7,17,5.5,5.2,10,24.2,27.7,23.7,3.8
2013,7,18,2,4.1,9.8,22.2,25.3,25.9,5.8
2013,7,19,0,10.1,8.3,21,24,22.4,3.7
2013,7,20,0,11.4,9.3,20.5,24.8,21.7,2.9
2013,7,21,0,8.1,9.8,23,27.5,21.8,2.1
2013,7,22,0.5,3.9,9.5,25.7,28.2,25.5,4.5
2013,7,23,2.5,5.4,10,25.2,27.6,28.1,4.5
2013,7,24,43.5,0.8,10,23.4,27.1,25.1,4
2013,7,25,0.5,10.4,6.8,24.1,28.3,27.2,3.8
2013,7,26,21,11.2,8.3,22.4,27.6,25.2,2.7
2013,7,27,7,10.5,6.3,23.6,27,25.8,3.6
2013,7,28,0.5,8.5,8.5,24.8,27.3,25.3,2.4
2013,7,29,117,0,10,23.5,24.9,27.8,5.7
2013,7,30,9,1.8,10,25.7,26.8,30.6,3.7
2013,7,31,11.5,5.4,10,24.3,27.4,28,4.1
2013,8,1,47,3.4,9.3,25.3,27.1,30.3,4.2
2013,8,2,1.5,8.4,6.8,24.7,26.5,25.4,2.9
2013,8,3,0,9.9,7.5,23.3,26,23.7,2.3
2013,8,4,0,8.9,8.3,23.7,28.1,25.4,2.9
2013,8,5,18.5,4.9,8.8,24.8,28.8,27.7,2.7
2013,8,6,0,8.2,7.5,25.3,28.3,29.5,3.3
2013,8,7,0,12,4.8,26.2,28.9,29.8,3.9
2013,8,8,0,8.8,8.8,26.5,29.6,29.8,4.2
2013,8,9,0,11.4,5.5,26.9,30.3,29,5
2013,8,10,0,8.8,4.5,28.4,30.6,30.3,5.1
2013,8,11,0,8.9,7.5,27.9,29.6,30.7,4.3
2013,8,12,0,10.7,4.3,25.9,28.5,28.2,2.6
2013,8,13,0,11.5,4,24.5,27.9,27.1,2.5
2013,8,14,0,12.6,0,23.4,28.3,24.5,2.1
2013,8,15,0,12.3,0,25.5,30.1,26.6,2.4
2013,8,16,0,10.2,4.3,26.3,30.1,26.8,2.9
2013,8,17,0,11.2,5.5,25.9,30.7,24,3.2
2013,8,18,0,12.5,5.8,26.7,30.7,23.5,3.6
2013,8,19,0,12.5,2.5,26.1,30.8,26.2,3
2013,8,20,7,0.1,10,25.5,27.4,30.7,2.1
2013,8,21,15,1.7,9.8,25.1,27.7,29.7,2.3
2013,8,22,0,11.5,3.5,26,29,27.9,2.5
2013,8,23,134.5,0,10,23.9,25.7,28,3.3
2013,8,24,3.5,4.4,9.5,24.4,26.9,26.6,3.8
2013,8,25,0.5,6.3,6,22.9,25.6,22.4,2.7
2013,8,26,0,8.6,6.8,21.4,25.7,21,3.5
2013,8,27,0,11.4,6,22,25.9,20.8,2.8
2013,8,28,0,2.9,9,22,24.9,21,2.1
2013,8,29,0,9.4,6.8,20.9,28.5,19.4,5
2013,8,30,39,0.4,10,25,28,28,5
2013,8,31,33.5,3,10,23.7,27.9,26,5.3
2013,9,1,25.5,0.2,10,22.5,23.5,25,2.6
2013,9,2,53.5,0.1,10,21,22.5,24.5,3.3
2013,9,3,65.5,2.3,9.3,20.2,22.9,24.3,2.5
2013,9,4,42.5,1.7,9.5,19.2,21.9,22.9,3.6
2013,9,5,1.5,3.6,8.5,19.6,22.2,22,3.9
2013,9,6,0,0.1,10,20,22.2,22,4.1
2013,9,7,34,0,10,19.5,21.3,21.9,2.6
2013,9,8,48,0.8,9.8,19.6,22.2,22.7,3.1
2013,9,9,0,9.9,6,18.9,23.1,20.6,3.3
2013,9,10,0,10.7,1.8,20.1,24.3,20.9,2.6
2013,9,11,0,7.6,7.5,21.1,25.7,21.7,2.2
2013,9,12,10.5,0.1,10,23.7,25.5,25.5,1.7
2013,9,13,0,10.9,2.5,23.6,27.6,26.1,1.8
2013,9,14,0,7.7,9,24.5,28,26,2.3
2013,9,15,23.5,0.4,10,22,24.4,25.4,3.9
2013,9,16,104.5,2,8.3,17,21.3,20.1,7.2
2013,9,17,0,11.9,0.8,15.7,20.7,14.3,3.6
2013,9,18,0,11.6,0,16.1,21.5,15.8,3.9
2013,9,19,0,11.8,0,16.5,22.2,16.8,3.2
2013,9,20,0,11.5,2.3,18.3,24,17,2.2
2013,9,21,0,10.6,4.5,18.9,23.8,18.3,2.1
2013,9,22,0,5.4,10,19.9,23.3,20.3,4.1
2013,9,23,0,10.1,6.8,20.4,24.1,20.9,2.5
2013,9,24,0,9.3,1.5,20.8,24.8,21,2.4
2013,9,25,0,6.7,5.3,20.9,24.4,21.7,4
2013,9,26,4.5,1.4,7.8,14.9,18.4,14,5.4
2013,9,27,0,9.7,0.5,13.5,18.5,11.9,3.7
2013,9,28,0,11.1,5.5,15.1,21.2,14.2,2.3
2013,9,29,0,8.3,5.5,18.2,22.7,16.4,1.9
2013,9,30,0,2.9,10,19.7,22.9,17.6,2.1
2013,10,1,0,10.6,3.5,20,23.6,20.3,3.8
2013,10,2,2,8.7,4.3,20.2,23.2,21.1,2.7
2013,10,3,23.5,4.4,9.8,15.3,19.5,15.6,4.8
2013,10,4,0,7.6,8,14.2,19.5,14.2,4.7
2013,10,5,0,1.1,10,17.6,21.8,17.7,3.3
2013,10,6,0,6.7,6,20.6,23.8,21.3,3
2013,10,7,0,9.6,6.8,20.8,25.1,22,2.3
2013,10,8,0,2,9,20.4,24.9,20,2.1
2013,10,9,12,3.5,9.5,20.7,24.2,22.4,5.9
2013,10,10,0,7.8,7.8,20.4,23.6,22.2,3.3
2013,10,11,19.5,0.6,8.3,21.5,23.8,23.5,5
2013,10,12,7,0.9,8.3,14.2,19.9,15.6,5.6
2013,10,13,0,10.1,1.8,14,17.9,12,3.1
2013,10,14,0,10.6,0,11.9,18.4,11.9,2.4
2013,10,15,27,0.3,7.5,15.1,17.8,16,3.8
2013,10,16,63.5,0,10,13.6,16.3,13.7,8
2013,10,17,0,9,7.8,11.3,14.1,8.6,4.1
2013,10,18,0,8.8,7,10.4,15.6,10.9,4.7
2013,10,19,0,0,10,15.4,17.1,13.2,3.5
2013,10,20,12.5,0,10,15.1,16,15.7,3.1
2013,10,21,0,8.7,4.8,15.3,18.7,17.2,2.4
2013,10,22,0,1.1,10,16.5,18.6,16.7,3.4
2013,10,23,0,3.1,9.5,15,18.6,16.4,1.8
2013,10,24,44,0,10,17.1,17.8,18.4,2.5
2013,10,25,86,0,10,14.8,17,18.1,3.6
2013,10,26,16,0.5,9.8,12.2,14.2,12,5.5
2013,10,27,0.5,2.1,8.8,11.3,14.4,10.4,3.2
2013,10,28,0,10.1,3,9.6,13.9,9.6,3
2013,10,29,0.5,2.4,9,11.6,16.3,13.1,2.3
2013,10,30,10,4.9,7.3,13.4,16.1,13.7,3.6
2013,10,31,0,3.1,10,12.6,15.6,12.7,2.5
2013,11,1,0,9,3.8,10.6,14.5,10.8,3.4
2013,11,2,0,9.1,4.8,9.1,14.6,11.6,1.9
2013,11,3,5.5,2.6,10,13.1,16.9,15,3.1
2013,11,4,10.5,4.4,8.3,12.3,15.4,12.4,3.9
2013,11,5,0.5,7.8,3.5,10.4,14,10.2,2.7
2013,11,6,0,8.3,4,9.3,16.4,10.1,3.8
2013,11,7,7,2.2,9.8,14.7,18.2,12.3,6.3
2013,11,8,0,5.5,4.8,9,13.5,9.9,4.5
2013,11,9,0,7.9,7,7.2,12.4,9,2
2013,11,10,30,0,10,9.5,14.5,11.8,7.2
2013,11,11,21,0,10,4.2,7.2,8.5,4.4
2013,11,12,22,0.2,10,3.8,5.3,7.6,2.8
2013,11,13,9.5,0.7,9.8,3.9,5.7,7.6,3
2013,11,14,0,7.4,6.3,4.2,9.6,7.2,2.2
2013,11,15,25,2.3,7.3,8.2,12.3,10.4,4
2013,11,16,0,9.1,1.8,7.2,11.7,9,2.1
2013,11,17,20,7.6,4.8,6.9,13.1,8.8,5.3
2013,11,18,92,0.9,9.5,4.7,8.9,9.2,7.9
2013,11,19,73,0.4,10,3.2,5.8,7.3,9.2
2013,11,20,99.5,0,10,5.2,6.7,8.1,7.7
2013,11,21,36.5,1.3,9.8,6.1,8.1,8.8,4.8
2013,11,22,43.5,0.2,10,7.2,8.7,9.7,2.8
2013,11,23,0,1.9,7.3,5.6,9.6,7.6,2.8
2013,11,24,0.5,2.9,8,8.1,10.7,9.4,2.6
2013,11,25,19,0.2,10,7.6,12.8,10.2,5.1
2013,11,26,7.5,1,9.5,7,10.2,7.1,8.4
2013,11,27,8.5,3.5,9.8,5.7,10.7,7.1,7.7
2013,11,28,10,0.1,9.5,3.6,6.7,6.6,9.1
2013,11,29,53.5,0,9.8,0.8,3.8,6.6,7.7
2013,11,30,4,4.7,9.5,4.2,8.1,7.3,4.7
2013,12,1,9.5,0.5,9.8,5.9,8.5,8.6,3.7
2013,12,2,7.5,3.8,7.5,5.9,9.2,9.1,3.5
2013,12,3,6,0.1,10,7.7,8.8,9.5,2.4
2013,12,4,9,5.8,9.3,7.3,10.1,8.8,4
2013,12,5,0.5,1.7,9.8,7.8,11.1,8.7,5
2013,12,6,19,0.1,9.8,6.2,9.4,8.9,5.6
2013,12,7,12.5,1,10,5.1,6.2,7.9,2.7
2013,12,8,0,5,5.5,2.5,5.9,5.9,2.9
2013,12,9,0,4.8,7.8,1.3,8.9,6.2,3.6
2013,12,10,29,0,9.5,5.5,9.9,8.6,6.8
2013,12,11,11.5,2,9.3,4.1,7.6,6.4,8.1
2013,12,12,14,0.3,8.5,3.1,5,6.3,6.9
2013,12,13,27.5,0.3,8,1.8,5.1,5.6,10.7
2013,12,14,10,0.4,9.5,1.4,4.7,6.1,8.8
2013,12,15,3.5,0.4,9.5,3.1,5.6,5.7,7.3
2013,12,16,1,0.4,10,3.2,5.5,5.7,4.2
2013,12,17,0.5,0.9,10,4,6,6.9,2.7
2013,12,18,1,0,10,4.9,6.3,7.5,3
2013,12,19,34.5,1.8,9.5,5.6,7.9,8.6,3
2013,12,20,50,1.6,9.8,0.8,4.2,6.8,9.7
2013,12,21,36.5,0,9.8,3.3,5.8,7.1,5
2013,12,22,0.5,0.7,10,2.5,4.5,5.8,4.4
2013,12,23,0.5,0.5,8.3,2,4.5,6.2,2.5
2013,12,24,3.5,0,10,2,3.7,5.6,3
2013,12,25,0,9,4.8,2.5,4.7,5,2.4
2013,12,26,6,2.8,10,1.3,7,6.5,3.6
2013,12,27,24.5,0,10,1.3,3.6,6.3,4.6
2013,12,28,6.5,0.3,9.8,0.1,1.7,5.1,4.9
2013,12,29,9.5,3.2,9,0.4,2.2,5.5,5
2013,12,30,12.5,1.1,9.3,2.8,4.4,6.6,8.6
2013,12,31,17.5,2.3,9,3.8,6.4,6.8,7.2
2014,1,1,23.5,0,10,4.5,6.7,7,8
2014,1,2,1.5,1.8,9.5,3.1,5.6,5.8,5.4
2014,1,3,1,4.7,7.5,0.4,6,6,3.8
2014,1,4,16,0,10,1.2,3.8,6.4,3.8
2014,1,5,0,1.9,7,-0.3,2.4,4.5,2.8
2014,1,6,0,3.3,6,-0.4,2.1,4.9,2.4
2014,1,7,0,8.7,5,-1.5,3.4,4.3,1.9
2014,1,8,9.5,0,10,4.9,8,7.6,3.5
2014,1,9,7,0.4,10,-0.1,2.2,5.8,6.6
2014,1,10,11.5,3.5,9.5,-2.3,0.4,5,4.1
2014,1,11,11,0.8,10,0.6,1.9,6.2,3.1
2014,1,12,17,0.7,10,2.3,4,6.5,6.1
2014,1,13,0.5,0.1,9.3,-1.4,0.5,4.4,4.8
2014,1,14,0,6.1,7.5,-1.4,0.6,4.4,5.4
2014,1,15,0,6.3,7,0.1,2.7,4.9,5.2
2014,1,16,0,2.6,9.3,1,3.6,5.3,3
2014,1,17,1.5,0,10,0.6,1.7,5.8,3.8
2014,1,18,4,6.6,6.5,-0.2,2.4,4.9,4
2014,1,19,4.5,0.7,9.8,-1.3,0.4,4.8,5.1
2014,1,20,2.5,0.1,9.8,0.3,3.7,5.2,4.1
2014,1,21,9.5,0,9.8,1,2.9,6.3,3.8
2014,1,22,12.5,1.4,9.8,0.4,1.3,5.9,2.9
2014,1,23,1.5,6.1,5.5,-0.3,2.6,5.2,2.7
2014,1,24,0,9.4,2.5,-1.6,6.2,4.7,4.5
2014,1,25,0.5,0.5,9.8,10.9,13,7.4,8
2014,1,26,12.5,0.1,9.8,-0.9,4.3,6.2,6.9
2014,1,27,0,9.3,3.3,-1.3,1.5,4.1,2.4
2014,1,28,5.5,0.6,7.5,-1.2,5.5,5.2,5.8
2014,1,29,0,9.8,2.3,0,4,5.2,1.9
2014,1,30,2,0,9.8,1.2,9.3,7.9,6.5
2014,1,31,0,5.3,8,1.9,6.7,5.8,4.9
2014,2,1,0,3.3,7.5,0.4,6.1,5.2,2.9
2014,2,2,0.5,0.6,8.3,7.1,12.6,10.3,5
2014,2,3,9,0.1,8,2.3,8.9,9.4,4
2014,2,4,11,0,10,-3,-0.5,5,6.1
2014,2,5,4.5,0.9,10,-3.1,-1.8,4,4.7
2014,2,6,0,0,10,-3.1,-1.3,4.1,2.9
2014,2,7,0,6.7,10,-1.6,0.6,4.1,5
2014,2,8,14.5,0,10,-0.8,0.5,5.6,3.6
2014,2,9,6.5,0.7,10,1,2.7,6.1,3.1
2014,2,10,0.5,1.5,9.8,0.3,1.5,4.7,3.6
2014,2,11,0,2.9,9.5,-1.3,0.7,3.9,4.4
2014,2,12,0,1.6,10,0.5,3,5,4.8
2014,2,13,0,0.4,9.8,1.1,2.5,4.9,4.9
2014,2,14,3,0,10,0.5,1.5,5.5,5.6
2014,2,15,24,0,10,2.1,3.6,6.9,6.7
2014,2,16,0.5,7.5,4.3,2.5,4.8,5.1,5.6
2014,2,17,3,0,10,1.9,3.8,5.2,3.7
2014,2,18,1,1.8,9.5,-0.6,0.9,4.5,3.3
2014,2,19,0,2.7,8.3,-0.6,1.5,4.1,3.6
2014,2,20,0,6.6,8.3,-0.2,2.6,4.3,3
2014,2,21,1.5,2.4,9.5,0,1.7,4.6,2.7
2014,2,22,0,3.3,9.5,0.4,2.7,4,2.5
2014,2,23,0,6.1,5.5,0,3.1,4.3,2.8
2014,2,24,0,10.3,1.3,-0.7,3.4,4.2,2.3
2014,2,25,0,6.6,6.8,2.5,7.2,6.2,3.3
2014,2,26,0,7.8,5.5,1,6.9,6.5,3.3
2014,2,27,8,0.3,10,6.8,9.9,9.7,2.6
2014,2,28,8,3.3,10,6.9,9.2,9.3,4.6
2014,3,1,3,0.1,10,5.3,6.5,7.6,4.8
2014,3,2,4,0.8,10,4,5.8,7.3,6
2014,3,3,1.5,4.3,7,1.3,3.8,5.2,4.9
2014,3,4,0,7,5,-0.1,5.6,4.2,3
2014,3,5,16.5,0,10,1.3,6.2,7.8,4.7
2014,3,6,0.5,3.9,10,-0.2,2,3.8,5.4
2014,3,7,3,3.9,10,-1,1.1,4.7,3.1
2014,3,8,8,1.6,9.5,0,1.8,5.4,3.2
2014,3,9,23,6.9,8.5,-0.4,2.9,5.4,4.6
2014,3,10,3.5,2,10,-0.9,0.8,4.7,5.3
2014,3,11,0,10.5,5.5,-0.7,4.6,4.6,4.8
2014,3,12,0,8.2,9.8,8.2,10.8,6.4,5.8
2014,3,13,63.5,0,10,2,6.3,8.3,4.7
2014,3,14,8,0.3,10,0.5,3.4,6.3,4.5
2014,3,15,0.5,7,4,0.3,4.8,4.9,3.6
2014,3,16,0.5,2,6.8,4.5,9.6,7.3,6.2
2014,3,17,0,10.4,2.3,1.8,9,7,2.2
2014,3,18,14,0,8,5.5,9.8,9.4,5.1
2014,3,19,0,4.1,8.8,2.8,6.9,6.7,3.9
2014,3,20,34,0,10,4.9,6.1,8,5.3
2014,3,21,4.5,1.1,9.5,2.9,4.8,5.7,6.5
2014,3,22,0,6.9,4.3,1.5,5.5,5.1,3.4
2014,3,23,0,9.8,2.8,3.4,8.8,6.6,3.8
2014,3,24,0,10.9,2.5,4,11.6,6.1,3.6
2014,3,25,0,3.6,8.5,12.2,15.7,8.1,5.9
2014,3,26,16.5,0,10,11.5,13.2,11.8,2.9
2014,3,27,17,6.8,5.3,8.6,11.1,11.3,4.4
2014,3,28,0,11.2,2,5.9,12.6,7.9,2.1
2014,3,29,0,8.7,8.5,9.3,16.7,8.4,2.8
2014,3,30,75,0,10,9,11.3,12.3,5.1
2014,3,31,0,7.6,9,7.6,9.8,8,4.3
2014,4,1,0,11.8,2,3.5,10.1,5.8,4.2
2014,4,2,0,11.6,3.3,6.3,13.4,8,2.4
2014,4,3,0,9.3,7.3,9.5,15,9.9,2.3
2014,4,4,19,0.6,9.8,5,9.5,9.9,4.5
2014,4,5,0,10.1,7.8,5.1,7.3,4.9,3.6
2014,4,6,2,3.4,9.8,3.1,5.4,6.3,3.1
2014,4,7,0,11.3,5.5,4.6,10.4,5.9,5.2
2014,4,8,0,11.3,0.8,9.4,12.8,8.6,4.3
2014,4,9,0,11.6,0,6.5,11.6,9,2.4
2014,4,10,1,4.8,6.5,5.5,9.5,7.6,3.9
2014,4,11,0,12,0,2.6,8.5,5.4,2.4
2014,4,12,0,12.2,1.8,3.8,9.7,5.8,2.5
2014,4,13,0,6.7,8.3,4.8,11.5,5.9,3.6
2014,4,14,0,12.2,0,4.9,10.6,7.3,2.8
2014,4,15,0,11.1,5,6,12.8,7.4,5
2014,4,16,0,7.5,8,9.3,14.1,9.1,2.4
2014,4,17,0,9.2,6.5,11.9,15.4,12.1,3.6
2014,4,18,5.5,0.1,7.5,9.7,12.2,10.7,5.1
2014,4,19,0,3.9,6.5,6.4,9.8,7.5,5
2014,4,20,0,5,9,6.5,11.3,8.5,3.8
2014,4,21,34.5,0,10,10.7,12.5,12.8,2
2014,4,22,0,4.2,8.3,9.6,12.5,11.2,2.3
2014,4,23,0,12.7,0.3,6.7,11.9,10,2.4
2014,4,24,0,12.8,0.3,8.7,14,8.7,3.8
2014,4,25,0,12,2,9.4,15.4,8.3,2.7
2014,4,26,0,11.6,1.5,10.7,16.9,8.4,2.3
2014,4,27,0,12.2,2,11.3,17.3,9.2,2.6
2014,4,28,0,2.8,10,13.2,17.1,9.1,2.8
2014,4,29,5.5,0.1,10,14.6,16.7,13.6,2.9
2014,4,30,20.5,3.4,10,14.3,17.1,16,3
2014,5,1,0.5,0.3,9.3,14.9,16,15.2,4
2014,5,2,0,10.2,5.5,15.1,17.6,13.5,3.5
2014,5,3,0,6.2,5.5,10.9,15.9,10.3,4.9
2014,5,4,0,8.9,8.5,8,15.2,7.3,3.1
2014,5,5,7,0,10,11.2,14.4,11.7,4
2014,5,6,0,12,5.3,8.6,13.2,7.9,3.3
2014,5,7,0,12.9,0,7.3,14.4,7.1,2.8
2014,5,8,7.5,11.9,4.8,10.2,18,9.7,5.3
2014,5,9,0.5,5.9,7.5,13.2,15.3,11.2,5.5
2014,5,10,0,10.1,4,12.2,15.1,11,2.9
2014,5,11,0,13.1,3,10.3,17.2,11.1,2.8
2014,5,12,6.5,2.9,8.8,13.3,18.1,12.3,2.5
2014,5,13,1.5,12.5,5,15.7,20.1,12.9,5.7
2014,5,14,0,4.8,10,17.2,22,11.7,3.7
2014,5,15,15.5,0,10,14.7,17.2,14.3,3.1
2014,5,16,0,7.9,5.3,13.7,16.3,12.4,5.5
2014,5,17,0.5,10.2,3.8,11.7,14.7,11.7,2.6
2014,5,18,0,13.3,4.5,10.5,16.2,11.4,3
2014,5,19,0,13.2,1.5,12.1,18.8,11.3,3.5
2014,5,20,0,3.2,10,14.3,19.4,11.8,2.9
2014,5,21,26.5,0.4,10,14.3,15.7,15.4,4.5
2014,5,22,0,0.1,10,14.7,15.8,14.6,2.8
2014,5,23,1.5,0,8.3,13.3,14.9,14.2,2
2014,5,24,0,11.3,8.5,11.7,19.8,12.4,3.3
2014,5,25,0,8.5,10,18.8,22.2,15.2,3.4
2014,5,26,24,0,9.8,17.4,18.6,17.9,2
2014,5,27,0,11.1,3.5,15.2,20.7,14.4,3.6
2014,5,28,0,13.2,3.3,16.2,23.8,9.7,2.8
2014,5,29,0,11.7,3.3,18.5,24.1,13.5,2.7
2014,5,30,0,12.5,1.8,19,24.3,14.5,2.9
2014,5,31,0,12.9,0,18.9,23,17.1,2.5
2014,6,1,0,13.6,0.8,17.5,23.1,14.9,2.3
2014,6,2,0,11.1,8,19.6,25.8,16.5,2.9
2014,6,3,0,9.1,9.3,21.8,25.9,17.4,2.4
2014,6,4,0,7.2,10,23.1,25,16.8,2.5
2014,6,5,3,2.3,10,19.6,21.9,18.8,2.8
2014,6,6,0,8.6,7.5,19.4,23.3,19.6,3.2
2014,6,7,0,0.7,10,21,22.2,21.5,3.5
2014,6,8,0,8.1,9,20.6,22.1,21,2.7
2014,6,9,0.5,5.6,9.3,20,23,22.3,3
2014,6,10,6.5,6.2,9.8,20.7,23.7,22.7,2.8
2014,6,11,0.5,1.4,10,21.4,23.4,22.7,2.7
2014,6,12,62,0,10,19.1,20.7,22.6,4.2
2014,6,13,33,0.4,10,17.2,18.8,19.2,5.3
2014,6,14,2,10.5,4.8,17.2,20.9,17.5,4.9
2014,6,15,0,12.9,5.8,18.9,22.2,17.8,4
2014,6,16,0,13.7,3.8,17.6,22.5,16.6,3.2
2014,6,17,0,7.5,9.8,19.1,21.9,18.7,3
2014,6,18,0,0.3,10,19.3,21.4,20.1,4.4
2014,6,19,0,10.9,6.8,17.8,21.3,18.9,2.6
2014,6,20,0,5.9,8.3,19.2,22.5,20,2.2
2014,6,21,0,5.8,10,20.2,23,21.3,3.1
2014,6,22,15,0.2,10,19.9,21.2,21.6,3.4
2014,6,23,0,8.4,8.8,18.9,20.9,18.5,4
2014,6,24,0,7.9,8.3,18.9,21.2,18.5,3.1
2014,6,25,0,13.5,1,17.8,22.2,18.9,2.9
2014,6,26,0,10.9,8.5,19.7,24.9,20.5,2.7
2014,6,27,0,6.8,9.3,22.1,25.2,21.3,3
2014,6,28,29.5,0,10,20.4,22.9,22.5,1.9
2014,6,29,0.5,5.8,10,20.9,23.2,24.2,4.6
2014,6,30,0,11.6,7.8,20.4,23.6,21.4,3.4
2014,7,1,0,11.2,3.8,20,23.5,20.7,3.7
2014,7,2,0,12.2,3.3,20.4,24.6,21.6,4.2
2014,7,3,13.5,0.5,10,20.8,23.5,23.6,3.1
2014,7,4,16,0,10,20.6,22.9,24.2,3.1
2014,7,5,0,2.9,10,22.1,24.3,23.7,3.4
2014,7,6,5.5,4.9,10,22.7,24.8,24.9,2.6
2014,7,7,22,0.1,9.5,21.8,22.7,25.8,2.8
2014,7,8,0,5.7,7.5,22.2,26.8,26.9,1.8
2014,7,9,0,6.8,6.8,25.6,29.3,27.5,3.2
2014,7,10,3,1.4,10,24.6,27.6,27.7,2.3
2014,7,11,4.5,5.8,8.8,23.3,24.9,27.4,4.8
2014,7,12,0,11.7,7.5,23.1,26.5,21.5,4.9
2014,7,13,7,0,10,21.2,23.6,23.2,2.7
2014,7,14,3,0.5,9.8,21.7,23.8,25.2,2.7
2014,7,15,0,9.1,6,21.1,25.6,23,2.7
2014,7,16,1,0.8,10,23.1,26.1,26.6,2.8
2014,7,17,14,2.5,10,24.4,26.4,27.6,3.9
2014,7,18,1.5,1.4,9,23.8,26,26.6,3.7
2014,7,19,11,7,9.8,22.9,26,26.8,3.4
2014,7,20,2.5,12.6,4.8,22.5,25.6,24.2,3.2
2014,7,21,0,12.7,2.3,22.6,26.5,23.8,2.2
2014,7,22,0,8,7.5,23.8,28.1,23.5,3.1
2014,7,23,0,4.4,10,25.6,28.1,24.9,5.3
2014,7,24,5.5,0.4,10,25.1,26.7,30,4.9
2014,7,25,0,9.4,5.3,25.4,28.5,29.2,2.6
2014,7,26,0,13.3,1.5,25.9,30.8,27.5,3.4
2014,7,27,6.5,4.1,9.8,23.2,25.7,25.3,4.7
2014,7,28,0,12.7,2.8,21.3,24.8,21.8,3.8
2014,7,29,0,11.8,4.8,21.4,27.1,22.3,2.8
2014,7,30,0,12.3,2,23.9,29.3,23.5,2.5
2014,7,31,0,12.7,2.3,26,29.5,25.4,2.5
2014,8,1,0,11.9,5.8,26,30.3,26.4,2.7
2014,8,2,0,3.5,10,27.6,30.4,27.1,2.4
2014,8,3,0,1,10,27.1,30.3,26.7,2
2014,8,4,0,1,10,27.1,31,24.9,4
2014,8,5,0,6.9,9.5,27.6,31.7,25.4,6
2014,8,6,4,4.5,8.8,26.6,28.2,29,3.5
2014,8,7,12.5,0.3,10,23.3,26.9,28.1,2.1
2014,8,8,67.5,0,10,20.6,23.3,26,2.9
2014,8,9,61,0,10,20.6,22,24.6,4.8
2014,8,10,30,0,10,23.3,25.6,27.4,8
2014,8,11,1,4.9,9.5,23,25.1,25,7
2014,8,12,0,3.8,8.3,22.5,25.1,25.1,2
2014,8,13,0,4.6,7.5,22,25.7,24.8,2.6
2014,8,14,0,5.3,9.3,24.6,27.3,26.1,4.8
2014,8,15,16,1.9,9.8,24.2,26.7,28.9,4.7
2014,8,16,88.5,0,10,23.2,24.1,28.4,2.8
2014,8,17,77.5,0.3,9.8,23.5,25,29.3,2.2
2014,8,18,3,8.7,8.8,24,28.1,29.3,2.4
2014,8,19,0,10.8,6.8,25,29.4,27.9,3.2
2014,8,20,0,10.8,7,25.6,28.9,28.2,2.7
2014,8,21,0,1.6,9.3,25.7,28.8,28.6,2.1
2014,8,22,22.5,5.8,7.3,23.2,27.2,25.5,3
2014,8,23,1.5,11.5,7.3,23.2,26.5,25.4,2.6
2014,8,24,0.5,1.7,8.3,23.7,26.3,25.8,1.9
2014,8,25,55.5,1.5,10,22.4,24.4,26.1,2.4
2014,8,26,56.5,0.7,9.3,22,23.5,26.2,3.8
2014,8,27,0,2.4,10,21.4,24.1,23.5,2.7
2014,8,28,0,7.3,9,20.8,23.6,20.2,3.2
2014,8,29,0,5.3,8.8,20.7,23.8,20.4,2.9
2014,8,30,0,6.3,9,21.3,23.8,22.4,3.9
2014,8,31,0,2.5,8,20.5,23.6,22,3
2014,9,1,0,1.9,10,22,24.3,23.4,1.8
2014,9,2,0,9.5,6.3,21.1,24.9,23.3,2.6
2014,9,3,0,2.3,7.5,22,26.5,22.1,1.7
2014,9,4,5.5,2.6,9.8,23.5,27.1,22.9,3.1
2014,9,5,27.5,3.7,8.8,22.5,24.5,25.6,2.1
2014,9,6,0,9.3,7.3,20.1,24.7,22.3,2.4
2014,9,7,0,11.2,4.3,21.8,24.6,21.1,2.4
2014,9,8,0,7,5.3,21,23.8,20.8,2.5
2014,9,9,0,10.3,4.3,19.3,23.7,20.3,2.6
2014,9,10,0,8,9.5,20.7,24,20.3,2.6
2014,9,11,0,8.3,6,20.2,23.3,18.3,4.4
2014,9,12,2,9.8,5.5,18.1,22,15.5,2.6
2014,9,13,0,7.7,7.3,18.5,21.6,17.3,2.7
2014,9,14,0,10.9,1.8,17.5,22,17.6,3.2
2014,9,15,0,1.7,10,19.5,22.4,18.9,1.9
2014,9,16,0,6.8,7.3,19.8,22.9,18.6,2.4
2014,9,17,0,2.7,8.3,18.3,21.2,15.3,4.3
2014,9,18,0,6.7,6,17.5,20.4,12.9,4
2014,9,19,0,5.7,7,15.9,19.6,13.4,2.4
2014,9,20,0,7.9,5,16,20,13.9,3.1
2014,9,21,0,11.5,3,15.1,20.5,14.7,2.6
2014,9,22,0,10,1.5,16.1,20.4,14.3,3.6
2014,9,23,0,10.4,5.5,14.5,20.8,13.8,3.6
2014,9,24,16.5,0,10,17.6,20.5,17.6,2.7
2014,9,25,28.5,0,9.8,18,21.1,22.6,4.2
2014,9,26,0,5.3,8.3,16.1,20.5,17.8,4.9
2014,9,27,0,7.9,4.8,18.1,22.2,19.2,2.2
2014,9,28,0,9.4,2.3,17.9,21.8,19.3,3.5
2014,9,29,0,10.6,2.8,17.7,21.8,18.9,3.2
2014,9,30,0,4.3,9,19.6,21.6,17.6,2.6
2014,10,1,0,10,4.8,18.7,21.2,17.6,4.4
2014,10,2,9,3.2,9.8,18.6,21.3,19.5,2.6
2014,10,3,15,2.1,9.5,19.3,21.1,19.9,3.3
2014,10,4,0,5.8,8.5,17.7,20,15.8,4.8
2014,10,5,8,0,10,16.5,17.7,16.9,6.1
2014,10,6,59.5,0,10,16.8,18.5,18.2,6.6
2014,10,7,0,8.3,2.5,13.3,17.1,12.9,3.8
2014,10,8,0,8.9,1.8,12.4,17.5,13.4,3.2
2014,10,9,0,9.9,5.5,14.8,20.2,15.5,2.8
2014,10,10,0,8.8,6.5,17.6,20.8,17.7,3.5
2014,10,11,0,10.6,0.3,15.8,18.8,14.1,6.7
2014,10,12,0,8.2,6.3,15.2,19.3,14.8,3.3
2014,10,13,63.5,0,10,16.3,17.7,17.5,6.3
2014,10,14,9,0.2,10,12.9,16.7,13.5,8.6
2014,10,15,0,4.3,7,10.4,15.3,11.2,3.4
2014,10,16,6.5,9.1,4.8,12.5,16.5,11.2,4.7
2014,10,17,1,6.5,4.3,11.1,15.5,9.8,3.9
2014,10,18,0,10.5,0.3,9.6,15.1,9.7,1.9
2014,10,19,0,10.7,0.3,10.7,16.2,9.8,1.8
2014,10,20,12.5,0,8.3,12.8,15.7,15.4,2
2014,10,21,33,0,10,15,18.7,17.8,3.6
2014,10,22,32.5,0,10,13.7,14.5,14.2,5.3
2014,10,23,0,1.3,9.5,12.2,14.4,11.1,4.4
2014,10,24,0,10.4,2.8,10.8,14.9,11.9,1.9
2014,10,25,0,10.4,0.3,10,16.8,10.7,1.9
2014,10,26,0,10.2,2.5,12.6,18.7,14,2.4
2014,10,27,0,0.7,7.5,13,15.7,11.5,4.9
2014,10,28,0,5.4,6,9.8,13.1,7.2,3.4
2014,10,29,0,10.3,1.3,9,12.6,8.5,3.2
2014,10,30,0,10.1,1.3,7.7,14.2,10.1,2.5
2014,10,31,0,0.3,7.5,12.8,16.7,13.9,2.4
2014,11,1,10,0.4,10,14.4,17.2,17.2,2
2014,11,2,19.5,0.3,10,15.2,18.7,17.6,5.9
2014,11,3,9.5,0.7,9.8,10.4,12.7,9.5,5.5
2014,11,4,2.5,9.3,2.5,8.1,12.7,8.8,3.1
2014,11,5,0,9.8,1,6.4,13.4,9.6,2.4
2014,11,6,5.5,0,7.5,11.4,13.9,13.7,1.7
2014,11,7,6.5,7.1,5,8.4,12.7,10.4,3.6
2014,11,8,0,4.3,7.5,6.9,12.3,9.1,4.1
2014,11,9,12.5,0,10,12.8,14.6,13.3,2.3
2014,11,10,0,8.7,6.5,9.1,13.5,11.1,3.7
2014,11,11,0,8.2,4.5,7.3,12.3,10.1,2.9
2014,11,12,11,4.6,10,10.8,14,11.7,5.7
2014,11,13,14.5,0.8,10,5.8,9.5,7.9,9.5
2014,11,14,11.5,1.4,10,6.5,9.1,8.2,7
2014,11,15,14.5,0.4,10,7.1,8.4,9.1,3.3
2014,11,16,0.5,4.2,9,5.5,10,8.4,2.1
2014,11,17,26,0.3,9.3,7.2,10.1,9.4,4.5
2014,11,18,2.5,1.1,10,7.8,9.4,7.7,3
2014,11,19,1,4.7,5.3,5.1,8.7,7,2.4
2014,11,20,0,3.8,4,3.8,8.5,6.3,2.1
2014,11,21,0,8.7,5,4.2,10.8,7,1.9
2014,11,22,0,9.2,3,8.6,13.4,9,2.4
2014,11,23,2.5,3.7,9,9.2,11.6,10.3,4.3
2014,11,24,1,2.6,8.5,7.2,12.2,10.2,1.9
2014,11,25,19.5,0,10,10.8,11.6,11.8,4.9
2014,11,26,6,0,10,10.2,12.4,11.6,3.1
2014,11,27,0,6,6.3,8.6,12.1,9.2,2.8
2014,11,28,0,6.8,5.8,7.1,14.3,10.2,2.7
2014,11,29,18,2.3,9.8,13.3,16.2,14.5,5.4
2014,11,30,1.5,5.2,8.3,9.6,13.7,12.8,2.9
2014,12,1,32.5,0.3,10,7.3,13.2,12.2,7.5
2014,12,2,15.5,1,10,2.5,5.7,5.9,11.9
2014,12,3,11.5,0.8,10,2.2,4.9,6.4,9
2014,12,4,98,0,10,5.6,6.6,8.1,6
2014,12,5,24,0.5,9.8,0.4,4,6.1,6.7
2014,12,6,52,0,10,0.3,0.8,6.1,2.6
2014,12,7,17,0.1,10,0.2,1.9,6.3,2.3
2014,12,8,4.5,3.1,8.8,1.4,4.7,7,3.7
2014,12,9,17,0.4,9.8,2.7,4.2,6.9,3.4
2014,12,10,0,5.4,8,1.1,4.7,5.5,3.1
2014,12,11,41,0,10,7.9,10.5,9.3,6.4
2014,12,12,11.5,2.1,10,2.6,4.8,6.9,4.3
2014,12,13,17,1.1,9.5,2.3,4.5,6.3,8.1
2014,12,14,27.5,0.1,10,0.3,1.2,6.1,2.2
2014,12,15,9,2.3,10,0.7,2.5,5.9,2.7
2014,12,16,27.5,0,10,1.7,5.3,6.7,6.1
2014,12,17,24.5,0.9,10,-0.7,1.8,5.4,12
2014,12,18,8,0.5,9,-0.6,2.3,4.9,7.1
2014,12,19,0,3.7,8.5,1.2,3.7,5.2,1.9
2014,12,20,18,0,10,2,5.5,7.2,3.1
2014,12,21,31.5,0,10,2.4,5.5,6.4,6.2
2014,12,22,13.5,0.8,10,1.7,3.9,6.1,7.5
2014,12,23,0.5,4.5,8.3,3.1,5.2,5.7,3.4
2014,12,24,7.5,0.4,8.5,3.7,7.4,6.8,5.3
2014,12,25,26,0,10,0.4,1.8,6.3,2.5
2014,12,26,8.5,1.1,10,0.3,2.4,5.4,3.9
2014,12,27,0.5,7.5,5.3,0.5,2.6,4.9,2.2
2014,12,28,8,8.3,5,-1,3.9,5.1,1.9
2014,12,29,14.5,0.6,10,4.2,5.8,8.1,2.7
2014,12,30,7.5,0.3,8.5,4.5,7.3,7.3,5.6
2014,12,31,42,1.5,9.5,0.7,6.2,6.7,5
2015,1,1,19,0,10,-1.1,0.2,5.1,4.1
2015,1,2,22,0,10,-0.6,0.8,5.5,2.6
2015,1,3,4.5,1.3,10,-0.1,1.9,5.9,3.4
2015,1,4,17,0.6,10,1.6,5.2,7.1,4.1
2015,1,5,0,6.5,8.3,3.2,5.4,6.5,1.6
2015,1,6,7.5,0,10,2.4,7,7.2,6.4
2015,1,7,3.5,0.3,10,0.9,2.6,5.3,4.5
2015,1,8,4,0,10,1.5,3.1,5.8,4
2015,1,9,4,0.6,10,1.5,3.8,5.5,3.6
2015,1,10,18,1.7,10,0.5,2.2,6.4,2.2
2015,1,11,18,0,10,0.6,3.1,6.3,4.9
2015,1,12,12.5,0.4,10,0.8,2.1,5.7,3.9
2015,1,13,0,0.3,8,0.7,3.7,5.8,1.7
2015,1,14,0,3,7.3,-1.2,3.4,5.3,2.2
2015,1,15,16.5,0,10,3.6,5,6.9,3.1
2015,1,16,0,2.9,9.3,3.1,5.6,6,2.2
2015,1,17,9,0.1,10,0,3.4,5.5,7.8
2015,1,18,0.5,6.4,8.5,1.1,4.1,5,2.5
2015,1,19,4,0.4,9.5,2.6,5.9,6.2,5.2
2015,1,20,1,2.4,7.3,-0.6,2.7,5.7,2.6
2015,1,21,0,4.3,8,-1.1,3.5,5.1,2.6
2015,1,22,17.5,0,10,4,5.7,8.1,3
2015,1,23,1.5,1.3,10,2.3,4.7,6.1,4.7
2015,1,24,1.5,2,10,2.4,5.9,5.8,2.9
2015,1,25,0.5,4.2,10,4.7,7.1,7.2,2.2
2015,1,26,4.5,0.8,10,3.6,8.7,7.7,2.1
2015,1,27,20,0,10,0.4,5.4,8.3,3.1
2015,1,28,0.5,2.2,10,-0.6,1.3,4.3,2.9
2015,1,29,0,1.4,10,-0.7,1.7,4.6,2.4
2015,1,30,14,0,10,1.1,3.4,6.4,2.4
2015,1,31,2,0.7,9,0.8,2.9,4.9,7.3
2015,2,1,1,0,10,-0.3,1.4,5,3.5
2015,2,2,0.5,0.2,10,0.8,2.3,5.2,1.8
2015,2,3,0,0,10,2.1,3.8,4.9,1.6
2015,2,4,0,1.2,7.5,1.9,4.2,4.9,1.7
2015,2,5,3,7.2,7.3,-0.7,4.3,5.5,2.6
2015,2,6,5.5,2.1,10,2.3,4.4,5.9,3.3
2015,2,7,0,8,9.5,1.4,5.7,5.2,1.9
2015,2,8,18,0,10,-1,5.4,5.9,6.9
2015,2,9,10.5,0.4,10,-2.1,-0.3,4.3,6.3
2015,2,10,12.5,0,10,-0.6,1.2,5.7,4.4
2015,2,11,9,0.2,10,2,5.4,6.5,4.7
2015,2,12,25.5,2.2,10,2.9,4.9,7.2,5.3
2015,2,13,2.5,0.9,10,-0.4,1.6,4.4,6.8
2015,2,14,7,1.5,10,0.6,3.5,5.3,5.2
2015,2,15,7,4.5,8,1,5.4,5.7,3.9
2015,2,16,0,9.8,3.8,-2.3,3,4.5,2.9
2015,2,17,0,0,9.5,3.4,4.7,6.6,1.7
2015,2,18,11.5,2.1,9.8,3,5.5,7.3,4
2015,2,19,15.5,0.7,10,2.3,4.3,6.9,4.4
2015,2,20,5.5,2.9,8.3,1.4,3.7,6.3,2
2015,2,21,0,8,5,-0.4,6,5.7,1.7
2015,2,22,2.5,2.7,9.8,6.2,12.4,8.7,3.5
2015,2,23,3,0.1,8,7.3,10.2,9.5,3.3
2015,2,24,0,5.5,8,4.5,7.6,6.4,2.4
2015,2,25,0,3.3,10,4.2,6.8,6.5,2.8
2015,2,26,6.5,0,10,4.1,7.6,7.8,2.7
2015,2,27,4,0.6,9.8,2.1,4.8,5.9,6.5
2015,2,28,0,8.6,10,2.2,4.7,4.6,2.6
2015,3,1,22.5,0,10,3.8,5.2,7.4,2.3
2015,3,2,1,4.6,7.8,2.7,5.7,5.9,3.4
2015,3,3,5.5,0.2,9.5,0.8,4.9,6,1.9
2015,3,4,8,1.5,9.8,4.3,6.3,7.1,6.2
2015,3,5,3,2.9,9.8,1.9,4.3,5.4,4.4
2015,3,6,0,3.9,8,1,4.8,5.8,2.8
2015,3,7,0,2.7,9.5,2.2,6.2,6.8,2.2
2015,3,8,0,0.6,9.8,6.3,8.5,8.4,4.1
2015,3,9,20.5,0,10,5.5,7.9,8.9,2.7
2015,3,10,11.5,0.3,10,-0.5,2.7,5.7,9.1
2015,3,11,6,2,9.5,0.6,2.7,5.2,9.5
2015,3,12,15.5,2.3,9.5,0.6,3.7,5.5,7.6
2015,3,13,15.5,1.5,9.8,0.8,4.4,6.6,6.3
2015,3,14,0,6.6,4.8,1.3,5,5.6,3
2015,3,15,0,10.5,4.3,0.8,7.7,5.8,1.7
2015,3,16,0,7.3,8,5.7,10.4,9.1,2.6
2015,3,17,0,10.8,2.5,4.8,12.4,8,2.3
2015,3,18,8.5,5.1,8.5,8.4,12.4,9.9,3.8
2015,3,19,43.5,0.1,10,9.7,10.8,12,4.4
2015,3,20,0,1.8,8.3,7.9,9.9,9.5,2.7
2015,3,21,0,9.7,6.3,5.2,10.1,8.5,2.2
2015,3,22,0,9.3,2.8,5.5,10.8,8.3,4.2
2015,3,23,3.5,3.6,9.8,1.7,5.3,5.3,5.5
2015,3,24,5,1.5,9.8,2.3,5.1,5.7,5.3
2015,3,25,0,8.4,6.3,1.9,5.4,5.5,3
2015,3,26,0,11.9,0,1.7,6.7,5,2.6
2015,3,27,0,11.9,0,2.4,9.6,4.9,3.1
2015,3,28,0,9.5,3.8,5.4,12.5,4.8,3.6
2015,3,29,3,0.8,7.8,9.7,12.4,9.8,3
2015,3,30,0,8.7,6.5,8.1,10.5,9.6,2.8
2015,3,31,0,10.3,5,6.5,15.1,8.4,3.1
2015,4,1,23,0,10,8.9,11.2,11.6,3.5
2015,4,2,0,11,4.8,8.5,12.4,9.6,3.6
2015,4,3,15,0.7,9.8,9.3,16.1,12.9,7
2015,4,4,0,6.5,8.8,8.7,11.8,10.8,5.8
2015,4,5,19.5,0,10,11.3,13.1,14,3.1
2015,4,6,16.5,0,10,7.3,9.9,11.4,3.6
2015,4,7,0.5,0,10,4.8,6.8,7.9,5.6
2015,4,8,0.5,0.7,9.8,3.2,5.4,6.3,5.4
2015,4,9,0,11.6,6.8,1.6,7.7,6.9,3.6
2015,4,10,3,0,10,7.1,9.7,9.5,2.4
2015,4,11,1,0.3,9.8,8.6,10,10.6,4.4
2015,4,12,0,8.3,7.3,7.1,11.9,8.2,5.9
2015,4,13,4.5,0,10,9.6,10.9,11,4.1
2015,4,14,10,0.2,10,9.8,13.3,13.7,3
2015,4,15,27,1.5,10,8.1,10.1,10.5,4.5
2015,4,16,0,8,7.5,10.8,17,8.7,6.9
2015,4,17,7.5,5.6,7,9.1,12.8,8.3,5.2
2015,4,18,0,11,7.5,6.6,14.1,5,4.3
2015,4,19,15,0.4,9.3,9.6,13,10.6,2.9
2015,4,20,54,0,10,11,16.1,14.9,5.7
2015,4,21,1.5,2.1,7.8,8.7,10.7,10.4,3.9
2015,4,22,0,10.8,7.8,6.8,13.8,10,2.5
2015,4,23,0,10.4,7.8,12,15,11.8,3
2015,4,24,0,10.9,10,11.6,16.3,10.5,4
2015,4,25,0,11.6,3.3,11.1,14.6,9.6,2.5
2015,4,26,0,12.8,0,8.3,16.8,6.3,2.8
2015,4,27,0,12.7,0.3,12.1,19.9,7.8,3.1
2015,4,28,0,11.1,7.5,14.2,19.6,10.4,3.3
2015,4,29,0,12.3,5.3,15.8,19.7,12.9,2.9
2015,4,30,0,12.5,2.8,15.1,19.2,13,2.6
2015,5,1,0,12.4,2,14.8,19.6,13.3,3.1
2015,5,2,0,12.5,3,14.6,20.3,13.6,2.1
2015,5,3,0,8.3,10,16.6,21.2,13.4,2.5
2015,5,4,17.5,0,10,14.6,19.1,16,3.3
2015,5,5,0,11.1,2.8,12.2,15.4,10.4,3
2015,5,6,0,8.9,5.5,10.5,17.5,11.3,2.6
2015,5,7,0,8.8,7.5,14.2,18.1,11.5,2
2015,5,8,0,11.7,6.3,16,18.8,13.5,3
2015,5,9,0.5,1,7.5,14.9,17.7,12.9,2.8
2015,5,10,0,9.5,5,11,14.5,10.3,4
2015,5,11,0,11.7,6.5,8.7,15.9,9.2,3.3
2015,5,12,23,1.2,10,13.7,18.5,14.7,3.8
2015,5,13,0,12.6,1,14.1,20.8,10.2,8.8
2015,5,14,0,11.1,5,17.3,23,9.7,4.1
2015,5,15,0,4.8,9.3,18.2,24.4,17.5,4.6
2015,5,16,50,0,10,15.7,16.6,16.6,3.5
2015,5,17,0,11.8,3.8,12.3,17.8,12.8,2.8
2015,5,18,15,5,8.8,14.4,19.8,12.8,2.4
2015,5,19,10.5,3.3,6,14.8,17.4,17.2,3.5
2015,5,20,0,9.6,5,13.4,17.1,13.5,3.9
2015,5,21,0,13.4,2.5,13.4,16.9,11.3,4.5
2015,5,22,0,11.2,5,13.6,20.6,8.8,5.3
2015,5,23,0,7.9,7.8,15.8,21.3,10.4,2.5
2015,5,24,0,12.8,3.8,17,21.3,13,3.2
2015,5,25,0,7.7,6.3,16.8,20.1,14.4,2.2
2015,5,26,0,13.5,0,16.3,20.7,14,2.3
2015,5,27,0,13.3,2.5,15.6,22.4,11.8,3
2015,5,28,0,6.5,7.5,16.7,22.1,15.5,2.5
2015,5,29,0,12.7,3,19.4,23.6,16.1,3.5
2015,5,30,0.5,7.3,6.3,17.9,21.5,18,3.1
2015,5,31,3,10.2,9,17.4,20.6,17.2,4.4
2015,6,1,0,11,7.3,17.2,22,16,2.7
2015,6,2,0,5,6.5,18.5,23.9,16.9,2.2
2015,6,3,8,0,8.5,16.1,20.4,19.2,3.8
2015,6,4,0,12.1,3.5,14.3,18.4,12.3,3.5
2015,6,5,13.5,0,10,13.7,16.3,13,1.9
2015,6,6,3.5,3.8,6.5,14.3,17.7,14.6,3.4
2015,6,7,0,12,7.8,13.7,19.9,14.5,3.4
2015,6,8,0.5,7.5,7.5,16.7,22,15.3,2.5
2015,6,9,14.5,0.3,10,17.9,19.9,19.9,3.1
2015,6,10,0,11.6,7.3,17.6,21.1,18.9,2.8
2015,6,11,0,6.6,10,18.4,23.3,18,3.2
2015,6,12,4,2.1,7.3,19.6,22.8,22.5,4.4
2015,6,13,0,9.2,5,18.6,24.8,16.6,2.3
2015,6,14,0,9.7,8.3,22.2,24.8,19,2.9
2015,6,15,0,9.5,6.8,20.4,23.8,20.6,2.6
2015,6,16,2,2.5,10,20.6,22.6,22,2.8
2015,6,17,0,7.2,7.8,19.5,22.6,21.1,3.1
2015,6,18,1,4.8,8.5,20.1,23.1,21.2,2.9
2015,6,19,9,0,10,20.2,21.1,22.2,3.3
2015,6,20,3.5,0.7,10,19.8,21.4,21.1,3.5
2015,6,21,4.5,0.4,8.5,18.9,20.6,21.2,2.1
2015,6,22,0,8.3,8.5,17.8,22.2,20.3,3.1
2015,6,23,0.5,10,7.8,20.7,23.6,21.6,3.7
2015,6,24,0,11.9,5.8,20.6,23.8,21,4.9
2015,6,25,0,11.3,4,20.6,24.5,21.4,4.2
2015,6,26,25,0,10,20.4,21.7,23,2.3
2015,6,27,10,0,10,17.8,20.5,21.8,6.8
2015,6,28,6,0.4,10,17.1,18.1,18.2,3.9
2015,6,29,0,13.5,4,15.8,21,18.4,4
2015,6,30,2,1.3,10,18.9,23.1,19.1,1.9
2015,7,1,40.5,0.1,9.5,18.7,20.6,21.7,4.9
2015,7,2,0,11.4,7.5,19.3,23.2,20.2,3.9
2015,7,3,0,7.9,10,20.2,24.2,20.4,3.2
2015,7,4,3.5,0,10,20.1,22.2,22.1,3.4
2015,7,5,0,5.6,10,19.6,21.9,20.3,2.3
2015,7,6,0,0.6,10,20.3,22.3,21.2,3.2
2015,7,7,0,0.6,10,19.6,22.3,22.3,2
2015,7,8,15.5,0,10,21.3,22.7,24.4,3.5
2015,7,9,5,0.2,9.3,21.3,22.6,24.6,3.5
2015,7,10,0,12.5,3.5,20.8,24.1,24.3,4.3
2015,7,11,0,13.8,5.5,20.6,26.5,22.2,3.2
2015,7,12,0,13.1,8,23,28.6,24.7,2.8
2015,7,13,0,6.4,10,26.8,32.4,22.3,6.9
2015,7,14,0,12.3,5.5,25.7,29.4,23.3,4.9
2015,7,15,0,11.8,5,24.2,28.1,25.2,4.3
2015,7,16,4,1.1,10,23.5,24.7,26.7,7.4
2015,7,17,5.5,0,10,23.3,25.7,26.3,5.9
2015,7,18,19,0,10,21.8,22.7,24.5,4.7
2015,7,19,0,5.1,9.8,22.2,26.3,26.1,1.7
2015,7,20,0,12.5,3.8,24.7,29.9,24.8,2.8
2015,7,21,0,10.6,3.8,25.8,29.7,25.3,2.3
2015,7,22,8,4.5,7.5,24.6,27.9,25.9,2.1
2015,7,23,44,0,10,23.8,25.1,27.8,4.9
2015,7,24,0,6.7,9.3,25.5,29.5,25.7,3.2
2015,7,25,0,12.3,7.3,24.8,28.8,24.7,2.9
2015,7,26,0,13.5,1.3,25.5,30.2,23.8,2.6
2015,7,27,11,8.1,7.3,24.6,28.9,25.4,2.8
2015,7,28,2,1.5,10,24.3,26.8,28.5,4.5
2015,7,29,0,8.9,8.3,25.3,27.7,28.9,3.7
2015,7,30,1,0,10,25.9,27.2,30,4
2015,7,31,0,12.8,2.5,24.5,28.1,28,3.5
2015,8,1,0,12.8,2.5,25,28.1,28.8,2.3
2015,8,2,0,12.7,0.8,25.4,29.3,27.7,2.4
2015,8,3,0,11.7,6.3,26.3,29.5,27.9,2.5
2015,8,4,0,12.3,3,25.6,30,25.1,2.1
2015,8,5,0,11.9,1.5,26.6,30.4,25.9,2.4
2015,8,6,0,12.1,5.8,26.7,30.4,27.7,2.8
2015,8,7,0,12.1,4.3,27,29.9,29.3,3.6
2015,8,8,0,12.1,1.3,25.6,29,28,4.1
2015,8,9,0,9.7,7.3,25.3,28.2,27.5,2.4
2015,8,10,0,11.3,9.8,24.9,27.6,26.7,2.2
2015,8,11,0,0.1,8.3,24.8,26.9,26,1.9
2015,8,12,0,1.4,10,24.6,27.5,23.4,1.8
2015,8,13,3.5,0.7,9.8,23.8,26.1,25.4,3.5
2015,8,14,5,7.2,7.3,22.5,26,25.7,2.9
2015,8,15,0,12.6,1,22.8,26.7,23.8,2.9
2015,8,16,0,12.2,6,22.9,27.6,25.2,3.3
2015,8,17,24,0.7,9.5,23.4,25.2,27.3,2.9
2015,8,18,0,6.9,6.3,22.5,25.8,24,3.3
2015,8,19,0,3.8,10,23.7,25.8,24.3,4.6
2015,8,20,0,0.6,10,24.2,26.1,26.4,3
2015,8,21,8.5,0.1,10,24,25.5,28.1,1.8
2015,8,22,17,7.5,9,24.6,26.5,26.8,4.2
2015,8,23,0,9.7,7.8,22.9,25.9,24.2,3.4
2015,8,24,0,6.3,9.5,24,26.5,24.7,2.7
2015,8,25,0,1.6,10,24.9,27.1,26.2,5
2015,8,26,0,7.9,6.5,21.4,27,22.4,7.3
2015,8,27,0,11.3,3.3,20.7,24.9,21.4,3
2015,8,28,0,6.8,6.5,22.3,25.8,23.9,2.6
2015,8,29,2,3.2,10,22.8,25.3,23.4,2.6
2015,8,30,59.5,0,10,20.3,22,24.7,2.8
2015,8,31,4,1.6,10,21.9,23.9,25.1,2.2
2015,9,1,30.5,0.5,9.8,22.1,23.9,25.8,3.6
2015,9,2,2.5,0.9,8.8,22.2,23.7,23.9,4.7
2015,9,3,12.5,0.5,10,21.5,24,23.9,2
2015,9,4,35.5,8,8.5,20.4,23.8,23.2,4.2
2015,9,5,0,6.8,9.5,20.5,23,19.5,3.2
2015,9,6,42,0,10,19.3,20.5,21.1,4.5
2015,9,7,16,0,10,19.7,20.9,22.5,3.9
2015,9,8,1,0,10,20.7,22.3,23.8,3.9
2015,9,9,22,2.1,7.8,20.2,22.5,23.2,5.6
2015,9,10,11.5,0.6,10,19,21.5,21.7,4.9
2015,9,11,10,3,7.5,18.2,20.3,18.9,4.7
2015,9,12,0,7,8.3,16.2,22.4,17.2,2.4
2015,9,13,5.5,4,7.3,18.4,21.3,19.4,3.5
2015,9,14,0,10.6,3.8,16.9,20.6,16.2,3.9
2015,9,15,0,9.1,5.5,17.1,21.5,17.1,4.9
2015,9,16,0,2.4,10,19.8,22.1,19.1,4.1
2015,9,17,18,0,10,18.9,20.4,21.2,2
2015,9,18,12.5,3.7,8.8,19.7,21.5,20.4,5.3
2015,9,19,7,6.5,7.8,18.8,21,18.3,3.5
2015,9,20,0,9.2,5.3,16.5,20.8,17.4,4.1
2015,9,21,0,4.4,7.5,17.3,20.9,17.7,3.5
2015,9,22,0,11.3,3.5,17,21.7,17.1,4.7
2015,9,23,0,8,6.8,18.5,23.2,18.5,2.9
2015,9,24,16.5,0,10,16.3,20.6,18.2,2.3
2015,9,25,28,0,10,16.8,18.8,20.2,2.8
2015,9,26,0,5.5,8.3,19.3,21.8,20.7,2.2
2015,9,27,1,6,6,18.7,21.8,20.3,3.5
2015,9,28,0,10.6,4.3,16.5,21.1,17.6,2.5
2015,9,29,0,10.9,4.3,16.7,20.1,13.4,4.4
2015,9,30,0,7.3,6,13.4,18.1,11.6,3.6
2015,10,1,4,0.9,10,14.7,21.9,16.7,5.6
2015,10,2,31,6.7,6.8,16.6,20.3,14.7,6
2015,10,3,0,7.7,4,14.5,20.1,12.9,5.9
2015,10,4,2,6.5,4.3,13.7,18.6,13.5,4.9
2015,10,5,0,7.5,6.8,12.9,16.6,10.8,4.7
2015,10,6,0,9.2,5.3,12.3,16.9,12.7,4.3
2015,10,7,0,9.4,3.3,14.5,17.8,12.5,4.3
2015,10,8,0,7.1,5,13,17.4,13,2.9
2015,10,9,0,9.1,7.3,14.9,19.7,13.2,3.9
2015,10,10,5.5,2,10,16.2,19,15.8,2.1
2015,10,11,4.5,0,10,15.8,18.3,13.7,5
2015,10,12,8,0.4,9,13.1,16,12.6,5
2015,10,13,4,3.3,7.5,14.6,17.2,12.4,5
2015,10,14,0,10.5,1.5,12.2,16.3,11.6,2.8
2015,10,15,0,9.3,3.8,10.9,15.8,11.1,3.6
2015,10,16,0,10.9,0.5,10.7,16.3,11.7,3.8
2015,10,17,0,9.3,1.5,12.1,17,14,4.1
2015,10,18,0,9.6,3.8,13.3,17.9,15.4,1.7
2015,10,19,0,10,5.8,14.4,18.2,15.2,3.4
2015,10,20,0,7,3.3,14.1,18.2,14.5,3.1
2015,10,21,0,9.8,1,13.7,18,13.9,3.6
2015,10,22,0,2.2,5,14.2,17.1,14.4,3.5
2015,10,23,0,8.2,3.8,12.7,16.6,13.6,2.5
2015,10,24,2,7.2,6.8,12.9,18.3,13.6,5.4
2015,10,25,0,7,5.3,9.8,13,7.7,3.9
2015,10,26,0,10,6,7.7,12.7,8.4,3.1
2015,10,27,2.5,8,4.5,9.5,19.1,10.3,5.6
2015,10,28,2.5,1.4,9.3,15,17.3,12.6,4.9
2015,10,29,2,0.8,9.5,12.6,15.1,9.7,4.4
2015,10,30,2,0.4,9.8,11.7,13.9,9.8,4.7
2015,10,31,7.5,1,9.5,9.1,10.7,9.7,2.7
2015,11,1,0,6.9,7.5,6.6,11.9,9.1,3.2
2015,11,2,13,0,10,11.2,12.9,12.4,3.2
2015,11,3,2.5,6.7,5,10.3,14.4,11.2,2.6
2015,11,4,0,10.1,0,8.8,14.4,10.2,2
2015,11,5,0,9.5,3.8,9.9,16.4,10.8,2.1
2015,11,6,0,9,6.3,12.9,17.5,13.2,3
2015,11,7,0,0.9,8.5,15.6,16.5,13.9,5.8
2015,11,8,14.5,0,10,14.9,17.6,17.3,2.7
2015,11,9,23.5,0,9.8,15.9,18.1,18.8,3.9
2015,11,10,2.5,0,10,12.2,14.4,13.2,4.2
2015,11,11,0,5.8,8.8,10.7,12.7,9.5,3.2
2015,11,12,0,9.7,4,7.6,12.4,9.2,4.1
2015,11,13,0.5,2.8,7.5,10.4,13.3,9.9,4.8
2015,11,14,17,0.1,10,12.2,15,15,2.7
2015,11,15,21,0,10,15.1,16.7,15.7,3.8
2015,11,16,0,6.1,9.3,12.2,15.5,13.4,2.7
2015,11,17,22,0,10,14.4,17,16.4,2.1
2015,11,18,16,0,10,11.2,14.3,14.5,6.7
2015,11,19,0,0,10,11.4,12.5,10.4,4.1
2015,11,20,0,3.2,7.5,11.9,13.8,11.3,2
2015,11,21,0,1.1,10,11.4,13.9,10.4,5
2015,11,22,0,2.3,10,11.3,13.4,10.4,5.2
2015,11,23,0,8.1,5.8,12.1,14.1,11.2,5
2015,11,24,1.5,0,9.5,7.9,12.5,11.1,5.4
2015,11,25,4.5,0,10,7.3,8.2,8.9,4.9
2015,11,26,21,0.3,10,7.5,9.1,9,6.6
2015,11,27,19.5,0.3,10,3.2,7.3,7.3,8.1
2015,11,28,30.5,0.1,10,6.4,8.1,8.8,4.7
2015,11,29,3,3.7,9.8,6.8,9,8.4,3.2
2015,11,30,13,3.4,7.8,4.8,10.2,8.8,3.8
2015,12,1,3,3,6,4.9,8.8,8.1,2.7
2015,12,2,0,7.2,6.8,2.9,9.7,7.7,1.9
2015,12,3,34.5,0,10,5.7,10.8,9.6,6.7
2015,12,4,24.5,0.1,10,4.6,8.2,6.9,11.6
2015,12,5,26,0,10,6.4,9.3,8.2,7.3
2015,12,6,0,3.6,8.3,5.3,8,6.7,3.8
2015,12,7,0,9.2,3.5,2.3,7.1,6.8,4
2015,12,8,0,9,0.3,5.5,8.6,7.2,3.9
2015,12,9,0,7.3,4.3,3.2,7.8,6.8,2.1
2015,12,10,3,0,10,5.6,10.5,9.3,2.5
2015,12,11,72.5,0,10,9.5,12.1,12.6,7
2015,12,12,0,7.5,3.5,7.6,10.1,8.2,4.6
2015,12,13,0,0.8,10,8.1,11.5,9.2,2.8
2015,12,14,0,3,7.3,8.3,10.9,9.4,3.8
2015,12,15,11,1.3,10,8,12.2,10.7,2.8
2015,12,16,16.5,0.1,10,7,10.6,9.6,5.8
2015,12,17,57,0.2,10,0.4,3.1,6.4,3.5
2015,12,18,2,0,9,2.4,4.7,6.3,2.8
2015,12,19,3.5,0.4,7.5,2.3,5.9,6,3.8
2015,12,20,0,8.1,5,0.5,5.7,5.5,2.6
2015,12,21,16.5,0,10,6.6,10.1,9.4,4.7
2015,12,22,0.5,3.9,5.5,3.5,8.1,8,3.2
2015,12,23,8.5,0,8.5,2.4,6.1,7.8,2.5
2015,12,24,0.5,1.1,10,7.7,10.8,11,2.4
2015,12,25,7.5,1,10,4.5,8.2,7.5,5.4
2015,12,26,13.5,0.6,9.8,4.2,7.2,7.1,6.8
2015,12,27,3.5,0,10,1.4,3.5,5.8,5.5
2015,12,28,3.5,0.3,10,1.3,4.1,5.9,3.1
2015,12,29,6,0.3,9.5,1.6,3.9,6.3,2.9
2015,12,30,7.5,4,9,1.8,5,6.7,2.8
2015,12,31,14,0.8,10,3.6,5.4,7.1,3.8
2016,1,1,0.5,5.7,7.3,3.1,5.6,5.8,2.8
2016,1,2,0.5,2.1,9.5,6.1,10.9,7,7
2016,1,3,0,7.6,5.8,7.9,12.6,8.6,5.5
2016,1,4,1.5,1.6,7.8,7.9,11.3,8.4,5.3
2016,1,5,3.5,0,10,6.5,9.1,7.6,4.1
2016,1,6,0,0.8,10,5.5,8,7.9,3
2016,1,7,19.5,0.4,10,3.4,5.2,7.6,2.5
2016,1,8,17,0,10,3.4,5,7.3,5.4
2016,1,9,14,3.1,9.5,1,4.8,6.7,4.4
2016,1,10,4,2,10,4.8,6.3,7,6.7
2016,1,11,2.5,1.8,10,2.2,3.6,6.7,4.6
2016,1,12,0,0,8.8,1.1,2.2,5.8,3.8
2016,1,13,14,0.4,10,1,3.3,5.6,5.2
2016,1,14,33,0.6,9.8,1.7,3.2,6.5,5.8
2016,1,15,5,1.4,10,2.3,3.8,6.4,4.2
2016,1,16,4.5,0.4,9.8,2.1,4.1,6.1,4.5
2016,1,17,0,2.7,9.3,1,4.2,5.9,4.5
2016,1,18,24.5,0,10,4.3,6.6,7.5,6.6
2016,1,19,13.5,0.5,10,-0.9,1.5,4.9,12.4
2016,1,20,6,1.8,9.8,0.7,3.8,5.7,7.7
2016,1,21,6,0.6,10,0.5,2.7,5.4,2.8
2016,1,22,6,0,10,0,1.1,5.4,2.7
2016,1,23,6.5,2.5,10,-0.5,2.3,5.1,4.1
2016,1,24,17,0,10,-4,-0.4,4.1,11.6
2016,1,25,4,1.9,9.5,-3.7,0.7,4.9,4.4
2016,1,26,0,6.6,8.3,-0.9,3.8,5,4.6
2016,1,27,1.5,0.7,9.5,3.4,6.2,6.1,6.6
2016,1,28,0.5,2.6,9.8,5.2,7.7,7.1,4
2016,1,29,22.5,0,10,3.3,4.7,7.5,7.3
2016,1,30,8,4.1,9,1,4.3,6.5,4.2
2016,1,31,5,5.2,8,2.4,5.7,6.2,2.8
2016,2,1,0,0.2,10,1.3,2.2,5.7,5.1
2016,2,2,1.5,0.2,9.8,1,2,5.5,3.4
2016,2,3,0.5,5.7,8.3,0.7,3,5.2,2.4
2016,2,4,11.5,3.3,7.3,0.8,4.7,5.6,5.4
2016,2,5,7.5,5.1,9,3.7,6,6.9,2.8
2016,2,6,22,4.3,9.5,0.8,3.8,6.4,4.2
2016,2,7,0,6.1,5.8,-0.7,1.5,4.8,3.7
2016,2,8,2,10,3,-1.8,4,4.2,3.5
2016,2,9,33,0.2,10,0.9,3.9,6.2,7.3
2016,2,10,2,5.1,8.5,1.4,3.9,4.4,4.9
2016,2,11,0,10.3,1.8,-0.1,4.4,4.8,4.3
2016,2,12,0,6.7,7.3,0.9,9.1,6.3,2.4
2016,2,13,5,0,10,9.2,13.3,12,2.6
2016,2,14,27,0,10,7.1,12.4,12.2,6.7
2016,2,15,22.5,0,10,-0.7,1.7,6.1,4.4
2016,2,16,34,0.2,10,-1.4,0.5,5.7,6.2
2016,2,17,30.5,0.1,10,0.3,1.5,6,4
2016,2,18,0,8.4,3.5,0.8,4.7,5.2,3.4
2016,2,19,0,2.9,7,2.4,8.5,6.2,5.6
2016,2,20,26.5,0,10,5.3,6.8,7.7,3.5
2016,2,21,3,3.9,8.5,3.1,6.7,6.1,7.2
2016,2,22,1,1.5,9.8,1.6,4.5,6,2.9
2016,2,23,3,0.9,9.8,4.2,6.9,6.5,5
2016,2,24,0,3.2,9.3,0.6,2.4,4.9,3.9
2016,2,25,3.5,7.4,8,-0.7,2.6,4.9,4
2016,2,26,13.5,0.4,10,0.5,2.3,5.7,4.5
2016,2,27,3,5.2,5.8,0.1,6,5.8,5
2016,2,28,0,9.7,3.3,2.5,8.1,6.3,2.3
2016,2,29,29,0,10,0.1,6,6.6,7.5
2016,3,1,3.5,1.7,9.5,-1.3,1.1,4.7,4.9
2016,3,2,5,2,7.8,0.4,4.1,5.7,5
2016,3,3,0,3.4,3.5,3.8,8.3,6.7,5.3
2016,3,4,0,10,3,1.7,8.3,6.6,3.3
2016,3,5,0,4.9,5,7.9,11.5,8.6,3.6
2016,3,6,0,4.7,7.5,8.3,16.2,9,5.4
2016,3,7,2.5,4.2,6,10,12.4,11,5
2016,3,8,0,1.5,10,9.6,11.4,10.8,3.4
2016,3,9,9.5,0,10,3,4.9,7.3,6
2016,3,10,0,1.3,10,1.9,4.6,5.3,4.5
2016,3,11,4,10.1,6.8,1.5,4.7,5.1,3.7
2016,3,12,0,5.1,4,1.6,4,5.9,3.6
2016,3,13,3,2.1,7.5,1.3,5.7,5.6,2.6
2016,3,14,7.5,0.2,9,2.8,5.1,7.2,3.9
2016,3,15,1.5,6,5,2.8,5.7,5.5,3
2016,3,16,0,7.4,5.8,1.2,8.3,5.2,3.2
2016,3,17,0,11.2,2.5,3,10.9,6.6,2.6
2016,3,18,3.5,4.6,8.8,5.9,12.8,8.6,3.4
2016,3,19,13.5,0,10,8.9,11.2,12.2,3.2
2016,3,20,0,1,10,6.4,8.6,7.4,3.8
2016,3,21,0,8.9,4.5,4.1,7.1,5,3.1
2016,3,22,0,11.2,3,2.4,9.6,5.7,4.5
2016,3,23,1,0.4,10,5.1,8.6,7,4.6
2016,3,24,0,4,7,3.1,5.8,5.9,3.3
2016,3,25,2,5.1,8.8,1.7,4.8,5.8,2.8
2016,3,26,0,9.4,6.3,2.8,7,5.6,3.1
2016,3,27,0,11.4,3.3,3.2,8.1,6,2.4
2016,3,28,0,8.4,2,5.6,9.5,7.1,2.6
2016,3,29,0,9.7,5.3,4.8,11.4,6.5,2.6
2016,3,30,0,0.6,5.5,8.4,13.9,8.3,5.5
2016,3,31,0,9.9,6.3,4.8,12.5,5.5,2.2
2016,4,1,0,10.3,3.8,8.7,14.8,7,5.1
2016,4,2,0,11.6,4.3,9.1,15.9,9.4,2.1
2016,4,3,1,2.5,10,12.9,17.8,11.4,3.6
2016,4,4,26,0,10,9.1,10.6,11.4,5.8
2016,4,5,0.5,8.2,6.3,8.9,11.3,9.4,3.3
2016,4,6,0,9.7,7.5,6.5,12.5,9.5,2.8
2016,4,7,45.5,0,10,10.1,13,13.1,5.1
2016,4,8,0,5.1,7.5,11.5,13.6,12,3.3
2016,4,9,0,11.3,6,9.1,16.8,7.9,4.7
2016,4,10,0,3.4,10,10.4,15.8,9.6,4.5
2016,4,11,9.5,6,8.5,3.5,7.3,5.7,4.9
2016,4,12,0,10.5,6.5,2.9,9.2,6.1,2.8
2016,4,13,28,5,8,8.4,15.1,10.8,3.9
2016,4,14,1,8.2,7.3,12.7,15.4,13.9,3.6
2016,4,15,0,9.6,1.3,8.7,11.5,8.1,4.1
2016,4,16,0,10.7,5,6.4,15.4,7.8,1.9
2016,4,17,1,7.2,8,14.9,19,10.2,8.7
2016,4,18,0,1.3,10,11.6,14.3,9.6,5.5
2016,4,19,0,8.9,4.3,7.4,12.5,8,5.2
2016,4,20,0,10.3,4.5,7,13.4,8.7,1.8
2016,4,21,28,0,10,12.6,14.9,11.6,2.9
2016,4,22,4,0,7.8,12.7,14.5,14.8,3.8
2016,4,23,0,7.9,8,11.3,15.6,12.4,3.7
2016,4,24,0,7.3,8.5,11.5,15.3,10.7,3.9
2016,4,25,0,8.6,7.5,10.8,15.8,10.8,3.5
2016,4,26,0,12.1,5,11.8,16.8,11.2,4
2016,4,27,3.5,7.1,10,12.6,15.6,11.8,6.2
2016,4,28,52.5,0,10,11.5,12.4,13.2,5.7
2016,4,29,0.5,8.8,5.8,9.1,11.7,8.7,4.7
2016,4,30,0,5.4,6,7.5,14.2,8.3,3.9
2016,5,1,0,3,7.5,12.4,17.2,11.7,5.6
2016,5,2,0,12,7.5,12,19.1,11,2.8
2016,5,3,0,4.2,8.3,14.6,22.2,10.4,3.4
2016,5,4,11.5,11.9,4,13.7,20.3,9.7,9.7
2016,5,5,0,10.6,7,14.3,17.9,9.9,7.3
2016,5,6,0,1.3,10,13.2,19.3,8.8,4.1
2016,5,7,0,3.3,9.8,14.4,18.8,14.8,6.9
2016,5,8,0,11.5,5.5,11.4,16.5,10.2,4.5
2016,5,9,0,0,10,13.1,17.5,12.8,2.8
2016,5,10,9.5,0,10,15.1,17.8,17.6,2.8
2016,5,11,11,0,10,13.8,16.5,16.4,6.6
2016,5,12,0,9.8,4,13.2,16,13.2,2.8
2016,5,13,0,10.9,4.8,13.5,18.9,14.1,3
2016,5,14,0,7.3,9.3,15.1,17.5,14.8,4.8
2016,5,15,0,12.6,9,14.1,21.5,14.7,2.6
2016,5,16,10,6.9,9.8,12.2,21.1,14.1,4.8
2016,5,17,6.5,6.8,5.3,11.6,15,13,2.9
2016,5,18,0,13.6,0,10.9,17.9,10.9,3.9
2016,5,19,0,10.4,7.5,13.5,19.5,13.1,2.7
2016,5,20,0,12.6,4.3,15.8,19.7,14.9,2.4
2016,5,21,0,13,3.3,15.2,18.7,15.6,3.1
2016,5,22,0,12.6,0,14.5,19.1,14.4,3
2016,5,23,0,11.2,4.8,15.5,20.5,14.2,3.1
